"gene_symbol","entrez_id","HR","CI_lower","CI_upper","p_value","FDR"
"ARNTL2",56938,1.76217790844693,1.43735007629608,2.16041382835585,5.03908378570012e-08,0.000321275185230287
"MET",4233,1.85547253943704,1.4900964566414,2.31043992438232,3.3028679274258e-08,0.000321275185230287
"TRIM67",440730,0.465173466885661,0.354063443932983,0.611151357199652,3.88488739939025e-08,0.000321275185230287
"ACTL6A",86,4.78846579216244,2.68995029810113,8.52409974225028,1.02061411874646e-07,0.0003390948019059
"CAMTA2",23125,0.270477892650283,0.166024839621827,0.44064665612193,1.51251995527917e-07,0.0003390948019059
"PWWP3A",84939,0.299339733857183,0.191035935832077,0.469044087833048,1.41113945715692e-07,0.0003390948019059
"SEC61A2",55176,0.319097325951907,0.208714381093654,0.487858588833739,1.33793362443723e-07,0.0003390948019059
"THSD1P1",374500,0.370469000744425,0.255555038460207,0.537055662606096,1.59557338691541e-07,0.0003390948019059
"USP20",10868,0.247725901328837,0.148195878828616,0.414101408718356,1.01956492323949e-07,0.0003390948019059
"INSIG2",51141,2.52796411175701,1.77765288162405,3.59496649564847,2.44128397619713e-07,0.000389120321772687
"TLE2",7089,0.549731415054461,0.438238364959842,0.689589622591516,2.29557037543749e-07,0.000389120321772687
"CASKIN2",57513,0.366682198927422,0.248569426787688,0.540918634877383,4.2403410879909e-07,0.000524779612509128
"GMPS",8833,3.19853300176647,2.03714081229528,5.02204526149679,4.38985402841326e-07,0.000524779612509128
"SLC26A11",284129,0.513872912702845,0.397088098048169,0.66500449574712,4.16321665676225e-07,0.000524779612509128
"SPRN",503542,0.507551817243044,0.390615436347359,0.659494795176592,3.86367236161273e-07,0.000524779612509128
"ZNF18",7566,0.371626773530636,0.252751123633447,0.546412838128783,4.83154461420626e-07,0.000543605610799548
"ARMC10",83787,4.34196718203134,2.44353865314263,7.71531851382453,5.55634829252211e-07,0.000555193854304064
"KPNA4",3840,4.3568422832793,2.43614006068308,7.79186508514947,6.97714202334083e-07,0.000555193854304064
"MRPL3",11222,4.24830521492303,2.40208288729044,7.51351974348418,6.61620441741023e-07,0.000555193854304064
"PDCD10",11235,4.52188030688146,2.49385913667134,8.19910042595846,6.70605960926785e-07,0.000555193854304064
"SFXN5",94097,0.376648216999676,0.257004740654585,0.551989348553305,5.52599208211079e-07,0.000555193854304064
"SGSM2",9905,0.511433869649439,0.392227713778068,0.666869254355134,7.33297869348423e-07,0.000555193854304064
"SMC4",10051,2.87910950505654,1.89244293633119,4.3801962970556,7.83721130663968e-07,0.000555193854304064
"TMCO5A",145942,2.34469645848099,1.67271970028421,3.28662446043961,7.58627387207232e-07,0.000555193854304064
"C9orf45",81571,0.554209861459968,0.438299781699467,0.700772812043247,8.21987461307497e-07,0.000561505506158161
"CKAP2L",150468,1.72568340081287,1.38833238920723,2.14500736494492,8.81767288360512e-07,0.000581571135326604
"SUGT1P4-STRA6LP-CCDC180",57653,0.505547814823114,0.385011726949398,0.663820281780706,9.17862148105852e-07,0.000585198310227354
"NAA50",80218,3.72817310481258,2.2026173404661,6.31034471766514,9.5448263557789e-07,0.000588915786151558
"RHOF",54509,1.67630319820303,1.36137007142199,2.06409151434526,1.14188813015072e-06,0.000682527945793528
"ANLN",54443,1.58267070280726,1.31277145223373,1.90805989059431,1.48903299102172e-06,0.000863052546038557
"CDK6",1021,2.11081587126752,1.55534549056964,2.86466490526361,1.62788480190949e-06,0.00091578095900361
"IRGQ",126298,0.327810119229861,0.207459464001909,0.517978173647007,1.7693135024126e-06,0.000955542122207554
"ARMC5",79798,0.476202833088679,0.350491918597485,0.647002473406847,2.09356446395415e-06,0.000976673353708561
"KIF23",9493,1.71223386423305,1.37220085091166,2.13652746526039,1.92368243209951e-06,0.000976673353708561
"MICAL1",64780,0.412876273583398,0.286608262640778,0.594772864248401,2.0369720151397e-06,0.000976673353708561
"POMT1",10585,0.435010507435948,0.308491320933151,0.613418040440389,2.06418629457962e-06,0.000976673353708561
"TBC1D13",54662,0.316310683381318,0.196671894807111,0.508727739259768,2.05897781743145e-06,0.000976673353708561
"LAMA3",3909,1.49298894288584,1.26461459311816,1.76260498313822,2.22698427635403e-06,0.000978513019512926
"SAMD9",54809,1.7657646852554,1.39533319904345,2.23453790523478,2.21150768375633e-06,0.000978513019512926
"SLC43A2",124935,0.493059627673998,0.367817615003744,0.660946584734791,2.25098409884293e-06,0.000978513019512926
"ARF6",382,3.40625721144126,2.04171775974215,5.68275812615789,2.68775116517875e-06,0.000996472040103299
"DNAH6",1768,0.592936245453577,0.47653688167139,0.737767431430464,2.76582884615407e-06,0.000996472040103299
"ECT2",1894,1.85091084463601,1.43245869183566,2.39160191795898,2.49613195066391e-06,0.000996472040103299
"LDHA",3939,2.12969202672282,1.55539834517802,2.91602993069124,2.41635298870263e-06,0.000996472040103299
"TUBA3FP",113691,0.633866375927951,0.524262508894895,0.766384350807327,2.5153377898964e-06,0.000996472040103299
"SEPT7P2",641977,0.422676767550807,0.294792278058456,0.606039109992468,2.81327391465353e-06,0.000996472040103299
"TMOD3",29766,2.49085964423744,1.70045086920829,3.64866864408695,2.78916723646831e-06,0.000996472040103299
"ZMAT1",84460,0.680181895170523,0.578955273913872,0.799107342766152,2.7622818112343e-06,0.000996472040103299
"NEURL4",84461,0.374614914593275,0.248235153366202,0.565336264153929,2.92087212830679e-06,0.000997634307109358
"WDR37",22884,0.354114360636509,0.229249221112426,0.546989777328436,2.87531506768588e-06,0.000997634307109358
"TNFSF10",8743,1.8345807561422,1.42192304601611,2.36699627327734,3.04703201149743e-06,0.00102246633831423
"MXD4",10608,0.38511986583613,0.257771365272021,0.57538319240821,3.1891965308082e-06,0.00105172003525463
"ARHGAP11A",9824,1.96343170163327,1.47748380217599,2.60920900878975,3.31184710823517e-06,0.00105576166065357
"FAM111B",374393,1.86004805828388,1.4322332824209,2.41565310734684,3.25831938769453e-06,0.00105576166065357
"DEPDC1",55635,1.53504668883803,1.28044786930124,1.84026885701992,3.62667243136622e-06,0.00111381399047372
"NUSAP1",51203,1.94097441749043,1.46581067319486,2.57016936651237,3.66865067181703e-06,0.00111381399047372
"TSPYL2",64061,0.470451991537983,0.341922541694913,0.647295949676042,3.63154751990346e-06,0.00111381399047372
"C17orf68",80169,0.382523817824413,0.253867504046389,0.576381257430359,4.34754928861689e-06,0.00112200913903781
"CEP55",55165,1.70246782997503,1.35678046598071,2.13623116250045,4.33164881450648e-06,0.00112200913903781
"CTSL2",1515,1.41807544640859,1.22207001246789,1.64551781091982,4.17797930770512e-06,0.00112200913903781
"EFHC1",114327,0.389444557932058,0.260338074033833,0.582577343962319,4.44652872961526e-06,0.00112200913903781
"EPS8",2059,2.11241191849349,1.53619418674568,2.9047656552108,4.19205645842465e-06,0.00112200913903781
"KATNAL2",83473,0.544576525111698,0.420075342759464,0.705977146277172,4.45580227205253e-06,0.00112200913903781
"KIAA0195",9772,0.266433943468158,0.151583990394249,0.46830173851055,4.29861885414166e-06,0.00112200913903781
"KIF20B",9585,1.96025809641557,1.46945985248653,2.61498250398646,4.7013456498872e-06,0.00112200913903781
"MCF2L",23263,0.516971250968722,0.389744230512597,0.68572990542198,4.70617235991254e-06,0.00112200913903781
"PI4KB",5298,0.179821850782086,0.0862907848773974,0.374731763822035,4.64833075055106e-06,0.00112200913903781
"RACGAP1",29127,2.08236541408203,1.52111019770506,2.85071109529555,4.70463012612279e-06,0.00112200913903781
"RNF167",26001,0.252938454922109,0.140374496760714,0.455765566073177,4.75154181325156e-06,0.00112200913903781
"SIAH2",6478,3.21907471190978,1.95970170221404,5.28776496399921,3.89489239628949e-06,0.00112200913903781
"UNK",85451,0.326858694888033,0.203308925084051,0.52548901323314,3.91197645082211e-06,0.00112200913903781
"ZNF324B",388569,0.327615157996043,0.20326768198814,0.528031267435,4.60120237080692e-06,0.00112200913903781
"ANO1",55107,1.66499426500201,1.3379023887328,2.07205392996966,4.91057058031771e-06,0.00113162028300888
"NCOA5",57727,0.409050779799048,0.278784545557308,0.60018585363016,4.88302128208989e-06,0.00113162028300888
"RALA",5898,2.43707532255236,1.66141278813323,3.57487083897262,5.18840981506236e-06,0.0011814132682464
"ANAPC2",29882,0.330789366854837,0.205327250242213,0.532913215830561,5.44715950235527e-06,0.00118912458272669
"ARNT2",9915,0.619297113419633,0.503557637334061,0.761638561814636,5.63970739008514e-06,0.00118912458272669
"ATP6V0A1",535,0.392533769639926,0.261691133900007,0.588796257677595,6.17259813921181e-06,0.00118912458272669
"DLGAP5",9787,1.64433716152614,1.32556439549711,2.03976865247792,6.08874744381149e-06,0.00118912458272669
"DTX3",196403,0.655399140090214,0.545656353783531,0.787213472091998,6.21699473376217e-06,0.00118912458272669
"FGD6",55785,1.82062997643105,1.4053252012291,2.35866652656645,5.73909432913858e-06,0.00118912458272669
"GNB3",2784,0.652844760295289,0.542611656141542,0.785472033674552,6.21463941197524e-06,0.00118912458272669
"INPP4B",8821,1.67797475250459,1.3407479320542,2.10002134087127,6.13906926069596e-06,0.00118912458272669
"PRC1",9055,1.78250358585168,1.38947892060402,2.28669826253491,5.41225247612632e-06,0.00118912458272669
"PRKCI",5584,1.88235925299423,1.43137083996771,2.47544260257036,6.00204044182294e-06,0.00118912458272669
"RALB",5899,2.94292275604864,1.84406879562808,4.69656792013504,6.01052661250099e-06,0.00118912458272669
"TPX2",22974,1.61389151066034,1.31279483740347,1.9840463520813,5.5396373214618e-06,0.00118912458272669
"ZFP3",124961,0.543473270037552,0.417810543163228,0.70693092857142,5.49176848317459e-06,0.00118912458272669
"ZNF79",7633,0.354177009754348,0.225992130739209,0.555069567370418,5.95784288588851e-06,0.00118912458272669
"NMD3",51068,3.38650580373816,1.99334868266175,5.75334443918675,6.45172177590394e-06,0.00122180279611599
"INCENP",3619,2.57861821777398,1.70760747543311,3.89391122298136,6.65244927185929e-06,0.00124746467865542
"TAOK2",9344,0.24384496227551,0.13188428613231,0.450852541806935,6.78438478797445e-06,0.00125985366834551
"GPR126",57211,1.53026535045893,1.27098651067291,1.84243658225405,7.07011867873153e-06,0.00128790628541046
"RARRES3",5920,1.51146930899182,1.26197599273926,1.81028758484174,7.19408865649397e-06,0.0012981257899317
"C15orf37",283687,0.493303437941605,0.362260671445864,0.671749105178183,7.27144463233745e-06,0.00129982169610017
"ANXA2P1",303,1.75282354373724,1.37059952575344,2.24163974797134,7.75424407663269e-06,0.0013061766152666
"AP1S3",130340,1.68739667362648,1.34177313284694,2.12204840331269,7.67550914536517e-06,0.0013061766152666
"B3GNT8",374907,0.607762892567893,0.488661494942159,0.75589285713255,7.65091770826945e-06,0.0013061766152666
"CHMP2B",25978,2.53844418781052,1.68708609619839,3.81942504840089,7.85827630818694e-06,0.0013061766152666
"CSNK1D",1453,0.253738629156367,0.139017427380342,0.463131084637353,7.9216023093494e-06,0.0013061766152666
"EXOG",9941,0.42243977518979,0.289695271417714,0.616010619673126,7.55907946126573e-06,0.0013061766152666
"REEP3",221035,2.22706363170038,1.56835565814451,3.16242836494773,7.62838840976867e-06,0.0013061766152666
"TMEM8B",51754,0.428853808612212,0.295902735780282,0.621540685239772,7.75999842664979e-06,0.0013061766152666
"CDK1",983,1.80434247435322,1.39247146861131,2.33803840017054,8.03430514927041e-06,0.00131343721871876
"CIRBP",1153,0.477350197403372,0.344869141211086,0.660723688297669,8.25234173821286e-06,0.00131573842635738
"PEX13",5194,3.12488243952489,1.89418335212604,5.15519801707203,8.16083090485152e-06,0.00131573842635738
"RAB10",10890,3.71896869990583,2.08767090831258,6.62495613451756,8.25475041370242e-06,0.00131573842635738
"CYB561D1",284613,0.457933286189713,0.324640907004288,0.645953390580379,8.58969696475337e-06,0.0013569136033984
"IRF2BP1",26145,0.493181062800708,0.361195444815457,0.673395980476738,8.65496207531785e-06,0.0013569136033984
"RANBP3",8498,0.232832516967151,0.122460717598104,0.442680575620747,8.75868889461465e-06,0.00136201172753898
"MRPS22",56945,3.53995643793974,2.02700607949992,6.18216773459435,8.84148780269039e-06,0.00136379949356499
"ASAP2",8853,1.93418683051197,1.44551060359519,2.58806727949374,9.00644119379075e-06,0.00137812960570909
"C9orf130",100128782,0.581106804643578,0.456981579100745,0.738946893806029,9.52975945261204e-06,0.00139691646382208
"CDCA5",113130,1.64158221626354,1.31709396058121,2.04601361285079,1.02829538755377e-05,0.00139691646382208
"CENPE",1062,1.73968710425355,1.36185168881179,2.22235008817055,9.3322276612112e-06,0.00139691646382208
"CRTC1",23373,0.477359099649749,0.34379095846812,0.662820543721628,1.00714791472311e-05,0.00139691646382208
"LINC00957",255031,0.522410285383147,0.39151995513973,0.697058994545249,1.02233713132276e-05,0.00139691646382208
"KIF11",3832,1.85558897071266,1.41043290998541,2.44124368047119,1.00001442321058e-05,0.00139691646382208
"LINC01003",100128822,0.436922872648418,0.302978852605613,0.630082248320619,9.29848846222353e-06,0.00139691646382208
"MMP28",79148,1.47080617973377,1.2396617508305,1.74504925790747,9.7431063248371e-06,0.00139691646382208
"MYOF",26509,1.92827610521738,1.44062876982805,2.58099020082468,1.01354456778236e-05,0.00139691646382208
"PNPLA6",10908,0.382506558247557,0.249908563767588,0.585459197142435,9.64006724197385e-06,0.00139691646382208
"RIPK2",8767,2.03427281100967,1.48497392705444,2.78675995195537,9.77050016843377e-06,0.00139691646382208
"SAFB2",9667,0.245683852174902,0.131781477044218,0.458035200191646,1.00177556350981e-05,0.00139691646382208
"SOBP",55084,0.640251534299448,0.52547333267886,0.780100533519021,9.70636486570366e-06,0.00139691646382208
"VPS53",55275,0.249956139056415,0.134990338292047,0.462833653448742,1.02977582160774e-05,0.00139691646382208
"COMMD2",51122,4.33830884144685,2.25848015101537,8.33344654161092,1.05287181176782e-05,0.00141818867209036
"CAV2",858,1.70760891530506,1.3446556332058,2.16853158208058,1.13902411046545e-05,0.00150249063178432
"KIF18A",81930,1.5274416276844,1.26395266547432,1.84585862248856,1.161883143275e-05,0.00152214649872746
"DCUN1D2",55208,0.451207526725887,0.315993703445681,0.644279395298421,1.19268276957179e-05,0.00155186689344215
"MAGED2",10916,0.310234089956639,0.183572039560066,0.524291121904387,1.23198138741986e-05,0.00156770260828726
"RAB27B",5874,1.44701611706783,1.22611810416419,1.70771121961484,1.23147293649995e-05,0.00156770260828726
"TBKBP1",9755,0.48978746612837,0.355686192800396,0.674447776810588,1.22606107077729e-05,0.00156770260828726
"ING5",84289,0.447079094258633,0.311524417232114,0.64161813799074,1.25650884105207e-05,0.00157137944558928
"C1orf129",80133,1.80961368143962,1.38629540081521,2.3621961626128,1.28653091249742e-05,0.00157740235662424
"CENPA",1058,1.51747242960012,1.2582476151622,1.83010287231871,1.28004714689013e-05,0.00157740235662424
"FAM196B",100131897,1.42879499504958,1.21722292156752,1.67714155041525,1.27689273986361e-05,0.00157740235662424
"KLHL22",84861,0.463998291866744,0.328462009923043,0.655462148897213,1.32139374708038e-05,0.00158729311459849
"REM2",161253,0.668053320980424,0.55719280478008,0.800970931146755,1.31797972918782e-05,0.00158729311459849
"TOP2A",7153,1.66323504123476,1.32289221338865,2.09113847250264,1.32779264043372e-05,0.00158729311459849
"FAM73B",84895,0.457042267938117,0.321139876471404,0.65045685692234,1.37019220479838e-05,0.00161734033007493
"KIF20A",10112,1.69690005560552,1.33675736850021,2.15407063882106,1.39520653768162e-05,0.00161734033007493
"PPP2R3A",5523,2.05863391650891,1.48635732948372,2.85124816094719,1.39374701805751e-05,0.00161734033007493
"RBM10",8241,0.31265808157577,0.185080320110492,0.528176501511784,1.38586656239566e-05,0.00161734033007493
"TMEM104",54868,0.390745142558131,0.255824979127413,0.596821182018867,1.37192433856229e-05,0.00161734033007493
"ABCA5",23461,0.586910858389511,0.461422199626982,0.746527488217905,1.41403131064548e-05,0.00161953154962372
"CCDC106",29903,0.665457193812095,0.553575725293935,0.799950678041627,1.44728331576032e-05,0.0016379992887898
"ZNF596",169270,0.516915720719123,0.383633307977485,0.696503293041105,1.44285511812655e-05,0.0016379992887898
"ANXA2P2",304,1.8540701169817,1.4022573235489,2.45145875935562,1.47469152034304e-05,0.0016568272819885
"ATL3",25923,2.0731240412159,1.48670891573481,2.89084382610509,1.72638240262243e-05,0.0016568272819885
"BFAR",51283,3.00962301846654,1.82471236050936,4.96397728722307,1.59135901778743e-05,0.0016568272819885
"BRF1",2972,0.487432161587692,0.351376580882131,0.676169457718496,1.68272682254001e-05,0.0016568272819885
"C15orf23",90417,2.17545417385808,1.52913505360045,3.09495283063019,1.55218276912525e-05,0.0016568272819885
"C21orf2",755,0.595375992922643,0.470314949210997,0.75369191122521,1.62923422099645e-05,0.0016568272819885
"CAST",831,2.33553038841536,1.58518975095077,3.44104053911524,1.78687209328171e-05,0.0016568272819885
"CBX7",23492,0.493317572138957,0.358136949398718,0.679522812124413,1.52776602115175e-05,0.0016568272819885
"CD2AP",23607,2.14029667671956,1.51160245273074,3.03047263260346,1.79896999286833e-05,0.0016568272819885
"CTNND1",1500,2.55150646179351,1.66826600999381,3.90236640054677,1.55526868522161e-05,0.0016568272819885
"DSG2",1829,1.76255668308269,1.36076781507047,2.28298026061012,1.75751704361242e-05,0.0016568272819885
"EXOC7",23265,0.310120889258561,0.182156316140136,0.527980407116557,1.61358459395715e-05,0.0016568272819885
"HFM1",164045,0.704763225912462,0.601080846914199,0.826330113741655,1.63637390637882e-05,0.0016568272819885
"HMMR",3161,1.63768234350182,1.30810604893518,2.05029512737198,1.68759832711303e-05,0.0016568272819885
"ITGB6",3694,1.44321731431344,1.22181745193263,1.70473601685708,1.57613707156139e-05,0.0016568272819885
"KCTD2",23510,0.369682606284045,0.234801094705975,0.582046815242068,1.73217582240698e-05,0.0016568272819885
"LINC01089",338799,0.683517301824589,0.57445390534456,0.813287014931756,1.78520302359491e-05,0.0016568272819885
"LINC00999",399744,0.587905932191414,0.462226893548248,0.747756978077645,1.49964631187405e-05,0.0016568272819885
"LRP3",4037,0.653650201658156,0.538912052291015,0.792816906416163,1.57882125077034e-05,0.0016568272819885
"LRRC37A3",374819,0.574809381582386,0.446754075440881,0.73956980656318,1.66164662538655e-05,0.0016568272819885
"LRRC8E",80131,1.71311628510267,1.33953939672466,2.19087800885874,1.7937259334619e-05,0.0016568272819885
"LRSAM1",90678,0.402160083697277,0.26535456870598,0.609496696092708,1.7554410786273e-05,0.0016568272819885
"NCAPG",64151,1.60805023720679,1.29507466796664,1.99666137354129,1.69823879284578e-05,0.0016568272819885
"PRRT1",80863,0.622436489858123,0.501730765237774,0.772181438232708,1.62896093257562e-05,0.0016568272819885
"RAB11FIP3",9727,0.444176913728089,0.3072393241785,0.642148042788908,1.5944088577347e-05,0.0016568272819885
"RBM5",10181,0.386473896418764,0.250715447517766,0.595743397911362,1.66377144848347e-05,0.0016568272819885
"SAPS2",9701,0.412153847806448,0.275021658521875,0.617663333043092,1.7527390773959e-05,0.0016568272819885
"SLC25A11",8402,0.302193984061159,0.174880775155255,0.522191212394176,1.80174661292209e-05,0.0016568272819885
"STK3",6788,2.73052762708458,1.73203093098889,4.30464663700624,1.5248183126135e-05,0.0016568272819885
"TGFA",7039,1.60073704448953,1.29190870256504,1.98339021984573,1.69308320202145e-05,0.0016568272819885
"TMEM175",84286,0.551809958326879,0.421142355072151,0.723019725851477,1.61633248657015e-05,0.0016568272819885
"YWHAZ",7534,2.20117117799144,1.53933051461484,3.1475726030368,1.5332788654672e-05,0.0016568272819885
"ZNF185",7739,1.50523536634804,1.2492281708323,1.81370670387249,1.71189938902854e-05,0.0016568272819885
"EFNB2",1948,1.87646602623258,1.40707860085776,2.50243642782898,1.8262627451084e-05,0.00167133624524824
"DPH1",1801,0.418770495643386,0.281092621756576,0.623882359222063,1.87226821403163e-05,0.00168919217593316
"SMG6",23293,0.330121111983908,0.198748571371481,0.54833072673412,1.86123310252121e-05,0.00168919217593316
"UHRF1",29128,1.6382073106107,1.30675234006099,2.05373513424364,1.87203272628959e-05,0.00168919217593316
"ASPH",444,1.70934493675055,1.33694529797654,2.18547469161002,1.90121803890689e-05,0.00168952303607353
"MCOLN1",57192,0.400945004783093,0.263745814444251,0.60951449485275,1.89632450867291e-05,0.00168952303607353
"SPEF2",79925,0.607583923789413,0.483509733989049,0.763496985679509,1.90796766765244e-05,0.00168952303607353
"TES",26136,2.21368504151199,1.53814806472813,3.18591010539685,1.88648955994634e-05,0.00168952303607353
"SLC25A5-AS1",100303728,0.555026894170496,0.423618944071814,0.727198010295601,1.94733034444076e-05,0.00171087715490493
"PHLDB3",653583,0.519383710435902,0.384513701175745,0.701560016824652,1.94997239383738e-05,0.00171087715490493
"NCK1",4690,2.54211344084115,1.65609314383208,3.90216019562272,1.97950479316894e-05,0.00172112666841161
"CLDN1",9076,1.50411656040014,1.24679868028482,1.8145404410864,2.00660196051086e-05,0.00172884124768879
"CNBP",7555,5.43094962618332,2.49519359682061,11.8208117717694,2.00607176281528e-05,0.00172884124768879
"ABHD8",79575,0.555459332604561,0.423787396156068,0.728042110209149,2.05172854870588e-05,0.00173624762745815
"BUB1B",701,1.71361420174335,1.33726200464742,2.19588504138403,2.07214538941175e-05,0.00173624762745815
"KIAA1908",114796,0.597012711920716,0.470801239601642,0.757058708036767,2.07442871480315e-05,0.00173624762745815
"KIF14",9928,1.59172070496573,1.28484998006559,1.97188375446546,2.10304862475757e-05,0.00173624762745815
"POLQ",10721,1.57194805779567,1.27633783238394,1.9360240163,2.08522105996638e-05,0.00173624762745815
"RAB9A",9367,3.95139806619965,2.09951362745555,7.43674462189071,2.05504095251527e-05,0.00173624762745815
"TTK",7272,1.47432277189021,1.23279421124091,1.76317151386207,2.1130400175842e-05,0.00173624762745815
"ZDHHC5",25921,5.16405747006916,2.42307516340487,11.0056386021077,2.11505043758953e-05,0.00173624762745815
"PELP1",27043,0.336346972587649,0.203528314071007,0.555840530027721,2.1251421137602e-05,0.00173707663290134
"SGOL1",151648,1.55557014282464,1.26875833192284,1.90721779582736,2.14566992436024e-05,0.00174639270822291
"SP1",6667,2.96805763376844,1.79571585832703,4.9057684023453,2.20286381956167e-05,0.00178534645240492
"B3GNT5",84002,1.78901770309925,1.36695447525357,2.34139790310779,2.26722239634235e-05,0.00181444195710628
"LAMC2",3918,1.42471500884994,1.20954472797465,1.67816270824572,2.2617270019177e-05,0.00181444195710628
"C10orf111",221060,0.553250080659187,0.420686747139857,0.727585677063508,2.28058185432735e-05,0.00181752871365497
"FLNB",2317,1.57740448541888,1.27728121282041,1.94804784228003,2.30828207632528e-05,0.00182440129230883
"SAFB",6294,0.264820311976448,0.143139550021873,0.489940045393369,2.30700294379492e-05,0.00182440129230883
"ZNF814",730051,0.49991056062111,0.362572962446419,0.689269731902427,2.33034220097327e-05,0.00183425741884838
"ANXA2",302,1.78944350286642,1.36614100094058,2.34390743543033,2.38459306435317e-05,0.00185398458259497
"B4GAT1",11041,0.459938237243129,0.320802653111501,0.659418430697302,2.38624372281022e-05,0.00185398458259497
"DEF8",54849,0.444889360689757,0.305534258127374,0.647804748534703,2.39417677576702e-05,0.00185398458259497
"ERCC6L",54821,1.6043241507231,1.28855606917157,1.9974730181886,2.36804406155797e-05,0.00185398458259497
"RPE",6120,2.1700227771083,1.51458868127282,3.10909417942534,2.41389005384572e-05,0.00186171270402851
"HRH1",3269,1.77513757331933,1.35977298070348,2.31738198135091,2.44724791795292e-05,0.00187234043706742
"PITPNA",5306,0.229660080496115,0.115852151962681,0.455267784671556,2.5116068957728e-05,0.00191392450579468
"ATP2A3",489,0.67284159740008,0.559494152757757,0.80915200446769,2.55499166008204e-05,0.00193766095711047
"CCNB2",9133,1.50713913797744,1.24508189901917,1.82435258516951,2.56301679379384e-05,0.00193766095711047
"ANKRD57",65124,1.94689791848047,1.42719056905894,2.65585520753748,2.6098964076546e-05,0.00193893296154432
"ASPM",259266,1.57722422276486,1.27460178827881,1.95169681366559,2.76180436060579e-05,0.00193893296154432
"BUB1",699,1.64053078474483,1.30218280800544,2.06679218858511,2.66334369486809e-05,0.00193893296154432
"C11orf82",220042,1.63700431384972,1.29983308910392,2.06163633317718,2.80799095701248e-05,0.00193893296154432
"C2orf81",388963,0.569658412312615,0.43789219791216,0.741074420292881,2.75844797094599e-05,0.00193893296154432
"CACNA1H",8912,0.638251232588201,0.51760642151328,0.787016194098561,2.6635984562402e-05,0.00193893296154432
"FNDC3B",64778,1.95428172043854,1.42911400051475,2.67243693747636,2.71645453509794e-05,0.00193893296154432
"HSBP1L1",440498,1.64399356705962,1.30296044850349,2.07428771275262,2.77777773106819e-05,0.00193893296154432
"LPHN1",22859,0.600658170804089,0.473406013161645,0.762115875428311,2.7117536749817e-05,0.00193893296154432
"NFE2L3",9603,1.60219553790338,1.28512021464357,1.99750226665717,2.79579539479324e-05,0.00193893296154432
"NUP37",79023,2.77221781337603,1.72083006818216,4.46597938221629,2.77644124817364e-05,0.00193893296154432
"PKD1",5310,0.544928360452273,0.410228686657348,0.723857028246378,2.78136331544401e-05,0.00193893296154432
"RBM14",10432,0.214423544954963,0.104514277381142,0.439915557789131,2.67387142146645e-05,0.00193893296154432
"RNF216",54476,0.294943981542158,0.166846980677072,0.521387632517673,2.66332292609987e-05,0.00193893296154432
"TCEAL6",158931,0.557765044172134,0.424677993978116,0.732559371834025,2.69899165049251e-05,0.00193893296154432
"U2AF1L4",199746,0.469096043152919,0.329228208132443,0.668384701754359,2.78627897211564e-05,0.00193893296154432
"VAMP2",6844,0.454339893299006,0.314570901209677,0.656210532662587,2.60064088596827e-05,0.00193893296154432
"PATL1",219988,2.41448299501891,1.59787839474896,3.64841789737785,2.84935367257863e-05,0.00196041682357595
"NISCH",11188,0.448623408140326,0.308048845832725,0.653347561771843,2.92592361829557e-05,0.0019743139095628
"PNPLA7",375775,0.630996775296461,0.508411204647957,0.783139566544823,2.94180720565378e-05,0.0019743139095628
"RYK",6259,2.8784359328935,1.75301341156428,4.7263719519288,2.9343058110902e-05,0.0019743139095628
"ZWILCH",55055,2.04811370042428,1.46351885574888,2.86622185521429,2.90214136778336e-05,0.0019743139095628
"IRAK2",3656,1.55118508162889,1.26212376348117,1.90644945217683,3.01309038915056e-05,0.00199160574811155
"MCM4",4173,1.8216374085334,1.37440321314516,2.41440271416029,3.01276404192952e-05,0.00199160574811155
"MEGF8",1954,0.50454764277087,0.365870956764452,0.695787187036912,3.0196354208833e-05,0.00199160574811155
"PAK2",5062,2.50228864336004,1.62671743110618,3.84913097687212,2.98711943696973e-05,0.00199160574811155
"ACACB",32,0.606872698361433,0.479918741357527,0.767410063992724,3.03640586260564e-05,0.00199503480878627
"RUFY3",22902,0.466325397126451,0.325813209754348,0.667435725424082,3.04569542618074e-05,0.00199503480878627
"PTPN14",5784,1.71017734323021,1.32879861001985,2.20101565673241,3.07105017015281e-05,0.00200477735851579
"C7orf41",222166,0.522566994322777,0.385051625682579,0.709193898536229,3.10769429797998e-05,0.00200920985209066
"JMJD5",79831,0.480942197622358,0.34073850083304,0.678835520166715,3.1406289295552e-05,0.00200920985209066
"LIPH",200879,1.5374256826412,1.25560795661221,1.88249661623861,3.1385484030361e-05,0.00200920985209066
"LINC00265",349114,0.63988913430215,0.518616539334386,0.789519949987463,3.1230185594131e-05,0.00200920985209066
"ZNF821",55565,0.586842523222471,0.456653075111994,0.754148314839785,3.11674536753008e-05,0.00200920985209066
"PGPEP1",54858,0.519008328516866,0.381079911641781,0.706858684598104,3.16696861757091e-05,0.00201244547336474
"FBF1",85302,0.596892112284258,0.468019924654584,0.76125005568964,3.20775903231021e-05,0.00202491112247516
"OIP5",11339,1.50170267619261,1.23983747982926,1.81887623529062,3.19819413738097e-05,0.00202491112247516
"ARHGAP32",9743,1.96200862409758,1.42777100279539,2.69614513356589,3.24081158761447e-05,0.00203904615908888
"NT5E",4907,1.53136922342325,1.25220307225852,1.87277267593525,3.32166380530925e-05,0.00207742288657328
"KLHL29",114818,0.500313635301595,0.360698120585473,0.693970163366519,3.34879758935662e-05,0.00208639907138841
"MTMR4",9110,0.398291368875889,0.257704392289851,0.615573576808131,3.40920638972495e-05,0.00211050544120756
"P2RY2",5029,1.45268738383929,1.21751634439652,1.73328320796534,3.40955811853995e-05,0.00211050544120756
"NMI",9111,2.27493069182391,1.54206452601968,3.35609150283793,3.42486760171675e-05,0.00211314331025923
"GAN",8139,1.67447555597119,1.31196355954808,2.13715416647002,3.45420805683949e-05,0.00211808051915282
"RPAP2",79871,3.36226335811785,1.89402189214515,5.9686822714273,3.45501710658065e-05,0.00211808051915282
"FBXO9",26268,0.369634118199209,0.230714870612429,0.592200151530008,3.49472997781968e-05,0.00213084409756605
"PGS1",9489,0.417567098720019,0.276120376228166,0.631471984484673,3.49811808770711e-05,0.00213084409756605
"EIF2A",83939,3.61481793617177,1.96619957070766,6.64576928320975,3.53251739057711e-05,0.00213273363342003
"OAS1",4938,1.48723817697004,1.23223145595851,1.79501779827282,3.53467120716343e-05,0.00213273363342003
"ADAM9",8754,1.67773650438744,1.31257270666615,2.14449055953905,3.59948300293859e-05,0.00215149115380407
"NCBP2",22916,3.62521776400942,1.96804752386123,6.67778784665983,3.59259508928777e-05,0.00215149115380407
"ZFP91",80829,2.96809572106427,1.77100827500006,4.97433712408808,3.63770920579817e-05,0.00216755339499382
"ITGB5",3693,1.84700245084835,1.3801271516892,2.47181431744489,3.67507237906717e-05,0.00218301581970241
"CCNA2",890,1.73336051928497,1.33466121078821,2.25116206684502,3.7140990300656e-05,0.00218603854622615
"CDC20",991,1.41717304109386,1.20083234222717,1.67248945400512,3.70090233457795e-05,0.00218603854622615
"CDC6",990,1.58476572408184,1.27309325450882,1.97274032466192,3.77278999299831e-05,0.00218673194533572
"DDX60L",91351,1.85173112844054,1.38150564192892,2.48200808448967,3.75333729659613e-05,0.00218673194533572
"DGKZ",8525,0.481337661195295,0.339965774568756,0.681497848949203,3.76629889007321e-05,0.00218673194533572
"HJURP",55355,1.55019526471803,1.25860290525863,1.90934356556279,3.73457102163636e-05,0.00218673194533572
"NRIP2",83714,0.581532506909671,0.44938604569192,0.752537956695895,3.76320459826052e-05,0.00218673194533572
"PAQR5",54852,1.4385647915488,1.20996788260568,1.7103500755964,3.81176765324459e-05,0.00220237524235261
"SLC2A8",29988,0.476536863147204,0.334875983849726,0.678123821623712,3.82280849302592e-05,0.00220237524235261
"C7orf43",55262,0.437159426008979,0.294789420853223,0.648287727542483,3.85794512962294e-05,0.0022044924216193
"FANCB",2187,1.74935915584384,1.34029123151472,2.28327798032085,3.87010312717121e-05,0.0022044924216193
"GNAI3",2773,3.37265556406218,1.88997255609173,6.01850302912412,3.88411118359232e-05,0.0022044924216193
"UBE2L6",9246,2.08137265070382,1.46792641425867,2.9511779807339,3.87924419042462e-05,0.0022044924216193
"ZNF775",285971,0.553489012048056,0.417612245190742,0.733575439862903,3.86009740716443e-05,0.0022044924216193
"CASC5",57082,1.50255175178762,1.23750701844989,1.82436279806155,3.91990300059737e-05,0.00220517602036547
"PPP1R12C",54776,0.488100655546272,0.346810194139195,0.68695284617003,3.89763767679902e-05,0.00220517602036547
"TMEM139",135932,1.42797734085457,1.20497199186052,1.69225450862606,3.91984054943194e-05,0.00220517602036547
"INPP5K",51763,0.324843246485521,0.190037355938166,0.55527574705674,3.94553823683955e-05,0.00220707449256259
"NRAS",4893,2.40571249443084,1.58293783078431,3.6561464975495,3.9463558135432e-05,0.00220707449256259
"PERP",64065,1.66851891027002,1.30701966323316,2.1300026558453,3.97284845362681e-05,0.00220897303408488
"ZNF491",126069,0.638809599716677,0.515868623069497,0.791049671255554,3.97061591823062e-05,0.00220897303408488
"AMIGO3",386724,0.539386868255856,0.401627310229517,0.724398431671886,4.08307384439952e-05,0.00223134152633799
"CASP4",837,2.69944718506709,1.67983889106419,4.33792499014606,4.0752271866256e-05,0.00223134152633799
"PIK3CB",5291,2.75269734847585,1.69734667834344,4.46422807372578,4.05061953276516e-05,0.00223134152633799
"RAD51",5888,1.58486674646613,1.27207237882692,1.97457522532678,4.0377716417107e-05,0.00223134152633799
"DENND4B",9909,0.300415875296149,0.169083843921386,0.533757075997826,4.11727800207562e-05,0.00224153594841281
"KIAA0101",9768,1.54052842719119,1.2530368848698,1.89398082661449,4.12516680002775e-05,0.00224153594841281
"ATP2B1-AS1",338758,0.624391024541448,0.498426701559733,0.782189538216777,4.18830416300536e-05,0.00226298569846903
"ATOH8",84913,0.643537025651658,0.521138109233065,0.794683589718767,4.22125064099255e-05,0.00226797362388383
"TAP2",6891,1.87254145876856,1.38688590738019,2.52826241592622,4.22086359589598e-05,0.00226797362388383
"B4GALT5",9334,1.97705051544049,1.42648346460446,2.74011500139425,4.25863778911468e-05,0.00227527835174292
"HMGXB4",10042,3.12701664410396,1.81153391395422,5.39776430194411,4.25412072712372e-05,0.00227527835174292
"DEPDC1B",55789,1.45056321489625,1.21376456380212,1.73355995319138,4.30628595153584e-05,0.00228795364986183
"FLJ37453",729614,0.521156328907526,0.381374398987318,0.712171346271729,4.30536143256003e-05,0.00228795364986183
"FBXO31",79791,0.271400487790732,0.145112332671759,0.507594519479334,4.45218683571182e-05,0.00232348435668548
"GJB3",2707,1.4367043275945,1.20731787940271,1.70967345066566,4.45060119546482e-05,0.00232348435668548
"IGF2BP2",10644,1.55775158565615,1.25918761169782,1.92710758910847,4.44815144297332e-05,0.00232348435668548
"PPP1R3F",89801,0.557386774128956,0.42103875250921,0.73788936083048,4.43432133369568e-05,0.00232348435668548
"PTPN12",5782,2.44872776722487,1.5929703030063,3.7642055640722,4.45819396091165e-05,0.00232348435668548
"SLK",9748,1.84545856658716,1.3751603893821,2.47659643724919,4.45363865208805e-05,0.00232348435668548
"MKI67",4288,1.53914300568673,1.2511821627386,1.89337832851546,4.49718813049151e-05,0.0023374379720628
"LMNB1",4001,1.86276951432029,1.3815061348304,2.51168646739815,4.51965264015095e-05,0.00234274786038394
"CENPF",1063,1.59819723351365,1.27576292693508,2.00212307732365,4.53579448914367e-05,0.00234476057280679
"ERGIC2",51290,2.4932540171761,1.60702660962688,3.86820949754407,4.5633840992837e-05,0.00235033744059906
"MCM10",55388,1.49284499472068,1.23126040562155,1.81000393425108,4.57115871753464e-05,0.00235033744059906
"C2orf42",54980,0.335523078054388,0.19843141840798,0.567328182252029,4.60050030441526e-05,0.00235852721354341
"IQGAP1",8826,2.19141848462921,1.50227665410248,3.19669147600757,4.64874135779717e-05,0.00235852721354341
"ITGA3",3675,1.50215974570873,1.23504091954867,1.82705193480741,4.63865796129553e-05,0.00235852721354341
"PALB2",79728,2.56929994704428,1.63153702568144,4.04606338316141,4.64580816829113e-05,0.00235852721354341
"ZNF594",84622,0.59662607324652,0.46537038629362,0.764901854010478,4.618166079383e-05,0.00235852721354341
"C19orf63",284361,0.487086248867979,0.344434208429194,0.688819542397605,4.73523080767673e-05,0.00239605184281568
"CDCP1",64866,1.68060522639396,1.30854695922738,2.15845056768183,4.77770592348163e-05,0.00241116573082937
"FAM69B",138311,0.6433861359582,0.520162020601877,0.7958015071232,4.79106287962796e-05,0.0024115436762801
"LPCAT2",54947,1.59815963579522,1.27478900288311,2.00355840512321,4.80766184301738e-05,0.00241354719347489
"SOCS2",8835,0.577456922790579,0.443046666973792,0.752644185219636,4.86573582753668e-05,0.00243110272956158
"ZNF786",136051,0.46010914549283,0.316360380219115,0.669174899902181,4.86805220589787e-05,0.00243110272956158
"HDAC5",10014,0.465854080291071,0.322208841584272,0.673538389129147,4.88609054936619e-05,0.00243175813004208
"LMO7",4008,1.64105968129239,1.29193389542633,2.08453148191052,4.93432006979806e-05,0.00244504507707325
"EIF4G1",1981,3.4568233591592,1.89844948640591,6.29441437446481,4.98384632086042e-05,0.00245685640667777
"KIAA1609",57707,2.02474931433088,1.43993168900919,2.84708630081215,4.98200538202333e-05,0.00245685640667777
"PMPCA",23203,0.299866658835183,0.167547801817472,0.536682738332405,5.00150423223053e-05,0.00245922291644918
"MED22",6837,0.299767289053319,0.167371290944555,0.53689271964894,5.08592828457074e-05,0.00249148677575911
"NCAPH",23397,1.54878493605957,1.2533339648169,1.9138831672175,5.10220308150146e-05,0.00249148677575911
"TMEM48",55706,1.93794919858265,1.40705107965746,2.66916187378318,5.10619969727386e-05,0.00249148677575911
"REPIN1",29803,0.464866066973788,0.320856930445048,0.673510339714133,5.13415604309679e-05,0.00249691207879591
"UPF3A",65110,0.419109707436108,0.275097358707932,0.638511935164267,5.15576951998852e-05,0.00249691207879591
"BCAS3",54828,0.339626519041918,0.201280677241048,0.57306132917267,5.21288560911154e-05,0.00249891887332021
"TMEM41A",90407,2.31783993454908,1.54261022101537,3.48265679106826,5.19652980700119e-05,0.00249891887332021
"TPCN1",53373,0.412163579618362,0.268299058193924,0.633169633569997,5.20154578986956e-05,0.00249891887332021
"ANGEL1",23357,0.462360461456667,0.317884752492379,0.672499057102613,5.44781819691626e-05,0.00254147362566871
"BCL2L1",598,2.05776412335298,1.45001368979001,2.9202435929911,5.33475908219907e-05,0.00254147362566871
"GTSE1-DT",150384,0.609808214328335,0.479689537974589,0.775222365350007,5.36438542013149e-05,0.00254147362566871
"RND2",8153,0.685678079604575,0.570910104331487,0.823517442208787,5.4009343228922e-05,0.00254147362566871
"RPTOR",57521,0.35570666577882,0.215391229004053,0.587429825552945,5.37943210057313e-05,0.00254147362566871
"SGSH",6448,0.435637899231647,0.29097975549771,0.652211625246404,5.44499147483977e-05,0.00254147362566871
"TCEAL3",85012,0.521508170091655,0.380244454339389,0.715252433976584,5.36555757743122e-05,0.00254147362566871
"TNRC6C",57690,0.520837131064964,0.379504194241852,0.714804529730981,5.37617816998438e-05,0.00254147362566871
"WDR88",126248,0.593859634630733,0.461150486504614,0.764759608770834,5.38396979699951e-05,0.00254147362566871
"ZSCAN21",7589,0.351872191082783,0.21187384057979,0.584376242572386,5.44673654535797e-05,0.00254147362566871
"DIAPH3",81624,1.52957124862573,1.24383833339513,1.88094235545581,5.62205171707851e-05,0.00261098317972557
"IPO7",10527,2.54655244220629,1.61593802324846,4.01310523523073,5.62411810554156e-05,0.00261098317972557
"C16orf5",29965,0.59825672395154,0.465855961903061,0.768287060857035,5.69025479179807e-05,0.00262892520296429
"ZNF554",115196,0.461438158056661,0.316571695575603,0.672597003100909,5.74674790655622e-05,0.00264862764358315
"ZCCHC3",85364,0.332840231722674,0.194730038708801,0.568903598991563,5.76350796103905e-05,0.00264996674929793
"SHCBP1",79801,1.6316021782558,1.28525871729348,2.07127610361207,5.78440143880383e-05,0.00265319535539571
"GPR162",27239,0.703071613545239,0.592128383245011,0.834801552771656,5.80362814286952e-05,0.00265564582508769
"ZZEF1",23140,0.443408667690349,0.298259014020398,0.65919632715437,5.8249121462489e-05,0.00265902373797859
"HCFC1",3054,0.243767058574059,0.122435175263276,0.485337475264532,5.88205494659665e-05,0.00266602049676669
"RAB6A",5870,3.10508825481572,1.78668430520206,5.39634956333496,5.86711252057347e-05,0.00266602049676669
"RRM2",6241,1.53485840141514,1.24520929514371,1.89188301242383,5.93876550870627e-05,0.00268536094290839
"TYK2",7297,0.365370299779585,0.223459343682402,0.597403777175494,5.98184849404062e-05,0.00269846264494139
"EDC4",23644,0.299847413969659,0.166469824638594,0.540088702919483,6.02757734405061e-05,0.00270560099817658
"TOM1L2",146691,0.471023209149519,0.326050472976815,0.680455579566933,6.04010888388874e-05,0.00270560099817658
"ZER1",10444,0.350555815253135,0.210073946547122,0.584981534491356,6.01480320781105e-05,0.00270560099817658
"RASA4CP",401331,0.600950227288875,0.46854458962923,0.770772267297611,6.06298640039959e-05,0.00270950329159913
"ZNF222",7673,0.417946129058209,0.272767998870096,0.640393915409156,6.1514940775633e-05,0.00274264865318306
"GBP2",2634,2.00276677363881,1.42573650624542,2.81333523552293,6.1871365652799e-05,0.00275126292419904
"KRT19",3880,1.45399400441039,1.21062456039896,1.74628752299942,6.19958341783754e-05,0.00275126292419904
"SLC35F2",54733,1.69585541504254,1.30947246971148,2.19624746243253,6.23393632258393e-05,0.00276010416764034
"CENPI",2491,1.45698324779977,1.21165501776859,1.75198398326163,6.31330481067418e-05,0.00277482570783921
"KIAA1524",57650,1.72037451213031,1.31881493578614,2.24420302020871,6.32127147850267e-05,0.00277482570783921
"PRRG1",5638,1.79199984104087,1.34652717635254,2.38484858433317,6.32521570877761e-05,0.00277482570783921
"ASF1B",55723,1.61231130071122,1.27573327216388,2.03768905861629,6.37747390393133e-05,0.00278051567070919
"MYO1E",4643,1.9193571114441,1.39422179682508,2.64228527314668,6.39633447541194e-05,0.00278051567070919
"WDR5",11091,0.342772046638687,0.202800966258601,0.579349685183717,6.3777007078041e-05,0.00278051567070919
"ZNF324",25799,0.375826066472608,0.232611153214507,0.607216078371018,6.38778429815894e-05,0.00278051567070919
"CLSPN",63967,1.41574379855096,1.19363598144573,1.67918070022307,6.52714081551012e-05,0.00280154464332939
"FXR2",9513,0.291439406895933,0.159101371658614,0.533854152270311,6.54430472046144e-05,0.00280154464332939
"MED9",55090,0.353121167701701,0.211824309774619,0.588669729228376,6.54723927206691e-05,0.00280154464332939
"PBK",55872,1.48944678145477,1.22487359823918,1.81116787722025,6.5299569138631e-05,0.00280154464332939
"TBL1XR1",79718,3.45436238350496,1.88020945420557,6.34643095208551,6.48434339713797e-05,0.00280154464332939
"ZNF48",197407,0.319233838291837,0.182277996463182,0.559092405490225,6.50916483911062e-05,0.00280154464332939
"ZNF547",284306,0.619171012174147,0.489334320625582,0.783457701938097,6.54060339855881e-05,0.00280154464332939
"EML6",400954,0.692081616512802,0.577578028226883,0.829285292214791,6.64831381986566e-05,0.00281956315815012
"BORCS8",729991,0.405374418903241,0.260110520052931,0.631763834341263,6.64781566066558e-05,0.00281956315815012
"KLF3",51274,2.28029483951636,1.52066811406952,3.41938159090462,6.67369583231234e-05,0.00282406593328845
"C6orf122",401288,0.613042254277527,0.48189582236523,0.779879775020829,6.7670100137588e-05,0.00285723179984911
"AMIGO2",347902,1.47774947939406,1.21934605625832,1.79091367265373,6.82734837140028e-05,0.00287635886122848
"ARHGAP11B",89839,1.59780521311936,1.26855833517484,2.01250618775803,6.87705136133422e-05,0.00289093101952175
"KIF2C",11004,1.47464484606894,1.21787556607063,1.785549757808,6.91077305782002e-05,0.0028931271349806
"ZNF446",55663,0.466673931067904,0.320618479225576,0.679263897902607,6.91252732099197e-05,0.0028931271349806
"C3orf47",339942,0.691422510122934,0.57646740454819,0.829301160365494,6.96484333648732e-05,0.0029023215358822
"ERO1L",30001,1.45942441306273,1.21138387203103,1.75825323963777,6.96038070134895e-05,0.0029023215358822
"MAST3",23031,0.526718428092321,0.383920999548649,0.722628621039757,7.08481496348939e-05,0.00294589686536221
"SSBP4",170463,0.637806784617555,0.510886589331027,0.79625792299003,7.11415754425069e-05,0.00295168094032284
"CAB39",51719,2.44875636142314,1.57403358890002,3.8095805323956,7.13230647272021e-05,0.00295280575549176
"MARK1",4139,0.697499759138384,0.583746407022807,0.833419971660905,7.30987230865129e-05,0.00300679414295856
"SMAD3",4088,1.68073362520825,1.30034938594817,2.17238962807358,7.30798050370699e-05,0.00300679414295856
"CCDC68",80323,1.6187301494137,1.27535790591772,2.0545505575044,7.51118317853881e-05,0.0030763683223964
"METAP1",23173,3.46491953395815,1.87278264267696,6.41060372048508,7.53687036101356e-05,0.00307645658655136
"SNAPC4",6621,0.518212919382649,0.374210023877388,0.717630775981239,7.5757361440147e-05,0.00307645658655136
"TMEM87A",25963,2.65602658516345,1.63729984858913,4.3086043324159,7.57489937392378e-05,0.00307645658655136
"TMEM86B",255043,0.677626550715022,0.558800778228756,0.821719940493647,7.62025039745435e-05,0.00308797731678198
"NIP7",51388,2.73114955322362,1.65957893388472,4.49462073166552,7.7178196505163e-05,0.00312090351914218
"KLF5",688,1.48039136075269,1.21854987260402,1.79849723861353,7.80523161702256e-05,0.00313635851131913
"KIF4A",24137,1.5342861702003,1.24055709189067,1.8975620448715,7.87697550789502e-05,0.00313881063623975
"RAMP2-AS1",100190938,0.688909747139136,0.57258111614732,0.828872322749112,7.85136122131312e-05,0.00313881063623975
"MOCOS",55034,1.4607133917621,1.21027635797544,1.76297223259188,7.85371539168407e-05,0.00313881063623975
"ZNF248",57209,0.449428561234945,0.302166041419398,0.668460395830389,7.86578479765754e-05,0.00313881063623975
"C3orf62",375341,0.530179820777906,0.386897829518021,0.726524216251776,7.89801354838154e-05,0.00314065083450923
"DTX3L",151636,2.4796738083429,1.57948412577644,3.89290534512917,7.93670027175839e-05,0.00314948684850462
"KYNU",8942,1.47910181572975,1.21768970974181,1.79663354612639,7.98404538842508e-05,0.00315518256496708
"NEK2",4751,1.4740884579989,1.21535926919284,1.7878966632218,8.1264119759744e-05,0.00319473943247815
"TBC1D17",79735,0.44550074402892,0.297854097081486,0.666336017785326,8.27423583540515e-05,0.00322982262905703
"FBXL18",80028,0.496182771291027,0.349928561897942,0.703564582412819,8.37920053021556e-05,0.0032508918568242
"LY6G5C",80741,0.542375985315644,0.399856458336724,0.735693280210545,8.37690377728899e-05,0.0032508918568242
"ROD1",9991,2.41732660476281,1.55712484174288,3.7527292336776,8.37577233815868e-05,0.0032508918568242
"ARL6IP1",23204,1.91185389891708,1.38406446545184,2.64090685227667,8.42724563297593e-05,0.00325393080051736
"MRPL19",9801,4.39636326851359,2.10156136457765,9.1969762646545,8.42073447197386e-05,0.00325393080051736
"UCHL5",51377,2.79657663232271,1.67485263270408,4.66956955360695,8.43807014720873e-05,0.00325393080051736
"KCTD14",65987,1.46166626288824,1.2096435788075,1.76619650738102,8.45737905690815e-05,0.00325481467246443
"TSC1",7248,0.336970338530054,0.195862755135322,0.579737627864002,8.51878179607234e-05,0.00325933651511792
"ARHGAP42",143872,1.68280954896806,1.29771778468398,2.18217551729686,8.65203750531917e-05,0.00326597912668148
"IQCC",55721,0.474886978697691,0.327425461071918,0.688760250343166,8.65714130405975e-05,0.00326597912668148
"KIFC1",3833,1.51136455512669,1.22978334998475,1.85741888481546,8.62870411534205e-05,0.00326597912668148
"PCDH1",5097,1.75115396055519,1.32392744884361,2.31624489411911,8.62095658419616e-05,0.00326597912668148
"QRICH2",84074,0.650624415742708,0.525040403438286,0.806246771845432,8.55743534581884e-05,0.00326597912668148
"UBOX5",22888,0.394593432928184,0.24807544630119,0.627647675864734,8.60443015202555e-05,0.00326597912668148
"AMZ2P1",201283,0.469584464706408,0.321875373137729,0.685077479970016,8.75519403343142e-05,0.00328509836877282
"ESCO2",157570,1.51541322194052,1.23120186470545,1.86523209480481,8.75630849130622e-05,0.00328509836877282
"LRRC4B",94030,0.706637175278746,0.594042182537108,0.84057346795357,8.81451934432841e-05,0.00328509836877282
"PISD",23761,0.335893466580616,0.194693254243196,0.579498356684776,8.82804706200256e-05,0.00328509836877282
"INTS3",65123,0.335241052043734,0.19409725732205,0.57902190131886,8.86750037725365e-05,0.00328698991697152
"ARVCF",421,0.679032878810673,0.559488859092527,0.82411944940919,8.93453898211142e-05,0.00330366988839935
"ZNF76",7629,0.406929647099324,0.25945097283543,0.638239031747303,9.02387744011244e-05,0.00332562049705261
"JAG1",182,1.91210287109923,1.3822050792781,2.64514828116205,9.0466338355977e-05,0.00332759548795148
"ITGA2",3673,1.51297167174477,1.2296326812794,1.86159925183546,9.08420928614244e-05,0.00333500328245771
"CBX3",11335,2.78839618895457,1.66803948464791,4.66125255315375,9.1665539418239e-05,0.00335236476568386
"TATDN1",83940,1.92245972319313,1.38550027186879,2.66752122849803,9.18940253954111e-05,0.00335430729720998
"CTNNA1",1495,2.54755083357228,1.59411580207319,4.07123199029481,9.24868292205542e-05,0.00335672786053423
"STK11IP",114790,0.362102503229685,0.217600273216206,0.602564605766493,9.24838434487765e-05,0.00335672786053423
"ASPSCR1",79058,0.567640991549979,0.427316043695193,0.754046799884916,9.28940603236656e-05,0.00335876123215643
"C20orf46",55321,0.702977317634681,0.589106508406927,0.83885868184552,9.27611093299373e-05,0.00335876123215643
"NOVA2",4858,0.610773486939567,0.476945204399076,0.78215327234149,9.34143581401625e-05,0.00337120080782432
"C3orf71",646450,0.555363303970204,0.413361729913431,0.746146479165582,9.47880242697366e-05,0.00338880474805094
"CCDC6",8030,2.53649701740763,1.5895770363403,4.04750255711446,9.46984156704513e-05,0.00338880474805094
"DDX60",55601,1.51277329731369,1.22894832903501,1.86214749228902,9.43887869393638e-05,0.00338880474805094
"SAMD9L",219285,1.55842878560624,1.24721974164353,1.94729140240012,9.47331534107912e-05,0.00338880474805094
"SERPINB1",1992,1.64297294484041,1.28055064357311,2.10796824867898,9.43138898883917e-05,0.00338880474805094
"PLK1",5347,1.52415617322174,1.23323590642405,1.88370451125283,9.62088209780278e-05,0.00342042029525416
"ZNF764",92595,0.254565911619783,0.127998846238214,0.506284277267684,9.60693328500118e-05,0.00342042029525416
"C17orf86",654434,0.587768676342558,0.44998476145226,0.767741591458614,9.6489678844686e-05,0.00342404097822321
"APBA1",320,0.632108845439928,0.501855997977896,0.796167813263829,9.77464945742829e-05,0.00344832648150866
"CMTM7",112616,1.51050936271358,1.22753225972927,1.85871981510987,9.74239819881895e-05,0.00344832648150866
"FAM110B",90362,0.641556771273639,0.513158960700007,0.802081074849779,9.79367089008267e-05,0.00344832648150866
"MPZL2",10205,1.4346498912007,1.19640385913333,1.72033907665021,9.80702246821013e-05,0.00344832648150866
"ESRP1",54845,1.68087933590024,1.29429285891585,2.18293357828078,9.83935184277072e-05,0.00345316115039772
"LINC00653",100270804,0.660229191486564,0.535675832300562,0.813743236126476,9.93004083600011e-05,0.00347224663748033
"ZBTB48",3104,0.473637529373942,0.325048744493204,0.690150363697659,9.99711404717162e-05,0.00348932117482211
"CYB5D2",124936,0.528357912412395,0.383072816061131,0.728744175791987,0.000100765086652234,0.00350424329526776
"CRY2",1408,0.502476282075977,0.355114827370294,0.71098809339668,0.000101907247448204,0.00352093545730235
"LOC100272217",100272217,0.655140199965622,0.529321726820649,0.81086541485652,0.000101555820240578,0.00352093545730235
"TTC21A",199223,0.573643855970429,0.433426125737495,0.759223438441093,0.000101839993797376,0.00352093545730235
"TBL1X",6907,0.546088140711812,0.402439314269378,0.741011742273451,0.000102486177426116,0.00352563510005273
"TRIM16",10626,1.52828902396576,1.23371233336883,1.89320255427483,0.000103404963233476,0.00354449235083639
"DHX32",55760,2.63857158425336,1.61652673372563,4.30680165071179,0.000103936595505749,0.00354999153971155
"MGLL",11343,1.63826915969089,1.2766388471676,2.10233759183262,0.000104787451319136,0.0035697028540272
"SPATS2L",26010,2.30403686484303,1.51123619195679,3.51274400574142,0.000104886966276117,0.0035697028540272
"FAM117A",81558,0.549523778650258,0.405994404433476,0.743794446436853,0.000106011359407762,0.00358938041116443
"OAS3",4940,1.49997844734971,1.22198747744204,1.84120981928831,0.000105769502176936,0.00358938041116443
"UBE2O",63893,0.38743121606227,0.239871150361592,0.625764903170797,0.000106028124238401,0.00358938041116443
"AHI1",54806,0.465471335718643,0.316158992908374,0.685299388078735,0.000106711557763523,0.00360613421438674
"CD99L2",83692,0.577074422919594,0.436944640331287,0.762144351594505,0.000107147619486348,0.0036144841585809
"KIAA1683",80726,0.69198079929864,0.574275265429104,0.83381168478533,0.00010861066517942,0.00365738766353305
"GADD45G",10912,0.690315134103651,0.572157670939761,0.832873539193907,0.000109198688502145,0.00366272087462604
"NCEH1",57552,1.65858926387838,1.28359315249922,2.14313884496535,0.000109217437753247,0.00366272087462604
"PLA2G16",11145,1.52810017377584,1.23258611334491,1.89446409935363,0.000110152322427828,0.00366272087462604
"RFXAP",5994,0.499664793348229,0.351516451521522,0.710250984359524,0.000110300999831892,0.00366272087462604
"ZNF266",10781,0.502313120322514,0.354360025083049,0.712039883135819,0.000109844815826584,0.00366272087462604
"MRPS10",55173,2.35658438082453,1.52593902384965,3.63939178246832,0.000110707165642175,0.00366348781529044
"TMEM198",130612,0.64157673873028,0.512300480544253,0.803475162159692,0.000110702724701926,0.00366348781529044
"TUBA1C",84790,1.75142500471689,1.3181129858003,2.32718255581491,0.000111283719025774,0.00366464959064527
"PPFIBP1",8496,2.03724797864593,1.41984266156925,2.92312622999356,0.000112054762812396,0.00366998535669984
"LRRC1",55227,2.18488597759248,1.46953023684528,3.24847125658895,0.000112361805684495,0.00367140170271158
"ZSWIM7",125150,0.462481580736478,0.31270016418186,0.684007355992682,0.000112481905044648,0.00367140170271158
"BATF2",116071,1.5221628582756,1.22983909214298,1.88396984769481,0.000112728916921897,0.00367319590113307
"AHNAK",79026,1.83753050952153,1.34914603868595,2.50270784377882,0.000113482450920718,0.0036787543311029
"COG1",9382,0.377997146267467,0.230559398046558,0.619718145505811,0.000114814648538394,0.0036787543311029
"FAM53B",9679,0.520476744131659,0.373575864995293,0.725143315094261,0.000113657125727685,0.0036787543311029
"GIGYF1",64599,0.554165017650692,0.410523115703903,0.748067173419028,0.000115201192388626,0.0036787543311029
"KIF18B",146909,1.4575427636545,1.20362267735245,1.76503064278799,0.000114472396306562,0.0036787543311029
"LOC286367",286367,0.672758575623396,0.550002071106648,0.82291344860601,0.000115207499572888,0.0036787543311029
"NT5M",56953,0.640511156849144,0.510799825834988,0.803161084437723,0.000114071219451278,0.0036787543311029
"PSMB9",5698,1.65147211564687,1.27987082977595,2.13096516094251,0.000114659145540083,0.0036787543311029
"TFG",10342,2.47413918174176,1.56126645531177,3.92076872580178,0.000115019428130804,0.0036787543311029
"ZNF746",155061,0.346516967765979,0.202230613835443,0.593747932978309,0.000114671870968419,0.0036787543311029
"TPM4",7171,2.19003517453634,1.47023385783569,3.26223888815005,0.000115435947739413,0.00367990562068625
"C20orf160",140706,0.651146652511701,0.523525326409008,0.809878608902194,0.000115950445839886,0.00368402687305564
"IL15RA",3601,1.88747295633326,1.36650111317425,2.60706275797605,0.000115822147223719,0.00368402687305564
"AURKA",6790,1.53110959724234,1.2328408074721,1.90154039723468,0.000116471213249607,0.00368432523647921
"FAM123A",219287,0.618721048410623,0.484662722607872,0.789860077718556,0.000116537709419664,0.00368432523647921
"VPS26A",9559,2.94466296096433,1.69964046647075,5.1016906956095,0.000117351321311183,0.00369782326642339
"MASTL",84930,2.41437303256385,1.54160520342901,3.78125159892146,0.00011766654825314,0.00370033029327096
"BAT5",7920,0.365248572751542,0.218646580496995,0.610146838765092,0.000119523078939607,0.00370521544712781
"CAPN1",823,2.16162057706231,1.45970829447358,3.20105293425374,0.000119028577346981,0.00370521544712781
"DUSP28",285193,0.437722765017854,0.287391002758782,0.666691779407212,0.000118801113014564,0.00370521544712781
"GNA15",2769,1.4817789030535,1.21279124891611,1.81042592407946,0.000119290031765431,0.00370521544712781
"SLC25A44",9673,0.321393915353205,0.18026202547986,0.573021680806552,0.000119421058325259,0.00370521544712781
"SLC44A1",23446,1.96408005087678,1.39236087610749,2.77055360607126,0.000120190689316297,0.00371988238600777
"TM4SF1",4071,1.46855003799219,1.20731972285477,1.78630330745146,0.000120463333477227,0.00372229754348777
"FOXP4",116113,0.543230705427275,0.397982820519708,0.741488285684436,0.000120972021268277,0.00373198685612635
"LOC339047",339047,0.606975971554219,0.470415532467224,0.783179560657594,0.000123365038530262,0.00378748489882557
"EIF2AK2",5610,1.75997745908931,1.31857279085981,2.349146499893,0.000124490737110487,0.0037951327584274
"LHFPL1",340596,0.594796679256021,0.45616889343246,0.775552859362976,0.000124358942776438,0.0037951327584274
"PLS3",5358,2.19968415677844,1.47071439120785,3.28997283123631,0.000124015200968897,0.0037951327584274
"RXRA",6256,0.491503481953154,0.34194132121579,0.706482831361647,0.000124606230579412,0.0037951327584274
"CKLF",51192,1.91667911071692,1.37431974122362,2.67307432416549,0.000126357599726689,0.00382129604067707
"SNPH",9751,0.693042075511909,0.574568983512293,0.835943693816842,0.000126384872550857,0.00382129604067707
"PLCD3",113026,1.45170280130945,1.19954622396087,1.7568652055533,0.000128660163722592,0.00387540622286932
"ZFP36L1",677,1.92038953836895,1.37501240049309,2.68208197813663,0.000128985476659274,0.0038790962453804
"CKS2",1164,1.55427251057631,1.24002976398613,1.94814923584383,0.000129840410471116,0.00389256666313642
"MGC23284",197187,0.597434731520306,0.458906095388839,0.777780600460992,0.000129640524556633,0.00389256666313642
"RAB4B",53916,0.478011860446088,0.32746722320019,0.697765524421492,0.000130924974101958,0.00391893893528661
"PRPSAP2",5636,0.431092510802736,0.280077249496007,0.663533911464153,0.000131242401713214,0.00392230221495101
"FERMT1",55612,1.46059465498698,1.20280316491028,1.77363745657891,0.000131463816382962,0.0039227900404944
"ZNF674-AS1",401588,0.569098854015079,0.426226483922848,0.759862462464676,0.000132452547385282,0.00393999980379206
"DNAH10",196385,0.601557493181183,0.463513128339434,0.780714494320489,0.000132845246370663,0.0039455450734964
"TMEM43",79188,2.339558967116,1.51259528397281,3.61863891723682,0.000133627893488571,0.00396263677326496
"MTHFD1",4522,2.35009426574652,1.51583507275606,3.64349866100733,0.000133854375423425,0.00396320841907718
"FAM186A",121006,0.65594278786466,0.528242472936147,0.814514097210188,0.000135005513046699,0.00398026077360325
"TMCC2",9911,0.700669034898963,0.583710829002149,0.841062169954083,0.000134787202307285,0.00398026077360325
"C7orf26",79034,0.350952518492227,0.204947096900976,0.600972993023403,0.000135976094481961,0.00398897969195776
"MFN1",55669,3.25144209515174,1.77435524794031,5.95815055096587,0.000135826265060129,0.00398897969195776
"MLYCD",23417,0.418991464418684,0.267967757834192,0.655130485378541,0.000136506010424645,0.00399839274332647
"SPTY2D1",144108,2.36157504762882,1.51851686538939,3.67268670681044,0.000136721203806685,0.00399857257677442
"SYNGR1",9145,0.70165545145625,0.584756057676886,0.841924365032078,0.000138730829839333,0.00405115203410217
"STK38L",23012,1.80891633694608,1.33347294360136,2.45387679575495,0.000139152078201984,0.00405185618038634
"TTC23L",153657,0.664573450245799,0.538572797645871,0.820052317350811,0.000139202220727065,0.00405185618038634
"TMCC1",23023,2.75508136231436,1.63541363352511,4.6413171306459,0.000139821271200225,0.00405421435185091
"TRIM39",56658,0.279753727214097,0.145231155649072,0.538879881113717,0.000139895512742281,0.00405421435185091
"NEIL3",55247,1.50451949578218,1.21877543388413,1.8572567597419,0.000144112174063331,0.0041439346442349
"ZNF37B",100129482,0.630323112025993,0.496822019807302,0.799697295438379,0.000144291340673417,0.0041439346442349
"TRIM59",286827,1.82696515643151,1.33852550927461,2.49364069618941,0.000146486309824188,0.00420066513944114
"CD58",965,1.50588443341535,1.21885056182502,1.8605135016775,0.000148111112462216,0.00421832383772716
"RFX1",5989,0.485404353164763,0.334155545686181,0.705112900602822,0.000148204821401822,0.00421832383772716
"RNF166",115992,0.47673226967323,0.325123618060681,0.699037671589185,0.000148567987444396,0.00422237725980528
"CAPRIN1",4076,3.18525928475164,1.74946011706054,5.79943298629965,0.000151036364859713,0.00427981118618033
"ANXA1",301,1.43755493097261,1.1913428255016,1.73465113091488,0.000152735625439981,0.0043058561614264
"C15orf42",90381,1.4810268142649,1.20862764576634,1.81481900753715,0.000152357704116803,0.0043058561614264
"LRRC37A16P",651250,0.449316107982156,0.296955503027001,0.679849212539685,0.000152977652504807,0.0043058561614264
"RBBP8",5932,1.98537154179522,1.39204600725703,2.83158756134597,0.000153081099480836,0.0043058561614264
"TMEM133",143872,1.82914965585249,1.33798247949119,2.5006220296529,0.000153706043937004,0.00431708590658308
"CHMP4C",92421,1.71622414762592,1.29708502981902,2.27080357662078,0.000156375310090959,0.00434106031365715
"CMTM1",113540,1.60123214528472,1.25460433134086,2.04362787457691,0.00015539907951459,0.00434106031365715
"LOC100128288",100128288,0.633648301563553,0.500187920263136,0.80271864595041,0.000156171929315662,0.00434106031365715
"S100A16",140576,1.51700326527626,1.2223969347706,1.88261181077873,0.000155088845165828,0.00434106031365715
"CROCCL2",114819,0.668707268087446,0.542656524136643,0.82403765642441,0.000159322805247331,0.00435283613327638
"CSDAP1",440359,1.5769907765581,1.2450472419628,1.99743417400672,0.000158392763801095,0.00435283613327638
"CEP83-DT",144486,0.610804353932012,0.472913334398494,0.788901330635625,0.000159177913255576,0.00435283613327638
"LINC00663",284440,0.591037872326544,0.44993040881263,0.776399549090628,0.000157845340873849,0.00435283613327638
"MCM3AP",8888,0.34028641680594,0.194460977387343,0.59546571768986,0.000159488552901863,0.00435283613327638
"MTFR1",9650,2.09269173892857,1.42665367640265,3.06967190889844,0.000158238624900158,0.00435283613327638
"STIL",6491,1.62065256294013,1.26160955631117,2.08187605794942,0.000157680790844974,0.00435283613327638
"TECPR1",25851,0.582293375719559,0.439875063840313,0.770822452281518,0.000157542212268804,0.00435283613327638
"GALNT10",55568,1.81118284947355,1.33050840940664,2.46551114674283,0.00016022023186773,0.00436543073352432
"C17orf59",54785,0.499011331864983,0.347718043556711,0.716132837924047,0.000162236772930831,0.0044117864514512
"ITGA6",3655,1.61030112222571,1.25712115036748,2.06270469913212,0.000162382896524371,0.0044117864514512
"IL1RAP",3556,1.5201903232853,1.22280154067071,1.88990489637647,0.000162624818955316,0.00441209207398345
"RCC1",1104,1.63663178035128,1.26687391499294,2.11430952422028,0.000162977709964939,0.00441540319900762
"STAT1",6772,1.58238466125801,1.24640597783736,2.00892908146125,0.000164042045704331,0.00443795220394163
"SERBP1",26135,3.59781941563728,1.84825329215936,7.00353387841849,0.000164975618179728,0.0044569048713611
"CCDC183-AS1",100131193,0.611116091238899,0.472914094192668,0.789705533324535,0.000166613725785678,0.00447587181615542
"PMS2",5395,0.268996996443526,0.135800182926834,0.532837162190157,0.000166447490373222,0.00447587181615542
"DOM3Z",1797,0.483560172739734,0.331242055108573,0.705920148283822,0.000167129817477943,0.00447715969033699
"SARM1",23098,0.583884760107717,0.441222770727115,0.772674113179206,0.00016706607274036,0.00447715969033699
"DTL",51514,1.5617625148673,1.23810598081618,1.97002695297273,0.000168201279529561,0.00449956066232436
"GINS1",9837,1.53598694554806,1.22820881938379,1.92089151263197,0.000168802966998794,0.00450306045995249
"SFRS14",10147,0.475874964802456,0.323187697233,0.70069802800221,0.000168787708363357,0.00450306045995249
"CDKN3",1033,1.58339033409756,1.24589179619503,2.01231355545514,0.00017161458432445,0.00454095338149758
"HERC2P4",440362,0.70328475730306,0.585298168368606,0.845055523124978,0.000172122716661565,0.00454095338149758
"SLC25A14",9016,0.39534527141097,0.24364055088091,0.641510138857841,0.000171672901421834,0.00454095338149758
"ZNF226",7769,0.441529698272215,0.288233782562391,0.676355397078253,0.000171914787260436,0.00454095338149758
"SCN11A",11280,0.685226681445888,0.562527405863259,0.834689297039301,0.000173415783738995,0.00456876542090326
"IL18",3606,1.58891526908924,1.24761798358927,2.02357754180631,0.000174641398087427,0.00458841486431074
"CDCA2",157313,1.44964324249278,1.19407148708291,1.75991601276638,0.000175163512872536,0.00459213710555723
"COQ10A",93058,0.504470293108162,0.35273430289959,0.721478672577751,0.00017807806274168,0.00463509291106829
"CENPN",55839,1.87848107081567,1.35075404795837,2.61238612517676,0.000179128171221141,0.00464882568649492
"MYO5B",4645,1.68301879230938,1.28180141808762,2.20982143980815,0.000179111581702476,0.00464882568649492
"C12orf11",55726,2.42079566478146,1.52400987747083,3.84528455967101,0.000180715296177091,0.00468366052842712
"CAMKK1",84254,0.583213091913279,0.439788188632106,0.773412109217832,0.000181015165759078,0.00468508399928806
"STRADA",92335,0.431397555651175,0.277783707349067,0.66995956241576,0.000181556660314649,0.00469274897545714
"LGALS3",3958,1.54135768151828,1.22886837811435,1.93330998232777,0.0001819833500873,0.00469742987465559
"B3GNT2",10678,2.36845631979903,1.50733249164501,3.72153149347561,0.000184244109734053,0.00472864275557474
"DFNB31",25861,0.66226020373483,0.533599589854692,0.821943243191647,0.000184675910410118,0.00472864275557474
"RAB11A",8766,2.88832068197098,1.65676974641167,5.03533842283743,0.000183792791336596,0.00472864275557474
"UBE2H",7328,2.36111161694233,1.50504040115769,3.70411854948998,0.00018451024218805,0.00472864275557474
"AGPS",8540,2.52792921597465,1.55425158916607,4.11157766575423,0.000186273005244865,0.00475680076277508
"FXR1",8087,2.94709906291114,1.67161512488842,5.19580898575054,0.000187045419359404,0.00477015698144977
"C4orf43",55319,2.99077163328576,1.68292683201711,5.31497554872657,0.000188249853139969,0.0047866179511608
"TMEM151B",441151,0.678111927767802,0.553035118053942,0.831476648714583,0.000188441643604542,0.0047866179511608
"SKA3",221150,1.47292848213861,1.20187839459222,1.80510634291853,0.000189832891390108,0.00481556195440133
"TBCCD1",55171,3.44188843600432,1.79792497305298,6.58903802074903,0.000191080579349065,0.00482800296064672
"PPP3CA",5530,2.29826407346482,1.48400497113706,3.55929923019866,0.000192430158011669,0.00485568816924696
"MAP3K5",4217,1.9357476105634,1.36790979306941,2.73930257008678,0.000192684132435053,0.00485569091052077
"TTC9C",283237,3.5849252964502,1.83186588705189,7.01562787536343,0.000193723959960828,0.00486906462834528
"YAP1",10413,1.95405384117922,1.37388736324443,2.7792135777494,0.000193528774326997,0.00486906462834528
"PPP2R3B",28227,0.641386983990439,0.507767772708095,0.810168122798222,0.000194419184216709,0.00487372966777588
"UBAP1L",390595,0.693273306764927,0.571727702060217,0.840658719423314,0.000195479811551173,0.0048939036067268
"RSAD1",55316,0.418446369527628,0.26455964939043,0.661844557831448,0.000195842702242843,0.00489657956313576
"ANO6",196527,1.9166195795197,1.36063207913191,2.699797152322,0.000197943581207442,0.00491696997111006
"GUSBP1",728411,0.552001962789407,0.403709141804906,0.754766576652377,0.000197240209519974,0.00491696997111006
"LY75",4065,1.45221780625021,1.19319901052047,1.76746421862205,0.000197471565367292,0.00491696997111006
"NPIP",9284,0.620486802816874,0.482598948717307,0.797771883865893,0.000197689281486329,0.00491696997111006
"ZBTB40",9923,0.490237173183177,0.336793880716052,0.713589229886436,0.000197890688815577,0.00491696997111006
"ORAI2",80228,0.515383493815361,0.363464667983166,0.730800457637965,0.000199182496102442,0.00494132763028717
"KIF15",56992,1.44089909363784,1.18856420259494,1.74680525756498,0.000200325196310096,0.0049530250282303
"CCDC92",80212,0.396611059999098,0.243541178319996,0.645888034207202,0.000201760424192584,0.00497303045558189
"EID2B",126272,0.665512020077263,0.536913073733973,0.824912393708574,0.000201682393176494,0.00497303045558189
"ZNF763",284390,0.570260657969338,0.424005026097608,0.766965479208165,0.000203466779563026,0.00499577547201796
"GTPBP6",8225,0.56686405413849,0.420127440318744,0.76485091197693,0.000204077308883058,0.00500434190641827
"ZNF490",57474,0.368710777756215,0.217741968742864,0.624352018209849,0.000204976741554707,0.00501996176148128
"CAPZA1",829,2.34350835628429,1.49458131755861,3.67462870802203,0.00020647353145926,0.00505015247598629
"C20orf96",140680,0.537787697184917,0.387522886161709,0.746318779022434,0.000207202324385425,0.00505504956443882
"RASA4",10156,0.6644973696821,0.535453561487666,0.824640615121953,0.00020713087313531,0.00505504956443882
"ZNF658",26149,0.55559733357843,0.407287348758548,0.757913050872739,0.000207665403233469,0.00505703912979027
"RPAIN",84268,0.490951971676164,0.33710008516723,0.71502158883508,0.000208349567182998,0.00505723625826041
"ZNF404",342908,0.681923623574752,0.556980587410925,0.83489413975974,0.000209327190168878,0.005068102742228
"ARSG",22901,0.647136833354258,0.514084787884219,0.814624534616836,0.000210691541870186,0.00506905298283151
"GOLGA1",2800,0.276914807314409,0.140426594263967,0.546063307394849,0.000210294152979817,0.00506905298283151
"IKBKAP",8518,0.336141408806656,0.188880223362462,0.59821533828713,0.000209709125878234,0.00506905298283151
"TMEM123",114908,2.09352624837038,1.41645027226837,3.09425063373162,0.000210133277266237,0.00506905298283151
"ZNF564",163050,0.34832078309275,0.199415914027103,0.608413669120995,0.000210427435052558,0.00506905298283151
"ANXA3",306,1.55319524686155,1.23018953840202,1.96101120970917,0.000214291872021932,0.00508150530927887
"APOL1",8542,1.42745460058185,1.18228243860909,1.7234685809251,0.000214309611788011,0.00508150530927887
"ARHGAP18",93663,1.99823548733514,1.38521853511885,2.88253799787838,0.000213042319465861,0.00508150530927887
"ARIH2",10425,0.363648655540303,0.21284118076146,0.621309956105145,0.000214397175960059,0.00508150530927887
"CORT",1325,0.705191204475644,0.586144921784322,0.848415837769202,0.000213534349298903,0.00508150530927887
"EXO1",9156,1.45715530329297,1.19379810435177,1.7786102777134,0.000214247095069602,0.00508150530927887
"NUF2",83540,1.49846555312623,1.20972650667665,1.85612119889349,0.000212775358340117,0.00508150530927887
"PLK4",10733,1.64843615783376,1.26519993189709,2.14775680739978,0.000213571215648128,0.00508150530927887
"RANGRF",29098,0.599994355308345,0.457850361980792,0.78626830138223,0.000213036504012619,0.00508150530927887
"RNF141",50862,2.16293970775152,1.43803646358542,3.25326116397906,0.000211989438533911,0.00508150530927887
"PRPF40A",55660,3.16655263677375,1.71963086167687,5.83093489708662,0.000215370662582716,0.00509826072180644
"PTGER4P2-CDK2AP2P2",442421,0.681332396329343,0.555962069888317,0.834973929752325,0.000217057252631339,0.00512585249970144
"RNASEK",440400,0.47785937277048,0.323101955472144,0.706741560294529,0.000217072229035299,0.00512585249970144
"TAP1",6890,1.68910445102083,1.27934351123787,2.23010772431071,0.000217564980102806,0.005131153359342
"UBE2E3",10477,2.54618803105899,1.55138299083104,4.17889942575383,0.000217995247469169,0.00513345103633433
"CXorf38",159013,2.14169181531275,1.43004904239428,3.20747309763449,0.000219165475881393,0.00514353135850725
"SAT2",112483,0.501343979891366,0.347633738733856,0.723018965560593,0.000218981199943025,0.00514353135850725
"PLEKHA7",144100,1.57849089068396,1.23904539757205,2.01092994401551,0.000219885757525054,0.00515411137767366
"BCAR3",8412,1.61486799308913,1.25224177580552,2.08250410223395,0.000221201978919526,0.00517861719803399
"C9orf86",55684,0.490622600509952,0.336202334731417,0.715969257986994,0.000221999089884255,0.0051909249293596
"ZFP2",80108,0.676634721672887,0.549909635177989,0.832563238185775,0.000222622959264688,0.0051991567055625
"DNAJC5",80331,0.374332228937324,0.222141520759696,0.630789854782558,0.000223690385934508,0.00520501947903812
"TGIF1",7050,1.63024848816924,1.25757562833909,2.11336008211941,0.000223674894551136,0.00520501947903812
"DIAPH1",1729,2.17351277376607,1.43909757815191,3.28272234589613,0.00022400680598185,0.00520604881897307
"CHRNA10",57053,0.678092438483459,0.55164319850832,0.833526736796173,0.000224937210984828,0.00522132771178009
"ATP11B",23200,1.95820094073943,1.37009697206647,2.79874417832577,0.000226029543914357,0.00524032374115141
"NRL",4901,0.568066709932506,0.420521248792737,0.767380454281377,0.000228253002678285,0.0052726994954439
"ZNF286B",729288,0.593795654174296,0.450031332593798,0.783486067256862,0.000228624793401218,0.00527491727790723
"ACTN4",81,1.84104012815442,1.33059562066631,2.54730190061616,0.000229556246407742,0.00528473793308944
"AKD1",221264,0.537529135063508,0.386340540049456,0.747883126645562,0.000229603033533608,0.00528473793308944
"CCDC40",55036,0.641728585448084,0.506792791087832,0.812591624472865,0.000230508124984178,0.00529919339732257
"YY1",7528,3.34375378403483,1.75829441293806,6.35882664812919,0.000232464456653003,0.00532496726036167
"ALDH3B1",221,1.43641211588117,1.18443557004786,1.74199409307409,0.000233272642449902,0.00533161574513706
"C19orf25",148223,0.571361380301197,0.424071292395084,0.769808833453292,0.000233312196302594,0.00533161574513706
"EGLN2",112398,0.418945684549437,0.2635557095688,0.66595213167552,0.0002340195549727,0.00533503221449682
"USP22",23326,0.48723448921372,0.332167276129621,0.714692459309917,0.000234670122857303,0.00533714083221359
"CUL9",23113,0.395514801965763,0.241255303253267,0.648408372643299,0.000235362491795251,0.00534653014319213
"ZNF407-AS1",400657,0.571567624063137,0.424189643537325,0.770149752249748,0.000236426011165792,0.00534664943187362
"HDAC4",9759,0.451561454801601,0.295520031035291,0.68999636589165,0.000237520847030225,0.00535738353908857
"LOC653501",653501,0.592468090423337,0.448131454325706,0.783293461732217,0.000238313227653792,0.00536077050226057
"SAV1",60485,1.97539726495618,1.37392691826914,2.84017606941738,0.000238095756324998,0.00536077050226057
"ZWINT",11130,1.64875998794099,1.26272979419009,2.15280379883548,0.000238792098495635,0.00536077050226057
"WDR85",92715,0.54101668482341,0.389780278058385,0.750933461065133,0.00024040518958633,0.00538434433397861
"SGOL2",151246,1.73816304365093,1.29390434791344,2.33495680819522,0.000241681811026447,0.00540660584737176
"NRF1",4899,0.266868244113847,0.131763899126919,0.540502066106954,0.000243851717812333,0.00544241751061435
"TUBGCP6",85378,0.573993086855137,0.426683767412919,0.772159826363043,0.000243759439118334,0.00544241751061435
"C17orf76",388341,0.652557785807273,0.519462594378573,0.819754239142299,0.000244736811158606,0.00544500786280379
"ELMOD3",84173,0.47287182838949,0.316903661926787,0.705601711021184,0.00024482181011195,0.00544500786280379
"ELOVL1",64834,2.01685170864529,1.38634413050273,2.93411334542914,0.000244520392674591,0.00544500786280379
"APOL6",80830,1.79706032363977,1.31359147714635,2.45847043238732,0.00024649789217879,0.00544978562537986
"DPYD",1806,1.55137462142232,1.22671177748403,1.96196307899603,0.000246746188716419,0.00544978562537986
"RNF24",11237,1.72612841256082,1.28925864168133,2.31103302341581,0.000245983852024049,0.00544978562537986
"PRIM2",5558,2.22946918735851,1.45202518112348,3.42317262950987,0.000247654305620886,0.00545912162260881
"S100A10",6281,1.51940090989374,1.21476211915213,1.90043720378541,0.000248310545912567,0.00545912162260881
"ZNF789",285989,0.631923095980494,0.494357081645235,0.807769958315558,0.000248101782546945,0.00545912162260881
"NDC80",10403,1.42969223890302,1.18082849690156,1.73100488626667,0.000248849043533187,0.00546467928319089
"FAM3C",10447,1.79065392794202,1.31102128978568,2.44575852019792,0.000249879403247178,0.00546847064749287
"SEMA6C",10500,0.636324140271673,0.499592846274671,0.810476800282023,0.000249830728335021,0.00546847064749287
"WDR6",11180,0.42737144534269,0.271179804183861,0.673524906635248,0.000249332681485932,0.00546847064749287
"C2orf66",401027,0.618380688205087,0.47805825177271,0.799891381703007,0.000251915847248706,0.00550045024009817
"TMEM159",57146,1.64549241826996,1.26032145531413,2.14837673925741,0.00025178325245724,0.00550045024009817
"DMAP1",55929,0.501089808181708,0.346083138532163,0.725522187901235,0.000253048719823099,0.00551260007295718
"GKAP1",80318,0.689619590870211,0.565119967198976,0.841547295646252,0.00025400747847963,0.00552719117278713
"SGMS2",166929,1.51960496347957,1.21431849272353,1.90164216296548,0.000255176187393625,0.00554631242758849
"TNFRSF10A",8797,1.45703724847305,1.19076096286936,1.78285786118001,0.000256608134862906,0.00556478888381269
"HERC4",26091,2.79109602446127,1.60949925532675,4.8401495011453,0.000257809543425322,0.00558451091403867
"ZW10",9183,3.30702463767263,1.7407691502468,6.28251710034228,0.00025918967071555,0.00559539597265951
"ZNF839",55778,0.501014804497634,0.345740050739149,0.726024751223245,0.00026057273718007,0.00561891177456957
"EFNB1",1947,1.50845707842763,1.20968391758047,1.88102257489677,0.000261970647676127,0.00563932289992858
"EPX",8288,0.581600166653663,0.434719141279497,0.778108718323238,0.000262968589910226,0.00563932289992858
"PLCD4",84812,0.532532824554206,0.379639307474721,0.747001703048265,0.000262993466133544,0.00563932289992858
"MMADHC",27249,3.71486516851031,1.83566329003056,7.51784016990469,0.000263509570139213,0.00564406220386643
"PLBD1",79887,1.44521832095698,1.18580923461721,1.76137605801657,0.000263899042236937,0.00564608163407818
"APBA3",9546,0.546351810529443,0.394830041203107,0.756022262032607,0.000264656068980818,0.00565155467154635
"ISCU",23479,0.411711028581156,0.255551251418398,0.663295405968612,0.000265129228819797,0.00565343005533584
"ZBTB49",166793,0.460514778867353,0.303547529503589,0.698651252085843,0.000266108204667267,0.00566798622569134
"GSK3B",2932,2.99145727932213,1.65964119126511,5.3920188900517,0.000267098924555452,0.00567644569996904
"MINK1",50488,0.356918409252786,0.205095907553188,0.621127707438542,0.000267745605663979,0.00567757228329814
"MSH2",4436,2.31171467750232,1.47312121374129,3.62768840766837,0.000267460945604044,0.00567757228329814
"TUBB1",81027,0.656899276515883,0.52397034437077,0.823551684027641,0.000269670055346895,0.00570572914670361
"PBXIP1",57326,0.535445194425885,0.382556238676139,0.749436363202238,0.000271213476521341,0.00573204438168364
"C6orf132",647024,1.43614463175276,1.18185194631325,1.74515209772783,0.000272250604626547,0.00573498983932253
"KANK3",256949,0.665407096686903,0.534355994149415,0.82859855446384,0.00027255219134962,0.00573498983932253
"RAD51AP1",10635,1.41630822552222,1.17429192137811,1.70820300571241,0.000272190868838081,0.00573498983932253
"ZNF557",79230,0.419804489191316,0.263083903189622,0.66988442473486,0.000272294167755436,0.00573498983932253
"NRSN2",80023,0.671419258422938,0.541712073200392,0.832183447413117,0.000275538214282948,0.00578509267243682
"CCNB1",891,1.61850043427004,1.24855388056045,2.09806216336973,0.000276368297439071,0.00579615836087402
"MTERFD3",80298,0.566654576624066,0.417193305963643,0.769660981178306,0.000277163923960389,0.00580647795573972
"CTTNBP2NL",55917,2.04258713275564,1.38973758569231,3.00212229837656,0.000277999479151418,0.00581634994609308
"MAP4K4",9448,2.13440419176374,1.4181472595254,3.21241762674436,0.000278243331451622,0.00581634994609308
"BHLHE40",8553,1.47920999524516,1.19766195639027,1.82694473875415,0.000278699739209849,0.00581953047147028
"ASB16",92591,0.698097767974283,0.575045830413484,0.8474811360692,0.000280534405584749,0.00582567926332447
"C3orf52",79669,1.42977742137943,1.17892422629584,1.73400752066099,0.000280942518459328,0.00582567926332447
"PPP1R3E",90673,0.646640085208465,0.511068011758268,0.818175644294071,0.0002816342078321,0.00582567926332447
"RBM6",10180,0.474198535104718,0.317050208000253,0.709238615908054,0.000280511375141488,0.00582567926332447
"SLC30A1",7779,1.84252939344451,1.32483567066109,2.5625174811401,0.000281919116540781,0.00582567926332447
"TSPYL4",23270,0.655164443262616,0.521465836665626,0.823142030665474,0.000282039995704421,0.00582567926332447
"PANX1",24145,1.92983768092231,1.35327798889924,2.7520387571935,0.00028267494563278,0.00583130778825037
"SPTLC3",55304,1.65196478648129,1.25976508888444,2.16626709205824,0.000283589438464997,0.00583876769593111
"CLSTN3",9746,0.635088096396115,0.496981105368711,0.811573892502019,0.000284818984388993,0.00584520677511617
"ICA1L",130026,0.671476024343249,0.541518732142611,0.832621337924604,0.000284478985268933,0.00584520677511617
"DNTTIP2",30836,3.25908662386228,1.72111492471265,6.17137500194032,0.000287001429801034,0.00585007994264324
"NXPH1",30010,0.679066195170757,0.550917733626118,0.837023151149162,0.000286456828792084,0.00585007994264324
"PSMB8",5696,1.97843783406289,1.36831200305578,2.86061677052459,0.000286987357077705,0.00585007994264324
"SDC4",6385,1.55231126807826,1.22403651371084,1.96862613656637,0.000286070925916694,0.00585007994264324
"TIGD6",81789,0.367891739226032,0.214297008235509,0.631573594541336,0.000287197420721598,0.00585007994264324
"SDR39U1",56948,0.60727922938738,0.463764079065065,0.795206181532636,0.0002880570828269,0.00586134874811714
"FBRSL1",57666,0.597349921494829,0.452104081458271,0.789258366257004,0.000289023078519839,0.00586229525222583
"NET1",10276,1.56523904225198,1.22849606138276,1.99428662118156,0.000289003076876468,0.00586229525222583
"SLC44A2",57153,2.21172219179695,1.43992581315537,3.39719936193635,0.00028899684002859,0.00586229525222583
"CDCA8",55143,1.41848280174858,1.17391352167349,1.71400484082349,0.000293921234529243,0.00592395305884176
"EIF2S1",1965,2.71540450094262,1.58124909144588,4.66303610457557,0.000293634375782935,0.00592395305884176
"MKS1",54903,0.452789904660438,0.294866875947472,0.695292399675746,0.000293810002838305,0.00592395305884176
"CD44",960,1.71542529881063,1.28068215672406,2.29774729065237,0.000295752621392133,0.00594832848513914
"FBXO10",26267,0.63270373946402,0.493736264341892,0.810785131339986,0.000297293179094251,0.00596676457139113
"MAL2",114569,1.4745710527781,1.1947882884655,1.81987035752058,0.000297078344445715,0.00596676457139113
"APBB3",10307,0.664833264527858,0.532904013818767,0.829423795207306,0.000297868886564363,0.00597205261353937
"PABPC3",5042,1.70390538770107,1.27647267374366,2.27446590119466,0.000298678568803528,0.00598201569162835
"LPPR2",64748,0.512500232319138,0.356724013280103,0.736301673980469,0.000299416624003353,0.00599052486120515
"SNX7",51375,2.57626806041923,1.54231110422405,4.30338412331892,0.000300156525828931,0.00599905315520372
"NCRNA00235",64493,0.582079087621937,0.434062762472309,0.780569294442533,0.000300627044773514,0.00600218526657934
"BACH1",571,1.82938305218866,1.31836592262335,2.53847759124095,0.000301929291897135,0.00600700674742384
"DDX10",1662,3.09555383512501,1.67690781096873,5.71435918151129,0.000302922580115302,0.00600700674742384
"ILF3-DT",147727,0.599623815508667,0.454348282334281,0.791350455377399,0.000302489652310197,0.00600700674742384
"HNRNPA1P33",728643,1.54108192888535,1.21884643527301,1.94850921560518,0.000302090495223365,0.00600700674742384
"LRRC37B",114659,0.584728035231666,0.437039186380474,0.782325443211469,0.000303066947836253,0.00600700674742384
"RFC4",5984,2.00189858363695,1.37390344104879,2.9169429374952,0.000301667786049262,0.00600700674742384
"USP27X",389856,0.542229790605388,0.389041543419097,0.755737146310968,0.000302335097673759,0.00600700674742384
"DENND1A",57706,0.387667989552012,0.231824228915687,0.648277666343311,0.000303634417731642,0.00601178431547105
"TMBIM1",64114,1.67034163994927,1.26445330549957,2.2065197520648,0.000303936604436687,0.00601178431547105
"FOXD4L6",653404,0.656460356590287,0.522350639449445,0.825001765535992,0.000306371430128396,0.00602877195891547
"OTUD5",55593,0.289134948285954,0.14740888606638,0.567123329883085,0.000306113336324741,0.00602877195891547
"SLC38A10",124565,0.478460060764911,0.320642929976707,0.713953149579166,0.000306290784933858,0.00602877195891547
"ZNF862",643641,0.577250883808544,0.428376605201208,0.777863634035834,0.000305455276887408,0.00602877195891547
"C14orf148",122945,0.671981696426035,0.541484612809792,0.833928406549628,0.000307980487397072,0.00603559711315963
"FAM64A",54478,1.47678874330125,1.19498220156939,1.82505228067587,0.00030756866990716,0.00603559711315963
"GFOD2",81577,0.301818357468231,0.157415103532853,0.578688568380031,0.000309826960256383,0.00605936632804074
"IFT88",8100,0.437631014457349,0.279316000167977,0.68567824506935,0.00030972140033614,0.00605936632804074
"FAM125B",89853,0.659433907330794,0.525872654940378,0.826917075935163,0.000311177697462432,0.0060645769344451
"LMBR1L",55716,0.476660555389229,0.318632591848637,0.713063543643707,0.000311361664120097,0.0060645769344451
"PLS1",5357,1.4607283711852,1.18884556697803,1.79478936007574,0.000310751268542015,0.0060645769344451
"TSKU",25987,1.72738084674998,1.28336149942396,2.3250226775994,0.000311351022730966,0.0060645769344451
"WDFY1",57590,1.9375733922547,1.35236763804613,2.77601337443815,0.000311794278212564,0.00606682518756023
"PHF10",55274,0.392606492958721,0.236136212527895,0.652758239252007,0.000312898681694922,0.00608212711867762
"SNAP47",116841,0.530892309503103,0.376229327752232,0.749135230826956,0.000313472948236069,0.00608710363544294
"GART",2618,2.28921910248293,1.45865709814116,3.59270462252646,0.000316151891055335,0.00611535883024908
"MADD",8567,0.329492726986891,0.180079623804031,0.602874744204279,0.00031620692649743,0.00611535883024908
"SECISBP2",79048,0.318424499833124,0.170828731228889,0.593542792038419,0.000316027791250616,0.00611535883024908
"TYMS",7298,1.62017807907076,1.24596151607501,2.10678819051371,0.000316865770239239,0.00612191069430901
"ATP6AP1",537,0.413099833967167,0.255308095777504,0.668413871890769,0.000317323769773649,0.0061238610518619
"SPPL2B",56928,0.677741934011342,0.54840666277233,0.837579410132233,0.000317607056174361,0.0061238610518619
"KHDRBS2",202559,0.700398606701568,0.576944716463386,0.85026900198787,0.000318830550865367,0.0061412607718045
"OSBPL3",26031,1.57977530171303,1.23153928379187,2.02648022417795,0.000319233825262712,0.00614284243038218
"C17orf107",100130311,0.58896537122208,0.441419874336048,0.785828252569085,0.000320576158030304,0.00614752861732645
"SERP2",387923,0.662478217416245,0.529380767615796,0.829039163110522,0.000320172504140019,0.00614752861732645
"EZR",7430,1.58875937610629,1.23438604651393,2.04486786147186,0.000324061145573934,0.00618594564011242
"ZNF428",126299,0.507966767318991,0.351120287489807,0.73487703756792,0.000324482048491602,0.00618780472731692
"PIP5K1C",23396,0.395343771114455,0.238272189931727,0.655958621959964,0.000327987606632756,0.00623011516262672
"ZNF575",284346,0.511800437142728,0.355112534550325,0.73762444851793,0.000328329381707938,0.00623011516262672
"ZSWIM5",57643,0.698005190647566,0.573639932283355,0.849332863267759,0.000329278213235072,0.00624192704117663
"MGC16275",85001,0.543288706975491,0.389379976292495,0.758032351682564,0.000330577376324153,0.00625415774179236
"KIAA0114",57291,0.549831087500542,0.396599047682528,0.762266643222065,0.000332465740529732,0.00628366820070374
"CD160",11126,0.607994713487084,0.463236505806561,0.797988860969875,0.000335215480861944,0.00632123863663976
"VCL",7414,1.8982142894468,1.33728576113508,2.69442597339976,0.000335445036659662,0.00632123863663976
"ATP2C1",27032,2.58802150040021,1.5387375134865,4.35282511008496,0.000337666662911773,0.00635684080857626
"ARMC2",84071,0.576478576094984,0.426531806346865,0.779138961623518,0.000338814473525404,0.00637217741899744
"NUPL2",11097,0.348210443094046,0.195504729880283,0.620192221200988,0.000340861185797165,0.00638065652416182
"PTMA",5757,2.26932468397675,1.44926688733115,3.55340659910451,0.000341266880546743,0.00638065652416182
"AP3S1",1176,2.81042634873812,1.59643750432842,4.94757623788358,0.000342222343761635,0.00638395787804864
"NUAK2",81788,0.649794806932625,0.513216707132978,0.822719302096306,0.000342444752594652,0.00638395787804864
"RAD51C",5889,0.494309696934554,0.336041648336325,0.727118432174165,0.000345788616997734,0.00643375377170783
"DERA",51071,2.44002508572324,1.49687249195801,3.97744126566908,0.000346275108370902,0.00643654421555903
"GTPBP5",26164,0.374125641069027,0.21828061652482,0.641238775727001,0.000348446502201412,0.00645807775930854
"TAL2",6887,0.555853416856837,0.402900721770806,0.766871351516671,0.00034813924494615,0.00645807775930854
"MECOM",2122,1.44060015437239,1.17921145463439,1.75992931261103,0.000351973207522071,0.0064881582668644
"RG9MTD3",158234,0.474350289702646,0.315103871826651,0.7140762696333,0.000352104788048583,0.0064881582668644
"SMAGP",57228,1.48017156228889,1.19374694507391,1.83532017639893,0.000351645572286189,0.0064881582668644
"S100A11",6282,1.4886279908586,1.19672664878791,1.85172887844702,0.000353403408200046,0.00649582006246256
"SERP1",27230,2.06984279971306,1.38869835689976,3.08508265617057,0.000353539430387595,0.00649582006246256
"PRPS2",5634,2.71045026079634,1.56801136887048,4.6852597896296,0.000355925743497403,0.00652712530764605
"DGKE",8526,0.562986127448973,0.410671138450659,0.771793656831504,0.000357847599676154,0.00654980960670411
"FIG4",9896,0.440495215361606,0.280806478969565,0.690995576271936,0.00035833711037113,0.00655147444020325
"LOC100129637",100129637,0.604505456823412,0.458469863037325,0.797057509752898,0.00036007566269483,0.0065654596762288
"ZNF23",7571,0.446712642378894,0.286915207573424,0.695509264039504,0.000360459638603609,0.00656620143578212
"SNX6",58533,2.39481926453342,1.48201324239949,3.86984349781836,0.000361591258960213,0.00658054805911702
"DSC2",1824,1.63163434580022,1.24673055004967,2.13536969819889,0.00036193747990309,0.00658058762177415
"GNG12",55970,1.89839072800335,1.33447851038377,2.7005960216869,0.000364610238831601,0.00659288147888229
"TMEM8B",51754,0.660283397240822,0.525571959824763,0.829523258465394,0.00036333968516226,0.00659288147888229
"MAVS",57506,0.423271081199798,0.263817094449766,0.679100831406358,0.000364777853262049,0.00659288147888229
"SKA1",220134,1.42132284531769,1.17148309697718,1.72444539390681,0.000364408585482166,0.00659288147888229
"C10orf78",119392,1.8292244916886,1.31205196639423,2.5502513061194,0.000368230866203289,0.00663468870752253
"DPP7",29952,0.61513074527554,0.470804816449307,0.803700005953493,0.000368360462141645,0.00663468870752253
"PARP14",54625,1.73952035233214,1.28270244611377,2.3590280546712,0.000368381837579805,0.00663468870752253
"LRRC67",286187,0.504628365710319,0.346331912706263,0.735276704620189,0.00036931077278909,0.00664516194838845
"KRT18",3875,1.49601570144744,1.19852033400905,1.86735503392834,0.00036977822381471,0.00664731963054884
"NFYC-AS1",100130557,0.647864283005242,0.510123574908566,0.822796964968985,0.000371866505597906,0.00667858277236727
"MBLAC1",255374,0.622417753575765,0.479355525769173,0.808176476832461,0.00037333214768465,0.0066950146084188
"C17orf81",23587,0.45138600010331,0.291211107143486,0.699661915672997,0.000374863771596335,0.00670095267226458
"LRP2BP",55805,0.601555866607747,0.454591065853228,0.796032935603344,0.000376476659897823,0.00671722861368065
"VRK2",7444,2.06463660272526,1.38437459814229,3.07916968935512,0.000378230021899686,0.00674222332607204
"C5orf53",492311,0.498157030547676,0.339221479279325,0.731558707931155,0.000378993031539957,0.00674357196792342
"CSTF2",1478,2.47218200863358,1.50079461933458,4.07229863771856,0.000379010815366637,0.00674357196792342
"SF4",57794,0.366869702837183,0.211009700635403,0.637853987065755,0.000380400618790174,0.00676200988438629
"UCK1",83549,0.403126735607753,0.244211132223881,0.665453550302451,0.000381417504058169,0.0067737907150609
"TSPYL1",7259,0.436817653819423,0.276548382668601,0.689968463554388,0.000383608861973691,0.00680008035493122
"DR1",1810,2.50765969000225,1.50932000442684,4.16635113986327,0.000386412444029572,0.00680584011894447
"METT10D",79066,0.465859376022383,0.305514790013099,0.710358271750639,0.000387085571595424,0.00680584011894447
"PIN1",5300,0.500632238166488,0.341665527282002,0.733561386439557,0.000385896266871009,0.00680584011894447
"PYGL",5836,1.49513333496745,1.19730114452374,1.86705216106688,0.000387136197491064,0.00680584011894447
"SNHG10",283596,0.685309713541753,0.556231842261573,0.844341096268673,0.000386596192311473,0.00680584011894447
"SSR3",6747,1.94945807605907,1.34851840292669,2.81819423603264,0.000385063209286612,0.00680584011894447
"ZNF709",163051,0.571317934722198,0.419422319793719,0.778223206375307,0.000385152573387074,0.00680584011894447
"NEK7",140609,1.8161285730197,1.30617050123481,2.52518564048143,0.000387824255923958,0.00681167542980491
"ZNF589",51385,0.524114698825933,0.366782727178977,0.748934443118846,0.000389002768917342,0.00682610638631377
"BAZ1A",11177,1.92438550158055,1.34003163423903,2.76356129517526,0.000392521402410629,0.00684144691513797
"LRPAP1",4043,0.453002041986483,0.292395223358819,0.701826957658929,0.000392449734108417,0.00684144691513797
"MLF1IP",79682,1.51373618102197,1.20370324142487,1.90362304169137,0.000391785696691812,0.00684144691513797
"SP110",3431,1.72968925033336,1.27770831496031,2.34155547685522,0.000391341476156959,0.00684144691513797
"GDF9",2661,0.676255978393407,0.544706745027217,0.839574968527281,0.000393738057290088,0.0068444810706345
"MOBKL1B",55233,1.86087786108999,1.31994913478307,2.62348474092069,0.000393986179681528,0.0068444810706345
"NCALD",83988,0.66449602959372,0.530076592009799,0.833002211381662,0.000393320417941418,0.0068444810706345
"FBXO18",84893,0.296276140572792,0.15112269242231,0.580849573718618,0.00039766409974183,0.00688960256862498
"KRAS",3845,1.98517786692652,1.35806439778917,2.90187355603348,0.000400087741968537,0.00690656880923484
"BBS5",129880,0.549931696249488,0.394870950988896,0.765882802425605,0.000402835019449212,0.00693536120351047
"TAF6L",10629,0.501090118253342,0.341742484376153,0.73473834273053,0.000402446082892588,0.00693536120351047
"TRIM5",85363,2.10481334333983,1.39370908278306,3.17874028735953,0.000402843430600729,0.00693536120351047
"REXO2",25996,2.05420379910395,1.37858023290031,3.06094135658352,0.000403630152503617,0.00694265640911571
"GPS2",2874,0.435545814328851,0.274800788913469,0.690318820151261,0.00040451174554767,0.00695156887429495
"C20orf132",140699,0.671571021356264,0.538604074504853,0.837363952621624,0.000405179145979613,0.00695249873506291
"PEMT",10400,0.633576865655143,0.491988678542135,0.815912361810613,0.000405435877548842,0.00695249873506291
"BZW1",9689,1.87923867765708,1.3246541113781,2.66600765986248,0.000406751340903475,0.00695879507822966
"TMOD2",29767,0.686169530495806,0.556882853479021,0.845471577441146,0.000406439386369315,0.00695879507822966
"CABIN1",23523,0.320890629997356,0.170860210155103,0.602661066181679,0.000408136030139204,0.00696379825911914
"FLYWCH2",114984,0.551447351491922,0.396443074697332,0.767056359099269,0.000407827263443555,0.00696379825911914
"RTP4",64108,1.50090677611958,1.19833197859091,1.87988069320372,0.000407668416766017,0.00696379825911914
"GRHL2",79977,1.49372340698277,1.1956931351995,1.86603866066016,0.000409311521571411,0.00696969334439532
"SENP3",26168,0.355068662999311,0.19994154862276,0.630553060694695,0.000409574701683502,0.00696969334439532
"XRCC2",7516,1.47938615241769,1.1905770555083,1.83825429680469,0.000409115048711399,0.00696969334439532
"NPPA",4878,0.662725724860794,0.527504392759289,0.832609912677416,0.000410377440018837,0.0069771460402136
"RNF157",114804,0.703022197721883,0.578173183729972,0.854830739989031,0.000411893468032535,0.00699670192101091
"ATR",545,2.82315713691348,1.58694596653714,5.02236143370226,0.000413592050338868,0.00699838287319639
"CDK2",1017,2.14714114755646,1.40507623365179,3.28111386209143,0.000412605568807247,0.00699838287319639
"DHX30",22907,0.326199388466652,0.175172687617058,0.607435111509107,0.000413259809064322,0.00699838287319639
"EI24",9538,3.07163401903513,1.64755321585903,5.72663477942625,0.000414077881077328,0.00699838287319639
"TCTA",6988,0.464651117515791,0.303633262058938,0.711057344457753,0.0004142521219901,0.00699838287319639
"TRMU",55687,0.53149587842327,0.374211154676385,0.75488895841498,0.000414553656889816,0.00699838287319639
"DNMBP",23268,1.80640206927686,1.30073247766466,2.50865454036043,0.0004169307275314,0.00703230513711912
"TP53I13",90313,0.681292907054047,0.550494745495464,0.843168856742484,0.000418115502606898,0.00703987255137513
"ZNF259",8882,2.50150621291948,1.50318735540081,4.16284324824315,0.000417941625754409,0.00703987255137513
"ACYP2",98,0.459184861405161,0.297946612972084,0.70767959011312,0.000420733027976853,0.00704389389285549
"FAM59A",64762,1.56310148749479,1.21956686058617,2.00340492938132,0.000419379980917079,0.00704389389285549
"NAP1L5",266812,0.659515322104102,0.523351642833883,0.831105559800713,0.000418852568115452,0.00704389389285549
"NHEDC1",150159,0.638962701590459,0.498156073015989,0.819569119276147,0.000420932227716517,0.00704389389285549
"NUDCD1",84955,2.1889619398841,1.4163879288312,3.38293928995506,0.000419842331081466,0.00704389389285549
"EZH1",2145,0.498552745675544,0.338585825535585,0.734097004289687,0.000422284880610151,0.00706035219530625
"ZC3H10",84872,0.475555935158232,0.314586460299134,0.718891230249311,0.000422849357109604,0.0070636154178475
"IRF6",3664,1.59489128820046,1.23022359043038,2.06765521403134,0.000424727596576443,0.00708879994739758
"FIZ1",84922,0.4884474586058,0.327862667347385,0.727685532935893,0.000426846684751901,0.00711795687816008
"EML5",161436,0.632817971628121,0.490558044072818,0.816332725666374,0.000428391342062902,0.00712240637606181
"LASS3",204219,0.577664676263464,0.425640946464607,0.78398584763583,0.000428603008252582,0.00712240637606181
"C10orf119",79892,3.24282797213077,1.68486382709801,6.24141434322694,0.000428988161258344,0.00712261854200377
"FSCN3",29999,0.567847375203595,0.41440492192591,0.778105240707692,0.000429914143272575,0.00712469287458461
"PGM1",5236,2.00742293932594,1.36197597311218,2.95875032811616,0.000430111046925689,0.00712469287458461
"TIMM22",29928,0.438910393126158,0.277505538712836,0.694192750485984,0.000430864069025288,0.00712901128741062
"VPS16",64601,0.355533329903116,0.199894345350475,0.632353798955009,0.000431693468970969,0.00713656091703346
"ZSCAN2",54993,0.454860732447577,0.293330469132616,0.705341952830705,0.000432307011453105,0.00713681863094217
"SH2D4A",63898,1.46629472660787,1.18477640279363,1.81470547540315,0.00043350261985715,0.00714793500862733
"ATP6V0D1",9114,0.326702722362384,0.175159478904577,0.60935708113827,0.000435701234578422,0.00716263196826935
"GBP4",115361,1.43062887763059,1.17182533047004,1.74659049628973,0.000435891860253334,0.00716263196826935
"SPATA7",55812,0.457008647226146,0.295419323182293,0.706984571590105,0.000435454099383867,0.00716263196826935
"GPR158-AS1",100128811,0.480534597770443,0.319403421281698,0.722952492893766,0.000436965648740589,0.0071741132733573
"ARAP2",116984,1.68444250472522,1.25959191929888,2.25259189762372,0.000437653881065303,0.00717925024282681
"LIN7B",64130,0.66630105456558,0.531326212891341,0.835564074468119,0.000439039926339899,0.00718350442352716
"LOC728743",728743,0.549876759974178,0.393962791281241,0.76749494584591,0.000439036179968669,0.00718350442352716
"MOAP1",64112,0.47541655017519,0.314031757742443,0.719738977373915,0.000440962789389312,0.00720264327297127
"CNNM3",26505,0.422288499386857,0.261065527482279,0.683075925167899,0.000442533546941302,0.00720397200599278
"UBASH3B",84959,1.48082598921274,1.18955743085553,1.84341298154121,0.00044255069310616,0.00720397200599278
"GTSE1",51512,1.41930358965553,1.16729146129411,1.72572381997534,0.000446577062327832,0.00723871141622411
"HDAC6",10013,0.34211152703521,0.187986090392803,0.622600835443749,0.000446378655331322,0.00723871141622411
"LAPTM4A",9741,3.48576629340654,1.73611359219123,6.9987163898149,0.0004462319492842,0.00723871141622411
"KRT8",3856,1.50907823268892,1.19920806704863,1.89901750576131,0.000449625490118604,0.00725737278438695
"RFX2",5990,0.63684427035704,0.494976429466197,0.819373611636368,0.000449297674091939,0.00725737278438695
"CLDN15",24146,0.676739959060679,0.544107943429445,0.84170241901428,0.000450941389352413,0.00727247550939596
"THAP8",199745,0.495924048123153,0.335152110518304,0.733818030047653,0.000451412463765667,0.00727393950669411
"EPM2A",7957,0.617581381797535,0.471771717775388,0.808456184998656,0.00045253321169405,0.00728586089231658
"PELI3",246330,0.678092820863952,0.54576062683754,0.842511993530282,0.000453137152249101,0.00728944853748406
"MED16",10025,0.580830054827872,0.428701493460895,0.786942797581185,0.000454446505189142,0.00729377095650427
"PLSCR1",5359,1.83500147649023,1.30696478888781,2.57637424309399,0.000454549849958336,0.00729377095650427
"FRMD6",122786,1.45856568240346,1.18104417222106,1.80129913844312,0.000456209571823435,0.0073142669574743
"C10orf12",84458,1.73514132668742,1.27477335864486,2.36176525274979,0.000459670071212227,0.00735126208367581
"ATP6V0E2",155066,0.704294445023047,0.57884019299081,0.856938877598289,0.000460941593235566,0.00736307292122755
"IP6K1",9807,0.39614008625815,0.235930536821337,0.665140553888751,0.000461583060472454,0.00736338548595214
"SCAMP4",113178,0.467496847180652,0.30539545728872,0.715640317849358,0.000465112029925486,0.00740732539249356
"B3GNT3",10331,1.44681104587065,1.17638677594492,1.77939963731055,0.000467487134348884,0.00742043686198432
"RALGPS1",9649,0.652998306460243,0.514335628710665,0.829043846930965,0.000466325938520104,0.00742043686198432
"PABPC1",26986,1.83040199171448,1.3044737741108,2.56837011043487,0.000468917424403479,0.0074308066085877
"SLC23A2",9962,0.581430598906611,0.428993992463078,0.788033276186254,0.000473086908334181,0.00748447749851769
"CCDC96",257236,0.566594533435388,0.411972459760186,0.779249577764832,0.000475931303920929,0.00752325458685587
"CSAD",51380,0.705813185480183,0.580477653703633,0.858210905483071,0.000477794629694225,0.00752525636683447
"CXXC1",30827,0.471108971523763,0.30880589018705,0.718715769688661,0.00047831843129534,0.00752525636683447
"FAM113A",64773,0.571205003832183,0.41719487842435,0.782068940144212,0.000476991652595367,0.00752525636683447
"GDI1",2664,0.427661345753783,0.265539563678889,0.688764506945964,0.000476919666991606,0.00752525636683447
"HNMT",3176,1.88840525389624,1.32181269267683,2.6978666665102,0.000477826995840078,0.00752525636683447
"KLF6",1316,1.71264429912279,1.26630150350646,2.31631289009429,0.000478418557121907,0.00752525636683447
"CALU",813,1.68702546111704,1.25780804099356,2.26271005884891,0.000480900664512554,0.00755808299928645
"NDUFS7",374291,0.685501345377544,0.554475087095062,0.847490005324366,0.000485043142718913,0.00761068104248126
"CHML",1122,1.70741457689912,1.26405030990836,2.30628837678063,0.00048760030667581,0.00763202214876286
"LPCAT1",79888,0.531826247953075,0.372958569629699,0.758366159256427,0.000487255867157944,0.00763202214876286
"CENPK",64105,1.45354372851432,1.17784346614615,1.79377772295691,0.000491503110167889,0.00766225764923674
"MARCH5",54708,3.55212285661617,1.74149661264471,7.24524911325177,0.000491535009965676,0.00766225764923674
"TATDN3",128387,0.442466188956123,0.27973249454068,0.69986981201744,0.000491498038483421,0.00766225764923674
"CCDC62",84660,0.666325520519552,0.530260216954195,0.837305317464547,0.000494641068219515,0.00769812832533334
"STAMBP",10617,2.40093309455931,1.46671267659461,3.93020379283421,0.000495419519388079,0.00770397491653316
"ZNF785",146540,0.469457046996696,0.306750732910431,0.718465826907121,0.000496167519711852,0.00770530001688188
"CAPN2",824,1.90387449737072,1.32492451480677,2.73580725636075,0.000499457922698161,0.00773577915410417
"DVL2",1856,0.356720629850061,0.199636155737698,0.637407624337433,0.000500295854740778,0.00773577915410417
"MYL12A",10627,1.65848570467384,1.24738526919628,2.20507240267457,0.000499716344756121,0.00773577915410417
"NCL",4691,2.74350925143595,1.55419643857518,4.84291613717434,0.000499906783361379,0.00773577915410417
"PDCD4-AS1",282997,0.663350156711999,0.526450668243442,0.835849314956806,0.000500719147763194,0.00773607038712973
"ZNF580",51157,0.643239591638359,0.501695374505152,0.824717932987111,0.000501816558890386,0.00774184693589293
"PRRT3",285368,0.65889138228969,0.520874831963117,0.833478269662988,0.000503647959188716,0.00775230268098564
"UACA",55075,1.93450421805567,1.33388126031115,2.80557698876603,0.000503603074537296,0.00775230268098564
"ATXN7L2",127002,0.558995128873128,0.402684604635828,0.775980880586372,0.000509761348985054,0.00783096127320449
"KIAA0895L",653319,0.674847704914772,0.540608457438779,0.842420088998161,0.000510293844947825,0.00783096127320449
"ACY1",95,1.49946201902865,1.19316961278097,1.88438116628623,0.000511016156791543,0.00783189585813449
"GRK6",2870,0.338540281266187,0.183736215135588,0.623772085188611,0.000513531761133356,0.00784530510798538
"PPP1R3B",79660,1.71895646573463,1.26611723182111,2.33375808876787,0.000515720590687081,0.007866178419515
"DNAJC28",54943,0.631780770419211,0.487462201188158,0.818826446232336,0.000519215336483277,0.00787552080960796
"GPSM2",29899,1.60651971143465,1.2292308693594,2.09961012822033,0.000518250271305681,0.00787552080960796
"IFFO1",25900,0.670415943446696,0.534937133618003,0.84020627655376,0.000517412284186363,0.00787552080960796
"RBM4B",83759,0.436104291050186,0.272946701031069,0.696791541916224,0.000518543064567794,0.00787552080960796
"ZNF143",7702,3.51654048015325,1.72895964794023,7.15231090748042,0.000517579946808777,0.00787552080960796
"AQR",9716,2.34579405122098,1.44913817340552,3.7972567638682,0.000521386040183579,0.00788013386263787
"SPTBN2",6712,1.50842140944221,1.19587221059357,1.90265743137744,0.000520641382202813,0.00788013386263787
"USP11",8237,0.502255230176472,0.340387740935101,0.741096948869606,0.000521390007391501,0.00788013386263787
"ITPR3",3710,1.50166338989524,1.19326404143208,1.8897686163788,0.000527393882275385,0.0079491432516007
"SULF2",55959,1.59436247732159,1.22459382555339,2.07578354230417,0.000530374683947145,0.00798294307721015
"LANCL2",55915,0.460778323436248,0.297250310359419,0.714268937489073,0.000531139560099218,0.00798671884120891
"STXBP1",6812,0.665513561734469,0.528557143566041,0.837957269604396,0.000532581201340301,0.00800210576436444
"CCNE2",9134,1.56183911809702,1.21344856594475,2.01025531635855,0.000535572225064216,0.00804072994411558
"SMPD1",6609,0.579735784751678,0.425759796236766,0.78939717439817,0.000537280213537666,0.00806004599555681
"B4GALT1",2683,1.66582297804303,1.24771918514312,2.2240310377674,0.000538371233148403,0.00807008352384758
"LIN9",286826,1.74319420703299,1.27248090277934,2.38803272944704,0.000539206857488968,0.00807628000249921
"CCDC159",126075,0.505244486192098,0.343138876768673,0.743931999869571,0.000543327506938206,0.00810772272760413
"HMGN3",9324,0.527397935540336,0.366961172695372,0.757978236141919,0.000545480520418603,0.00813203890416729
"GABRA1",2554,0.696117438823255,0.566866973161003,0.854838104135265,0.000546963600325175,0.0081434529556296
"SLC16A1",6566,1.50336726157343,1.19305427400785,1.89439254559507,0.000547407033363389,0.0081434529556296
"ZNF30",90075,0.584951337807441,0.431581308314601,0.792824112190911,0.000547523422436329,0.0081434529556296
"CTTN",2017,2.09307516885418,1.37677707549297,3.1820428597021,0.000548176622431439,0.00814473388899345
"PHKA2",5256,0.462402307819032,0.298496975886813,0.716308410298413,0.000552205600419812,0.00818762520870523
"BTBD10",84280,2.26623822615728,1.42445257320847,3.60548030470991,0.000553752128806025,0.00820419594707424
"IFIT2",3433,1.47561444900837,1.18319411835185,1.84030495786726,0.000554823021777817,0.00821369964206216
"C1orf213",148898,0.656386634601814,0.516795783746246,0.833682138350118,0.000558396862610237,0.00825383059593973
"ABHD14A",25864,0.620984763565391,0.473745353625402,0.813985981349133,0.000559619820759965,0.00826551993179603
"PAWR",5074,1.98081699496654,1.34323282063981,2.9210393814524,0.000562890534750112,0.00830100790914833
"PTTG3P",26255,1.71124303836711,1.26090231408647,2.32242633203629,0.000565173422043429,0.00831544003340358
"WDR76",79968,1.77015899200663,1.27946356457761,2.44904422738788,0.000565034703786929,0.00831544003340358
"ANUBL1",93550,0.482165403744006,0.318404157739932,0.730152138143589,0.000570172747269443,0.00838254737665076
"FIGNL2",401720,0.676378068314771,0.541429459474288,0.844961948951629,0.000573878535843177,0.00841116839469154
"OBFC1",79991,2.01384623382571,1.35206276112689,2.9995476320299,0.000573578102398291,0.00841116839469154
"RELL2",285613,0.704420733371656,0.576950474529636,0.860054010716258,0.000581278569077048,0.00850659157669219
"ATPBD4",89978,2.19100283267572,1.40130069568582,3.42574111864236,0.000582778260358173,0.00850783875829528
"MBD3",53615,0.661351540705542,0.522519746743657,0.83707048990853,0.000583143023585775,0.00850783875829528
"FKRP",79147,0.516794837950041,0.354753078297919,0.752852958495034,0.00058411809460414,0.00851556920388215
"FOXD4L1",200350,0.692032978328863,0.561038263256464,0.853613156997449,0.00058541114468769,0.00852318041278079
"SLC5A3",6526,1.59962957091733,1.22380185039015,2.09087342312597,0.000585977008564163,0.00852318041278079
"KIAA0913",23053,0.374196938193915,0.213647878842557,0.655393113717211,0.000586976930359853,0.00853123688981223
"FAM108A1",81926,0.646214280004058,0.50377557655487,0.828926440890449,0.000588600006399674,0.00854184546464837
"GSPT1",2935,2.37230342889669,1.44886531564727,3.88429724832001,0.000595197581979411,0.00861145548450847
"SEPT5",5413,0.700343167508714,0.571487112972369,0.858253040431821,0.000596048132535391,0.00861418379970545
"STS",412,1.57515344511715,1.21528270469833,2.0415894722046,0.000596286890302191,0.00861418379970545
"OPA1",4976,2.81416441785934,1.55848861167105,5.08153945523802,0.000600006630342707,0.00864181236337723
"LCE3E",353145,1.61363553006259,1.22771503054269,2.12086645443234,0.000601277050285939,0.00865359378541698
"P4HTM",54681,0.590179085081074,0.436623600434492,0.79773826270619,0.000604317474341912,0.00867361114908689
"RHOXF1",158800,0.697485458034673,0.567691597127894,0.856954668047057,0.000604935289009354,0.00867361114908689
"C1orf112",55732,1.86477047538133,1.30600548301409,2.66259902510411,0.000605564698449237,0.00867376366418418
"FLYWCH1",84256,0.547994339816977,0.388564949965967,0.772838096945561,0.000605852891480633,0.00867376366418418
"HNRNPF",3185,2.69878474200315,1.52984923006223,4.76088685116555,0.000608000057558627,0.00869149260158733
"MBOAT2",129642,1.4829961367796,1.183814826469,1.8577884754688,0.00060857055062354,0.0086931508004305
"AMACR",23600,0.582152939313211,0.427239344813563,0.793236973291633,0.000609502563812479,0.00869996681943379
"ZNF235",9310,0.556434016911956,0.39780260554842,0.778322743135198,0.000617914872850083,0.00880034085852833
"TIPARP",25976,1.71936787758678,1.26064521316529,2.3450102119173,0.000619740183566168,0.00881976971061763
"C6orf70",55780,0.504373919694559,0.340776395135854,0.746510188203139,0.000623164531768322,0.00883907012868167
"HRH3",11255,0.517652314449186,0.35498639820477,0.754856862149481,0.00062356849865066,0.00883907012868167
"JOSD1",9929,2.33748264740122,1.43696832212994,3.8023281674039,0.000625302669641718,0.00883907012868167
"RNF149",284996,2.71688074360841,1.53240605137355,4.81689625825606,0.000624178810333873,0.00883907012868167
"TCEANC",170082,0.486169088171441,0.321606239917263,0.734937177693619,0.000624641940626962,0.00883907012868167
"USF2",7392,0.391829889377121,0.229049678883685,0.670294160452641,0.000625422069560182,0.00883907012868167
"SLC39A10",57181,1.80258157335482,1.28582234818801,2.52702119633966,0.000629623068557103,0.00887457658975071
"OXSR1",9943,2.2352656372102,1.40892676302874,3.54625421278254,0.00063586647119168,0.00892586282484164
"POMT2",29954,0.485873064487246,0.321129602651632,0.735131961815192,0.000634677668579331,0.00892586282484164
"TMEM50A",23585,2.35479559938571,1.44057433467621,3.84920248918124,0.000635694838975306,0.00892586282484164
"AKAP8L",26993,0.497470660287462,0.33314047673207,0.742860970466455,0.000642725552160349,0.00897984779851789
"PLD3",23646,0.576243464428559,0.419891125821137,0.790815785037752,0.000642162518293621,0.00897984779851789
"PTPRK",5796,1.72422997131642,1.26098387817981,2.35765821072763,0.000643555886406924,0.00898488572212062
"EXT1",2131,1.94847191636746,1.32824397476815,2.85831735810085,0.000645198225060451,0.00898813288472779
"ZDHHC3",51304,1.76727965207627,1.27424048597865,2.45108941601716,0.000644521396946128,0.00898813288472779
"PARP4",143,1.75763190895889,1.27113476318669,2.43032447609709,0.000647279779012688,0.00901056792807545
"ARFGAP1",55738,0.568833123048755,0.411325781209083,0.786654123469405,0.00064799970584831,0.009014029362735
"PACS2",23241,0.482317257517957,0.317188724975264,0.733411746958487,0.000649825790903736,0.00902630203530557
"SP100",6672,1.92773936092164,1.32194836261989,2.81113782408393,0.000649467544733824,0.00902630203530557
"ABLIM3",22885,1.4871169285369,1.18377626061765,1.86818813040493,0.00065100536246401,0.00903118292601288
"ZC3H15",55854,3.64979047654317,1.73394028303829,7.68248517724244,0.00065112151696407,0.00903118292601288
"EXOC3L2",90332,0.652356980153006,0.510256325987525,0.834031070032739,0.000654880805409666,0.00905705362622609
"BCDIN3D-AS1",100286844,0.669620471444739,0.531687062298867,0.843337383157594,0.000654861351547225,0.00905705362622609
"BIRC2",329,2.60634358440832,1.50153095143145,4.52406716858578,0.000662465388242577,0.00912833197992578
"DDX18",8886,2.41972280872557,1.45489380872567,4.02438888388367,0.000662898160721331,0.00912833197992578
"RAB7A",7879,3.72017826773474,1.74621993016151,7.92553452442032,0.000662661246635026,0.00912833197992578
"BAK1",578,1.88181895630777,1.30758818684261,2.70822466886166,0.000664575818558353,0.00913171097813622
"SYPL1",6856,2.09951462577529,1.3697657390108,3.21804052934458,0.000664163179291812,0.00913171097813622
"ADSS",159,2.20303361388002,1.39756877660916,3.47271432012147,0.000670052204230352,0.00918374911802564
"SLC12A1",6557,0.669196743820896,0.530927923361191,0.843474720834818,0.000670283566098384,0.00918374911802564
"TNFRSF12A",51330,1.45382484421,1.17175620890596,1.80379387928796,0.000673242159446331,0.00921513188455854
"UNC119B",84747,0.577750985742411,0.421113339122464,0.792651693774193,0.000673537636566782,0.00921513188455854
"EFCAB8",388795,0.645609525413412,0.501666496601263,0.830854087582856,0.000674631252702114,0.00921634142914688
"C19orf73",55150,0.673907996489427,0.536768521905592,0.84608535932789,0.000674594827001575,0.00921634142914688
"FN3K",64122,0.610894078581054,0.459796835736748,0.811644505224612,0.000675071592107219,0.00921634142914688
"BAG4",9530,1.64833176056479,1.23556620443815,2.19898989072959,0.000677957346115667,0.00922282372628333
"NAPB",63908,0.537545878136711,0.375786140751756,0.768936210696102,0.000677647319413812,0.00922282372628333
"PKIG",11142,0.58505459400154,0.429470594093761,0.797001896450166,0.000677675133606685,0.00922282372628333
"PPP1R10",5514,0.508814120841678,0.344605503843435,0.751270094877858,0.000677832153911541,0.00922282372628333
"TCF19",6941,1.73498260031047,1.26267999371544,2.38394893271626,0.000677373955990713,0.00922282372628333
"ZNF416",55659,0.430576985637574,0.264837943510672,0.700037683811984,0.000678459764014726,0.00922309872516679
"GRIPAP1",56850,0.398933420267622,0.234785935424557,0.67784245048001,0.000679829924039809,0.00922648780687224
"KPNA1",3836,3.55622071516212,1.71005606872129,7.39549188255847,0.000683284718551464,0.00924270637322054
"RBM41",55285,1.90667197817233,1.31379502394995,2.7670968195767,0.00068326845710713,0.00924270637322054
"ORC6L",23594,1.4647224310448,1.17504512651669,1.82581226166662,0.00068706406409793,0.00928070222740192
"IQSEC1",9922,0.455742896920034,0.289492429071636,0.717468117418949,0.000688822322532647,0.00928478122838755
"POMGNT1",55624,0.468986193271844,0.302882874130466,0.726181861919582,0.000688219620229465,0.00928478122838755
"TCTE3",6991,0.665867013980528,0.526500653472688,0.842124083575034,0.000688676734487089,0.00928478122838755
"CBFA2T2",9139,0.476878791772728,0.310912635404367,0.731438211724163,0.000691420391602797,0.00929396092350021
"NAT9",26151,0.516493744925574,0.35261873347038,0.756527555759177,0.000691932888328765,0.00929396092350021
"PICALM",8301,2.57949734885522,1.49221368584488,4.4590172546124,0.000690636696466106,0.00929396092350021
"TSPAN6",7105,1.77753073633842,1.27497758410235,2.47817338753634,0.000691784835158981,0.00929396092350021
"ZNF335",63925,0.385937579374263,0.22267186617915,0.668911693825883,0.000691445629532866,0.00929396092350021
"SLC2A10",81031,1.49899666743969,1.18624811372006,1.89419985836583,0.00069757829561707,0.00936321407738084
"ZNF232",7775,0.47395840097768,0.307807042707517,0.729796706018752,0.000698349704775863,0.00936699495318929
"FAM160A1",729830,1.42114418205321,1.15981492496317,1.74135609286785,0.000698936924550568,0.00936830172100821
"FAM164C",79696,0.61192510432395,0.460625234436513,0.812921883795507,0.000700884857165773,0.00938783239706564
"AP2A2",161,0.311006108379115,0.158259641993095,0.611177924017684,0.000702995966685932,0.0093878509603876
"LOC100216545",100216545,0.693349768654235,0.561006960466332,0.85691254399638,0.000701663236241498,0.0093878509603876
"TMC3",342125,0.617335173799043,0.467032231876361,0.816009454590245,0.000703340326566394,0.0093878509603876
"ZNF688",146542,0.592447451980859,0.43766854539511,0.801963008426271,0.000702855118091418,0.0093878509603876
"ITGA7",3679,0.704240037503832,0.574920101982015,0.862648616240092,0.000705957918068655,0.00940787807241548
"C7orf55",154791,0.604169452437435,0.451320247754981,0.808784292471445,0.000709133357457225,0.00941262576549919
"ZNF287",57336,0.669497772375021,0.530751089407575,0.844515020619981,0.000708696661761585,0.00941262576549919
"ABCE1",6059,2.6117996775234,1.49811817193788,4.55337748602799,0.000711040285270894,0.00942654077038847
"AIM1",202,1.42005125354494,1.15908797777332,1.73976919902876,0.000711920604526385,0.00942654077038847
"CPA5",93979,0.66367592290091,0.523393607486039,0.841557337228509,0.000714992267841484,0.00944451457666026
"SPHK2",56848,0.609444628738041,0.457470507239125,0.811905357001521,0.000714958086261532,0.00944451457666026
"GABARAP",11337,0.440426743102142,0.273886323538957,0.708234400072078,0.000716093752432047,0.00945253637182041
"CBX8",57332,0.545043202741347,0.383405090384198,0.774825635613911,0.000721190469276514,0.00948055677378136
"SMNDC1",10285,3.25364110134792,1.64234616813224,6.44576680714008,0.000718776672631871,0.00948055677378136
"WDR24",84219,0.488914079750117,0.322935339420143,0.740200740517015,0.000720512047043526,0.00948055677378136
"PMM1",5372,0.617938073101181,0.467474321252531,0.81683088210042,0.000722085427427309,0.009485802177474
"ITGB1",3688,1.81592052140296,1.28494144244281,2.56631721192163,0.00072312491966307,0.00948642684389269
"DCLK2",166614,0.702130199755343,0.571753542379775,0.862236577243664,0.000740077341037452,0.00965583854162574
"CXorf42",158801,0.545963380050645,0.384122341567858,0.775992386018681,0.000741537148645234,0.00966170370717806
"HAPLN3",145864,1.42819026742977,1.16102763671342,1.7568293600272,0.000743669942289089,0.00968289651883145
"C1orf203",84852,0.598803905667852,0.444453881328674,0.806756634391757,0.0007466212058885,0.00968972226264965
"GABPB1-AS1",100129387,0.606345687048646,0.453326283264986,0.811016492479848,0.00074742245210583,0.00968972226264965
"SHROOM3",57619,1.630711866952,1.22711088024484,2.16705860556586,0.000749941250582959,0.00968972226264965
"SSFA2",6744,1.58661744215097,1.21326982895241,2.07485165102249,0.000745539131633311,0.00968972226264965
"TMEM201",199953,0.524115367622386,0.359972370443144,0.763105563462503,0.000750484855801031,0.00968972226264965
"VEZT",55591,2.19385888777419,1.3892615936434,3.46444243581475,0.000750779965140732,0.00968972226264965
"SLC46A1",113235,0.63489930767647,0.487410614829701,0.827017546650889,0.000756875239989813,0.00974360235245387
"SUOX",6821,0.543656716717809,0.381331913546227,0.775079701260193,0.000756992371817141,0.00974360235245387
"STAT5B",6777,0.54955866468185,0.387863214751789,0.778662978184642,0.000759605361973498,0.00976418350893564
"BRCC3",79184,2.23614501811063,1.39971351325068,3.57240570637075,0.000760519298546024,0.00976927644277354
"DIDO1",11083,0.378066288893223,0.214601652067637,0.666043888387422,0.000761153653273087,0.00977086303768747
"TJP1",7082,2.28374797015243,1.41187533085278,3.69402643222413,0.000763431764773817,0.00979353411457331
"DNAJC13",23317,2.14481196033626,1.37503919214595,3.3455179833981,0.000768078273171407,0.00980055579116045
"GRIK1",2897,0.610995182109111,0.458562436264626,0.814098763957879,0.00076661804287286,0.00980055579116045
"LACTB2",51110,1.65030732497213,1.23259251248626,2.20958203077436,0.000767161300494175,0.00980055579116045
"MMAA",166785,2.45721423970289,1.45556714857503,4.14814378416663,0.000765229292412616,0.00980055579116045
"MYNN",55892,3.0917117968624,1.60176687774742,5.96758614980263,0.000768069058479566,0.00980055579116045
"ADCK1",57143,0.506976821000648,0.341240414862115,0.753209426075103,0.000770678328405711,0.00980104015120747
"C20orf12",55184,0.58829596737759,0.431843105813453,0.801430289319562,0.00077029287396234,0.00980104015120747
"LRRC14",9684,0.53906682296107,0.37606436399487,0.772721553646878,0.000769870844393468,0.00980104015120747
"NLK",51701,0.417367892962572,0.250840098403587,0.69445020626545,0.000769294154757623,0.00980104015120747
"RAP2B",5912,1.9838387418563,1.3308664442544,2.95718339783888,0.000770164899721338,0.00980104015120747
"APH1B",83464,0.595124347307919,0.439675619047744,0.805532473066733,0.000779346814138988,0.00985493171616744
"ARHGAP21",57584,1.90383086297421,1.30766014085131,2.77179967606374,0.000780583549432408,0.00985493171616744
"EZH2",2146,1.5926214459954,1.21410042286641,2.08915425979022,0.000776303648843542,0.00985493171616744
"NDST2",8509,0.450441007510074,0.282862137789133,0.717300317506423,0.000780470043160531,0.00985493171616744
"ANKRD16",54522,0.498048138484001,0.331602643384184,0.748039719212953,0.000782911965386297,0.00986675601071564
"LEPREL2",10536,0.656088620757226,0.513030717641478,0.839038021477562,0.000783804501169548,0.00986675601071564
"NAALADL2",254827,1.50191550759473,1.18460966399377,1.90421390312532,0.000782088168845519,0.00986675601071564
"PAN2",9924,0.556248572289469,0.394932046701379,0.783457500495092,0.000789433510117195,0.00992402107483638
"TNFRSF21",27242,1.69032335022836,1.24407509990938,2.29664031418629,0.00078968787974596,0.00992402107483638
"LRWD1",222229,0.565954353898084,0.405889886297152,0.789140950562396,0.000790327010971351,0.00992553167357127
"FAM165B",54065,0.457730791082352,0.289974698774128,0.722537097169562,0.000792737153255559,0.0099394237404588
"NEURL2",140825,0.668295398513282,0.528121551652394,0.845674141259033,0.000792010415090679,0.0099394237404588
"CNNM4",26504,1.67831906456044,1.24014447818408,2.27131187697707,0.000796023217780323,0.00997088152356531
"CLPTM1",1209,0.41086862591966,0.244315285290959,0.690963840285585,0.000797098942801842,0.00997750900639095
"SLC2A11",66035,0.5699370219325,0.410321739965629,0.791642697256294,0.000797595612002497,0.00997750900639095
"PDCD6IP",10015,2.29370783274626,1.41171959939705,3.72672846948401,0.00080127287277247,0.0100104155699014
"CATSPER3",347732,0.692586584048075,0.558697502058618,0.858561519670181,0.000804403516409146,0.0100429674010168
"CSDA",8531,1.52067578025545,1.18999175683037,1.94325281278831,0.000807163511107134,0.0100577306038737
"ERAS",3266,0.628813719900913,0.479362899546741,0.824858775490341,0.000806466587924748,0.0100577306038737
"TOPBP1",11073,2.39779408102605,1.43745901673645,3.99970808771773,0.000808212347846436,0.0100642432143612
"EPSTI1",94240,1.42020776630343,1.15661329115541,1.74387594790104,0.000811203517405156,0.0100815284799871
"HIC2",23119,0.444639975269391,0.276684192153497,0.714550065433024,0.000812235864885249,0.0100815284799871
"KIF25",3834,0.669050813620947,0.528818982967555,0.846469218436351,0.000811422011855317,0.0100815284799871
"C5orf54",63920,0.583638474727545,0.425836891421975,0.799916296694807,0.000813837236019902,0.0100889280958017
"UCK2",7371,1.82984741796895,1.28454595665706,2.60663431751518,0.000816793584765579,0.0101156672929905
"NCDN",23154,0.480636834182583,0.312924003216299,0.73823600618255,0.000819772660165741,0.0101356119398773
"RBM7",10179,2.29579503869875,1.41095878207268,3.73552716541531,0.000819743069319111,0.0101356119398773
"ASCC1",51008,2.08626113105672,1.35572434407975,3.21045021133148,0.000826379445877008,0.0101909475572466
"HSF2",3298,0.520737452864709,0.355204049687492,0.763413297383849,0.000828637551859749,0.0102122103443437
"ETV6",2120,2.01294260074598,1.33546806210924,3.03409570686278,0.000832422424320619,0.0102390634790871
"CCDC43",124808,2.92268611025979,1.55792435637458,5.4829966963118,0.000834382202121744,0.0102435935940251
"INTS1",26173,0.54471434990603,0.381388324997987,0.777983235315645,0.00083655958542648,0.0102635504749534
"RACGAP1P",83956,1.66892127183861,1.23567770308457,2.25406528307713,0.000837924476418353,0.0102737060643935
"ALKBH5",54890,0.420098858161343,0.252477319544682,0.699005561951998,0.000842623483363864,0.0103180917838032
"GPR150",285601,0.684559898202234,0.547930652648442,0.855258328698258,0.000848554015116414,0.0103840643935583
"DENND1B",163486,1.46887998707134,1.17185955553098,1.84118344748324,0.000850252490173368,0.0103981965342366
"C22orf32",91689,0.504624286665034,0.337599556241949,0.754283191384577,0.000853113793463522,0.010414621859759
"ENO1",2023,1.70642412366648,1.24648600982736,2.3360737841207,0.000853229071691452,0.010414621859759
"GNPNAT1",64841,1.6070602554713,1.21605431133138,2.12378891357896,0.00085257556973241,0.010414621859759
"PITPNB",23760,2.92982369237941,1.5574368528265,5.51153445024069,0.000855624660207043,0.0104305499526961
"SLC25A4",291,0.550597910691476,0.387692349911112,0.781955226424573,0.000855482121552242,0.0104305499526961
"EIF3J",8669,3.03666903068937,1.58043775144886,5.83468649334295,0.000857235476932608,0.0104321238613524
"ESYT2",57488,2.22640081639253,1.39070665462472,3.56427473669561,0.000857155418857466,0.0104321238613524
"BAIAP2-DT",440465,0.506384722024863,0.33940035386103,0.755525101205974,0.000858480836397173,0.0104321238613524
"DIAPH2",1730,1.8116170634049,1.27726423057734,2.56952031212547,0.000861200885071448,0.0104452690734062
"LMO4",8543,1.49031904811236,1.17859155914753,1.88449581869822,0.000861111477113211,0.0104452690734062
"VANGL1",81839,1.41481233415251,1.15362902388407,1.73512793058094,0.00086083631136253,0.0104452690734062
"ADORA2A",135,0.692536439538804,0.557918482499944,0.859635834145594,0.00086404008557089,0.0104570945068334
"PRPF8",10594,0.466123053124864,0.297479151652835,0.730372866290827,0.000864785251042166,0.0104570945068334
"PI4KA",5297,0.418755524948698,0.250893978709229,0.698925460775156,0.000866812978428371,0.0104734882112441
"OSMR",9180,1.46613443306414,1.17047791031751,1.83647222802625,0.000868924021424738,0.0104923672713327
"FAM71F1",84691,0.572356061755968,0.412094722781369,0.794942141500318,0.000871157044057891,0.0104928342454
"TMEM88",92162,0.690484427402595,0.555227021608361,0.858691536849923,0.00086987026555263,0.0104928342454
"ZNF181",339318,0.572092987435254,0.411802692629209,0.794774760172072,0.00087047617314252,0.0104928342454
"AHR",196,1.52244705717324,1.18866078079676,1.94996342046535,0.000872719742510534,0.0105050412303329
"GDF11",10220,0.658722597951289,0.515136462762261,0.842331095579912,0.000875551000274737,0.0105222470418902
"KDELC2",143888,1.80315300473421,1.27418163958747,2.55172469722186,0.000875799513289546,0.0105222470418902
"NBN",4683,2.09323958602676,1.35480549665204,3.23415573330436,0.000874807971016931,0.0105222470418902
"SERPINB8",5271,1.6233621943967,1.22017291895844,2.15977979288872,0.000880956487968613,0.0105576784118895
"TSEN54",283989,0.589792562706943,0.432094498818998,0.805044424252525,0.000880781531351764,0.0105576784118895
"SLFN5",162394,1.45615718321497,1.16687248849116,1.81715976950519,0.000881957188275439,0.0105630526863772
"HOXC4",3221,1.49003244299238,1.17792039103393,1.88484442418137,0.000882878363356316,0.0105674683704107
"GLUD1",2746,2.64033849680385,1.48972782491978,4.6796382943843,0.000884185482131759,0.0105698848229588
"OIP5-AS1",729082,2.00825855378163,1.33143478745143,3.02914003513237,0.000884114778134664,0.0105698848229588
"DIRC2",84925,2.07109590020083,1.34812685546761,3.18177641104914,0.000888786594145081,0.010609423676407
"C7orf27",221927,0.644148130391283,0.496946079543042,0.83495339025136,0.000891765403745346,0.0106272877741042
"NUCB1",4924,0.445122103652305,0.276111702876463,0.717585256603561,0.000893682599329797,0.0106368805708656
"PHLDA1",22822,1.56609869260974,1.20190040692998,2.04065586537142,0.000894515473053838,0.0106401725454607
"CCDC52",152185,1.95659871227261,1.31666030902681,2.90756734643004,0.000896434204523032,0.0106431390626394
"CEMP1",752014,0.633855135438799,0.484326109996014,0.829549190989196,0.000896226381180013,0.0106431390626394
"NHS",4810,1.44917294335879,1.16424664102228,1.80382931396664,0.000895435271108157,0.0106431390626394
"GPR39",2863,1.48474638309228,1.17581363367637,1.87484798523128,0.000897932847262929,0.0106496249021538
"SFXN3",81855,1.847570419905,1.28600055475318,2.65436623949443,0.000898256879309008,0.0106496249021538
"FAM129B",64855,1.73982269714304,1.25468665223053,2.41254102138797,0.00089922849530653,0.0106498720927108
"PSEN1",5663,2.47421212341808,1.44934553874755,4.22378616279392,0.000900140623041481,0.0106540777827441
"CEP164",22897,0.448795439343569,0.279652728429133,0.720240948504205,0.000901006517718988,0.0106577313941936
"KIAA0182",23199,0.539046815514828,0.374245625426033,0.776419147146734,0.000902561171389914,0.0106695225742737
"CERK",64781,0.594849519762784,0.437674967887545,0.808467417887446,0.000906340662138828,0.0106943725137134
"PRR3",80742,0.45007824822953,0.28079580744711,0.721415434835217,0.000911514093764849,0.0107421627057549
"UNC119",9094,0.463357983769425,0.294078165696241,0.730080115314088,0.000912590820044359,0.0107482294427269
"FANCI",55215,1.5664429005091,1.20143512137917,2.04234362463004,0.00091386479003336,0.0107566103624419
"C9orf37",85026,0.603929180770048,0.448203071590471,0.813761615000357,0.000918206244445095,0.0107944258374317
"NLN",57486,1.66944434022298,1.23268292632661,2.26095806600318,0.000926956966438119,0.0108731120373275
"RAB5A",5868,2.53497258338729,1.4618239746052,4.39593693232506,0.000927062232042486,0.0108731120373275
"RAN",5901,2.24974373281357,1.39229949779709,3.63524289949258,0.000927173405807557,0.0108731120373275
"PPPDE2",27351,1.94023486255148,1.31063078841127,2.87228970595406,0.000928152039413989,0.0108779191531075
"NOTCH2",4853,1.51606654573475,1.18501071500337,1.93960927272254,0.00093157215806014,0.0109113170038067
"SEC16A",9919,0.352007297550047,0.189685153525187,0.653235823814931,0.000933621045608442,0.010928622851501
"AFAP1L2",84632,1.48539125182425,1.17508131366024,1.87764637676297,0.000935141201556425,0.0109397221786971
"PDGFC",56034,1.43555542987135,1.15879278013266,1.77841925456005,0.000937394156313202,0.0109593753226177
"FAM72B",653820,1.45467341153387,1.16493617456323,1.81647267930106,0.000942654513365519,0.010964372196696
"FLJ39653",202020,0.553796044574334,0.390192564446747,0.785996676848602,0.000940207667555505,0.010964372196696
"NAIF1",203245,0.26822730451719,0.122997329211608,0.584938610860235,0.000939642109703936,0.010964372196696
"PCNT",5116,0.502571422312722,0.334277191164854,0.755594581985312,0.000942980721679555,0.010964372196696
"TRPC7",57113,0.361504794268692,0.197808883157833,0.660666569635169,0.000941953343162468,0.010964372196696
"UCP3",7352,0.660314141345491,0.516352218674804,0.844413463313563,0.000940500380944539,0.010964372196696
"C1orf135",79000,1.44806134694799,1.16275509367772,1.80337344977136,0.000943580714438021,0.0109646830650401
"RMND5B",64777,0.417253812994902,0.248530742361558,0.700519955014282,0.000945106706396156,0.0109757474033025
"FAM104A",84923,0.361883134051584,0.198087570887289,0.661118727057905,0.00094672682264846,0.0109878907383477
"FOSL2",2355,1.62994595760853,1.21999496509171,2.17765146639329,0.000948883250178711,0.0110026486351763
"MTHFD2",10797,1.72231693804921,1.24766686532675,2.37753820152493,0.000949148860147482,0.0110026486351763
"LINC00938",400027,0.566772732548159,0.404712959952739,0.793726324943041,0.000951753547550269,0.0110194855351053
"PARD6B",84612,1.50832464329323,1.18202938447481,1.92469261716068,0.000951222367936232,0.0110194855351053
"HABP4",22927,0.593763164478265,0.435827400005374,0.808931920037372,0.000953490053061298,0.0110329124288587
"CCDC157",550631,0.668227305217871,0.526060017747887,0.848815185290767,0.000956658573472559,0.011056198510459
"SRPK1",6732,1.66746166215132,1.23102802670123,2.25862314621311,0.000958481227690764,0.0110705739384307
"SS18L1",26039,0.500558562766928,0.331918818687144,0.754879990686703,0.000961808928002877,0.0111023049884798
"DEPDC5",9681,0.419925677512836,0.250849133240154,0.702962662684569,0.000964371853854911,0.0111133067429563
"KIAA1522",57648,1.56852550247514,1.2006398550718,2.04913425247553,0.000963993192780615,0.0111133067429563
"TOLLIP",54472,0.474221338550686,0.304492594144992,0.738559433828856,0.000964505107612665,0.0111133067429563
"ACOT4",122970,1.6301340988368,1.21951946557826,2.17900349702942,0.000965866792274294,0.0111197981549078
"HELLS",3070,1.53382570799752,1.18968581101389,1.97751480326483,0.000967473449069596,0.0111238937871186
"RCC2",55920,1.92560746067161,1.30459101270528,2.84224255454981,0.000972273412467731,0.0111624691238117
"SREBF1",6720,0.585363913083393,0.425825817161903,0.804673875867942,0.00097192847214818,0.0111624691238117
"WHSC1L1",54904,1.9300912898155,1.30560541764877,2.85327583408038,0.00097715086127693,0.0111983010926566
"SQRDL",58472,1.95995868208899,1.3137004401281,2.92413545596546,0.000978481345955719,0.0112026949297992
"ZNF653",115950,0.587668093477219,0.428420995980652,0.806108457174555,0.000978705663600904,0.0112026949297992
"NCRNA00094",266655,0.518310209351442,0.35065407699091,0.766126763513717,0.000980169957479069,0.0112127456798458
"ATG16L1",55054,2.18012943606031,1.37132926571996,3.46595414886104,0.000984286118518028,0.0112499715250721
"ZNF607",84775,0.582953532032326,0.422884143730389,0.803612113500352,0.000984600425208903,0.0112499715250721
"VPS35",55737,2.46690065875943,1.44163693259983,4.22131170655636,0.000985815373333408,0.0112571287437302
"TOB1",10140,1.56986037374199,1.20041910732755,2.05300097107908,0.000986612618097149,0.0112595104691791
"DNAJC18",202052,0.624179792345025,0.47153591862412,0.826236979589341,0.000987923302167786,0.0112629119357727
"GGA2",23062,0.45644514209229,0.286226727811501,0.727892078187952,0.000988359102436857,0.0112629119357727
"VDR",7421,1.67187319458828,1.23135740398458,2.26998267906449,0.000988677217554368,0.0112629119357727
"BZW2",28969,1.78590416122363,1.26458913463542,2.52212642487665,0.000991631873520868,0.0112831307821735
"FLJ10038",55056,0.530033040407556,0.363235560884619,0.773423789343459,0.000992814539774074,0.0112883754486714
"ATG4D",84971,0.563486865314648,0.400462588814555,0.792876678748045,0.000995175263058583,0.0113032762805947
"FGFBP3",143282,0.682530336042663,0.543677712207804,0.856845239667384,0.000997292357417588,0.0113205999527159
"ZNF682",91120,0.681975622485283,0.542955895579114,0.85659029297053,0.000998895622221139,0.011332073882695
"C20orf186",149954,0.580325119675965,0.419652060363155,0.802515408206229,0.00100129755995344,0.0113376199263686
"MAP3K13",9175,1.46529278140408,1.16703500238849,1.83977595431211,0.00100113452520807,0.0113376199263686
"PSMA3",5684,2.41101850533359,1.42706967955051,4.07338920892214,0.00100525351419308,0.0113704813518457
"BLZF1",8548,1.89348114233534,1.29419869873836,2.77026305147318,0.00100800867096579,0.0113881759300429
"TSPAN14",81619,2.19468440811566,1.37362173914185,3.50652549677549,0.00100985011257472,0.0113955180549951
"MLLT1",4298,0.364438623807582,0.199642116327183,0.665267995381793,0.00101164763061868,0.0114023478083933
"DCLRE1B",64858,1.96160112003329,1.3125309595644,2.93164814595528,0.00101423389266837,0.0114113245088635
"ESPL1",9700,1.41866974792534,1.15162058374575,1.74764491194861,0.00101371681800716,0.0114113245088635
"SEZ6L2",26470,0.659685408909522,0.514756199041874,0.845419325766529,0.00101370017237887,0.0114113245088635
"LINC03062",100129066,0.702403546469622,0.568967768686645,0.867133024480378,0.00101547161557548,0.0114168163230996
"C18orf18",147525,0.626987372084727,0.47455516416321,0.828382439893778,0.00102065744418598,0.0114633675484117
"MRPL34",64981,0.548646761955709,0.383431574186319,0.785050813937962,0.00102414878503227,0.0114845490748578
"ADAM10",102,1.69818112992658,1.23795804841359,2.32949666891722,0.00102505999368795,0.0114858362620207
"LOC730101",730101,0.621736029295794,0.468163660394448,0.825684953417381,0.00102614748961994,0.0114912898325296
"C12orf48",55010,1.57556061214185,1.20095257015223,2.06701855196342,0.00103112283065039,0.0115102518999904
"JUB",84962,1.48967511456588,1.17411035671061,1.89005397514249,0.00103245605389762,0.0115102518999904
"LOC100129534",100129534,0.653680821767335,0.507092459278312,0.842644391428232,0.00103265500394121,0.0115102518999904
"SLC25A35",399512,0.541627829356616,0.375532267725601,0.781186413914014,0.00103252486330607,0.0115102518999904
"ZNF672",79894,0.403257939388975,0.234444792672355,0.693625837565543,0.00103083982916065,0.0115102518999904
"RPS10P7",376693,0.544665435208795,0.37888394694013,0.782984971274235,0.00103409521222735,0.0115195918021389
"C17orf100",388327,0.635598077477977,0.484836793579737,0.833238981536291,0.00103589229464936,0.0115252955358527
"PCYOX1L",78991,0.559403784529483,0.395368279906576,0.791496460514872,0.00103622202646525,0.0115252955358527
"SFRS16",11129,0.597383444238808,0.439108282413646,0.812708376824573,0.0010364149276764,0.0115252955358527
"SKIL",6498,1.47566764808301,1.16950958083574,1.86197278182426,0.00103874763769128,0.0115445241523075
"FAM60A",58516,1.72303010139372,1.24474292723646,2.38509708739634,0.00103947311163408,0.0115458781685395
"FAM19A4",151647,0.68946637332465,0.552078031442717,0.861044730766052,0.00104008858870001,0.0115460095392136
"CRIPAK",285464,0.676334282214433,0.535346214915246,0.854452779442796,0.00104278943639539,0.0115683144002272
"SNX33",257364,2.42020992140928,1.42686314249607,4.10510012434783,0.00104330748891054,0.0115683144002272
"ALKBH4",54784,0.494474903589156,0.324501036519072,0.753481199635968,0.00104894747430026,0.0115848578374771
"INPP5E",56623,0.544927260511393,0.379007557696991,0.783482316428778,0.0010488180654739,0.0115848578374771
"PPIL6",285755,0.658761579735768,0.513206414820418,0.845598976169889,0.00105119773142834,0.0115848578374771
"THAP7",80764,0.599411530653363,0.44137659396746,0.814030893325295,0.00104676884093039,0.0115848578374771
"ZNF346",23567,0.500319120098197,0.330621758634073,0.757116600462111,0.00105161980794764,0.0115848578374771
"CCDC58",131076,1.84723799893671,1.2795466447832,2.66679471094535,0.00105377005353902,0.0115902586624732
"C17orf65",339201,0.604447049334967,0.447204088772951,0.816978745548191,0.00105696258976319,0.0115986938923698
"EXOC3L",283849,0.620445951152758,0.46629375010424,0.825559378001088,0.00105518831326669,0.0115986938923698
"TRIM3",10612,0.48816384416798,0.317821245541518,0.749804936252224,0.00105668206368103,0.0115986938923698
"C1orf56",54964,0.556636405806557,0.391969570510241,0.79047995451766,0.0010609267504863,0.0116117063801063
"DUSP10",11221,1.50062589906145,1.17690332317677,1.91339258254074,0.00106118381097014,0.0116117063801063
"MAP3K10",4294,0.570690286255893,0.407908122964566,0.798433236533329,0.00106108014842693,0.0116117063801063
"RBMXL1",494115,2.31347788307508,1.39979086466574,3.82355682593746,0.00106807958001887,0.011673804644012
"FADD",8772,2.0903777000716,1.34396831790638,3.25132584655246,0.00106902873475843,0.0116775057736862
"ATL2",64225,1.97832224102453,1.31437666161109,2.97765397366006,0.00107431737809702,0.0116819036332357
"GTF2F1",2962,0.341676898826777,0.179551338383727,0.650193444631345,0.00107044596504686,0.0116819036332357
"NSUN6",221078,0.509023552132731,0.33963327464479,0.762896323679742,0.00107215206524094,0.0116819036332357
"COPS2",9318,3.27893448176666,1.60916583069925,6.68135696806738,0.00107601413989401,0.0116870655614723
"PPPDE1",51029,2.30667502738061,1.39769428570307,3.80680506199886,0.00107595400385015,0.0116870655614723
"GGA3",23163,0.359326255246933,0.194549393011785,0.66366363683264,0.00107683851805666,0.011689381574841
"CCDC138",165055,1.59475998542697,1.20552857899327,2.10966330905478,0.00107822270100972,0.0116946498494888
"PPT2",9374,0.4399414371843,0.268888249362551,0.719810064629562,0.00108025248901428,0.0117065095509213
"MDC1",9656,0.42812102070121,0.257410032535055,0.712045317586001,0.00108170444461908,0.0117156064055658
"ATP13A1",57130,0.443663836837826,0.272409328165211,0.722580248787526,0.00109227644795065,0.0117888559351623
"CKS1B",1163,1.5007431176509,1.17627949405832,1.91470642526126,0.00108987545344716,0.0117888559351623
"PHLPP2",23035,0.580673945983077,0.419045342474286,0.804643787597394,0.00109117484035692,0.0117888559351623
"RAB24",53917,0.604135447326738,0.446446740620536,0.817521118441534,0.0010927820135433,0.0117888559351623
"TENC1",23371,0.651208018642288,0.503404505867082,0.842407802476018,0.00109232785482818,0.0117888559351623
"ZNF414",84330,0.682223823265218,0.5423134379429,0.85822941580809,0.00109256790731185,0.0117888559351623
"C20orf29",55317,0.471121319839843,0.299858395651222,0.740200378667407,0.00109462101462697,0.0118020384141883
"NCAPG2",54892,1.60218913076022,1.20713289843666,2.12653471216857,0.0011018443542866,0.0118531928933858
"PARK2",5071,0.647856013047066,0.499158272377946,0.840850361232606,0.00110265214733321,0.0118552150770333
"APOBEC4",403314,0.69314897010342,0.556159866431229,0.863880196603221,0.00110469679312781,0.0118638605065444
"ROGDI",79641,0.587272078009526,0.426521538670014,0.808607449661424,0.00110685322157983,0.011880348804241
"LRRC57",255252,2.56220431918581,1.45565914741214,4.50990946948359,0.00110834513225644,0.0118896900418783
"TAF1D",79101,1.84710040921301,1.27741254089019,2.67085206423392,0.00110941301461539,0.0118929128837118
"TFRC",7037,1.59281707948032,1.2040950573012,2.10703152820065,0.00110988913564205,0.0118929128837118
"WDHD1",11169,1.55072749386239,1.19123303998396,2.01871143555011,0.00111253373118407,0.0119079086045651
"KRBA2",124751,0.690439336703181,0.552496757816911,0.862822217366027,0.0011241512171294,0.0120053826521686
"CYFIP1",23191,2.17942923302721,1.36374777405775,3.48298407676991,0.00112623602582519,0.0120075342619612
"NICN1",84276,0.557523383047885,0.392247412159223,0.792439447679478,0.00112696377535025,0.0120085995159467
"PRMT3",10196,2.10366526102771,1.344229534471,3.2921516876181,0.00113567691551001,0.012074537166737
"ERI1",90459,1.94448570795355,1.30270547406696,2.90244014760414,0.00113824742659012,0.012078591050537
"PLAC8L1",153770,0.672927786956464,0.530077564557597,0.854274613256001,0.00113920958750621,0.012078591050537
"TMEM144",55314,1.50330797959843,1.17597221482849,1.92175873972832,0.0011392156770622,0.012078591050537
"CAPG",822,1.4216965547222,1.15010164101021,1.75742823211139,0.00114236740264231,0.0121052971248418
"ZNF767",79970,0.67944317002347,0.53825753427327,0.857661977578877,0.00114629242904163,0.012140163505138
"DARS",1615,2.29526338445839,1.39103781656528,3.78726871498258,0.00114726594718032,0.0121401757195709
"LRRC8A",56262,1.42255243685427,1.15025627595915,1.75930831928093,0.00114883243856451,0.0121401757195709
"UBXN2A",165324,2.57422856451317,1.45582398202354,4.55182273693882,0.00114825573511801,0.0121401757195709
"KDM6B",23135,0.5127774177206,0.342797536221191,0.767043669632863,0.00115097871287518,0.0121561401662969
"CCDC64",92558,0.671957116542389,0.528727020579458,0.853987689104884,0.00115223270878293,0.0121626683338251
"ITPRIPL2",162073,1.99219758832325,1.31454078167749,3.01919216675522,0.00115706273583533,0.0121934649853015
"ANTXR2",118429,1.48898693520705,1.17106758562818,1.89321446552378,0.00115966886365198,0.0122141995347309
"KDM4B",23030,0.47276884350599,0.300766763491644,0.743135234742122,0.00116828768434875,0.0122914403402302
"NDE1",54820,1.54082673457673,1.18684439053848,2.00038610361482,0.0011695161535488,0.012296413390435
"RRM1",6240,2.08170444560769,1.33706222565514,3.24105588783611,0.00117060726446964,0.012296413390435
"ZCWPW1",55063,0.662665959131052,0.516874551916884,0.849579790226721,0.00117108374321803,0.012296413390435
"ZNF441",126068,0.629880781068638,0.4764512823728,0.832718502474719,0.00117372221509926,0.012296413390435
"C2orf49",79074,2.3281306961201,1.39713130066898,3.87951550124267,0.00118052551955846,0.0123519992028053
"DPY19L1",23333,1.67382854274685,1.22609393113318,2.28506309294316,0.00118114741161348,0.0123519992028053
"SOX12",6666,0.643200709255269,0.492610428856166,0.839826215914883,0.00118438274332704,0.0123666855430138
"TXN",7295,1.59748509272443,1.20357178741419,2.12032107113404,0.00118433829643188,0.0123666855430138
"UEVLD",55293,1.73510179645366,1.24355891151431,2.42093737271413,0.00118449144741994,0.0123666855430138
"ITGAV",3685,1.54788838628396,1.18850995020539,2.01593470545089,0.0011903534429761,0.0124211076398275
"PAICS",10606,2.15248376430673,1.35365548134952,3.42272196983613,0.00119714316826398,0.0124766079476822
"TRIP10",9322,1.47101658535921,1.16467231444209,1.85793872454024,0.0011976291207165,0.0124766079476822
"CLIC1",1192,1.6065953036889,1.20582851467893,2.14056015296876,0.00120212812447354,0.0124924967287306
"FAM156A",29057,0.629089849949995,0.475209149876236,0.832799703905486,0.00120241995491154,0.0124924967287306
"UMPS",7372,2.40810925098053,1.41473144837092,4.09900421124843,0.00120212870484386,0.0124924967287306
"PRKRIP1",79706,0.506261989800226,0.335295049430288,0.764404970344701,0.00120419120340399,0.0124973223806338
"PARN",5073,3.07471572727312,1.55767995744948,6.06920359880623,0.0012063939259524,0.0125133929618718
"USP26",83844,1.85500304948385,1.27601091052883,2.69671386443575,0.00120884881639094,0.0125252715661482
"ZNF397OS",100101467,0.566017968459417,0.401020129903272,0.798903388456342,0.00120846149684873,0.0125252715661482
"PQLC3",130814,1.83727160799318,1.27104284208676,2.65574601403357,0.00121303276872774,0.0125482302690403
"NT5C3L",115024,0.58238226939206,0.419719190795142,0.808085775300632,0.00121621652094439,0.012562115941209
"SFI1",9814,0.603199005213297,0.444069360332789,0.81935182291712,0.00121634541345318,0.012562115941209
"ARPC3",10094,2.47580512039051,1.42900914909003,4.28941340092547,0.00122474289239601,0.0126147858389114
"GRIN2C",2905,0.703241430967221,0.568045058554997,0.870614932355659,0.00122957868646177,0.0126305862169464
"PDXP",57026,0.62998618355694,0.476051756072202,0.8336963080385,0.00122770264663095,0.0126305862169464
"PSPN",5623,0.642838850542534,0.491734289257644,0.840376188511694,0.00122927583421767,0.0126305862169464
"RAD18",56852,1.93085018349663,1.29561012593727,2.87754962428371,0.00122841271842892,0.0126305862169464
"RNF7",9616,2.61779310159326,1.4603741353016,4.69252403003837,0.00123064091907759,0.0126347122164236
"PSMA6",5687,2.47350655110881,1.42789907064936,4.28478089533022,0.00123516136123622,0.0126675235154773
"NAB1",4664,1.93743884090145,1.29706224050046,2.89397774835017,0.00123607652618756,0.0126701156036385
"GPR45",11250,0.570302070552674,0.405620654786231,0.801843909669926,0.00123689801702883,0.0126717452446226
"CCDC28B",79140,0.586486870109672,0.424218821984882,0.810824110070479,0.00124263233017286,0.0127182900271324
"SIN3B",23309,0.473137322438288,0.300373796791765,0.745267823875008,0.00124553586309933,0.0127397670874336
"MTBP",27085,1.53124476911145,1.18215123713659,1.9834268825117,0.00124871128954945,0.0127586008735108
"SLC25A24",29957,1.66695304582216,1.22220077061298,2.27354827765502,0.00125017242257541,0.012766710051575
"WDR43",23160,2.13810473223244,1.3475706754478,3.39239486973524,0.00125304405439552,0.0127892068454766
"GPRASP2",114928,0.685294872844936,0.544714449593599,0.862156425440775,0.0012547036841922,0.0127913085122017
"LINC00847",729678,0.522568680790257,0.352297902106806,0.775133841302526,0.00125456185009922,0.0127913085122017
"P4HA1",5033,1.44088975145268,1.15411804974292,1.79891760318959,0.00125592499534244,0.0127913085122017
"ANKRD23",200539,0.667780240328172,0.522469380742222,0.85350542215366,0.00125911264878103,0.0128101317198058
"HAGH",3029,0.478764759756737,0.305986423268,0.749104135853004,0.00126098441801778,0.0128155414258375
"SGTA",6449,0.487380224655983,0.314846968426695,0.754460125732547,0.00126519552057601,0.0128446893429179
"SPAG5",10615,1.54892285061031,1.18705217247897,2.02110914142257,0.00126848947563572,0.0128712987800979
"MBOAT1",154141,1.47489902788991,1.16441807792978,1.86816675531019,0.00127217291247401,0.0128881627631835
"ASGR1",432,0.699489883591227,0.562776830723779,0.869414074167205,0.00127674739113577,0.0129215464227413
"AES",166,0.520219155334719,0.349467253997134,0.77440151110521,0.00128414830694806,0.0129443221760826
"PIP4K2B",8396,0.449205477412866,0.275966199183994,0.731196652105879,0.00128448389659668,0.0129443221760826
"TMEM80",283232,0.602573603593955,0.442695835348282,0.820190565973016,0.00128193106140972,0.0129443221760826
"TNFRSF10B",8795,1.44735903909421,1.15565447240876,1.81269422484158,0.00128308303569417,0.0129443221760826
"ABHD6",57406,0.563317717743959,0.397138992537071,0.799032220676849,0.00129126595891062,0.0129716617626488
"LUZP6",767558,2.38704378573125,1.40503956069449,4.05538619295655,0.00129283899327693,0.0129806464170119
"CTNS",1497,0.508658354522917,0.336941150664167,0.767888757772552,0.0012963334738661,0.0130020819898463
"C17orf69",147081,0.668985753052688,0.523625874893225,0.854697904068877,0.00129957403994034,0.0130236721179835
"MTDH",92140,1.97000862235104,1.30319007503132,2.97802603510788,0.00129984786287606,0.0130236721179835
"PLD6",201164,0.651140478096103,0.501310899420944,0.845750456862115,0.00130159813672201,0.0130343809220324
"COPB2",9276,2.14213187382741,1.34622451864438,3.40859113863717,0.0013069512595788,0.013074297459186
"FAM120A",23196,2.30853795631379,1.38597381656551,3.84520070440271,0.00130975931447938,0.0130865540701882
"SOX4",6659,1.55011257965438,1.18649529606568,2.02516522195275,0.00131022905026456,0.0130865540701882
"REPS2",9185,1.48842643176325,1.16774915915414,1.8971653504561,0.00131527711254902,0.0131232683003261
"AP3D1",8943,0.349814909886632,0.184285067501648,0.664028143126128,0.0013180423948395,0.0131387776965492
"FAM200B",285550,0.502450688095629,0.330141222735702,0.764693036137078,0.00131820538504093,0.0131387776965492
"SMS",6611,2.19376141155858,1.35814526441851,3.54350102078662,0.00132163224962924,0.0131660729368013
"GNA12",2768,0.492229547401286,0.319305939114423,0.758801818741149,0.00132768222902529,0.0132066148172835
"SUMO3",6612,2.6965871291129,1.47149895019315,4.94161558453228,0.00132777332010436,0.0132066148172835
"C17orf101",79701,0.533331077449498,0.36331027746451,0.782917676203718,0.0013299111373053,0.0132210032865065
"CYTSB",92521,1.7754146517711,1.25024458842127,2.52118442656391,0.00133585908584962,0.0132616749337785
"DCAKD",79877,0.47324598715286,0.299634678595161,0.74744941208518,0.0013355296934334,0.0132616749337785
"ZNF217",7764,1.61784080475933,1.20583714598338,2.1706155580485,0.00133608237556288,0.0132616749337785
"NGFRAP1",27018,0.59628073947208,0.434682832220241,0.817954365598738,0.00134613843972983,0.0133407201744624
"ACTR2",10097,1.99074927036447,1.30668354226876,3.03293225119808,0.00134960358469923,0.0133681345233258
"SSH3",54961,1.55158670826193,1.18598839917255,2.02988605532291,0.00135445952396324,0.013402352465
"SMAD5OS",9597,0.655424195248399,0.506146882527633,0.848727692585478,0.00135643750450113,0.0134112939181583
"MYO5C",55930,1.63662983386245,1.21065160796608,2.21249217814914,0.00136139981803397,0.0134293420936234
"AGBL3",340351,0.667724429536886,0.521413376830571,0.855091053686635,0.00137184830561539,0.0135020957879067
"C1orf107",27042,1.96168805682332,1.2984535777064,2.96369473530256,0.00137180627011387,0.0135020957879067
"SLC35E2B",728661,0.503364479754245,0.330584504579426,0.76644790051672,0.00137481910592013,0.0135131165291605
"MYD88",4615,1.82425313650241,1.2621270839228,2.6367388422531,0.00138099856979045,0.0135597328769927
"RRAS",6237,1.50183050017194,1.17039444887029,1.92712367477801,0.00138990459498118,0.0136331821477974
"KGFLP1",387628,0.704476432094777,0.568305638289024,0.873274889320366,0.00139145498065131,0.0136344054379701
"ACOT9",23597,2.09961451714036,1.33216159916998,3.30919396215389,0.00139572697093351,0.0136413233382959
"TJP2",9414,1.70127630264347,1.22809074783219,2.35678109540789,0.00139570700771789,0.0136413233382959
"C9orf156",51531,0.449994343890201,0.275724230839335,0.734411005216174,0.00139779479416378,0.0136461795255906
"PGM2L1",283209,1.53609889738058,1.1804497029972,1.99889907765044,0.00140011734150152,0.0136461795255906
"PTOV1",53635,0.602908582841033,0.442018519336197,0.822360926888919,0.00139909699618239,0.0136461795255906
"ZNF77",58492,0.501401746931219,0.328274202471241,0.765834506437352,0.00140074369022042,0.0136461795255906
"C17orf108",201229,0.637721745450433,0.483894179415707,0.840450333813514,0.00140249654195392,0.013651680080383
"ZNF618",114991,0.607752644586142,0.447691819434689,0.825039147393518,0.00140714195888441,0.0136760184184869
"CEP250",11190,0.432692728077186,0.258715935541416,0.723662408112106,0.00141026112867558,0.0136924185828314
"C19orf44",84167,0.482958420031078,0.308903760034738,0.755085776400664,0.00141288152075172,0.0137109004806789
"ABCD4",5826,0.522257846063945,0.350464275543472,0.778262655594176,0.00141434492023698,0.0137111886920287
"DYNC1I2",1781,2.37131337224063,1.39537092723292,4.02984396451351,0.00141611260942371,0.013721370760105
"KDM5B",10765,2.19567771870196,1.35448367851536,3.55929031916315,0.0014176519317858,0.0137258731087399
"MAP1LC3A",84557,0.650153605586485,0.499058321514154,0.846994614927223,0.00142000260628923,0.0137312385492893
"CLNS1A",1207,2.35530094601378,1.39143727084565,3.98684343342473,0.00142232940291863,0.0137398457018306
"GTF2B",2959,2.59740561383764,1.44454974163896,4.67032441204884,0.00142954711843826,0.0137713890390019
"WIPI2",26100,0.334517994518031,0.17064537300765,0.655759290064952,0.00142941070300216,0.0137713890390019
"ZNF639",51193,3.23297099759471,1.57149626964141,6.65105076811513,0.00143201086577827,0.0137846360491902
"WDR5CP",401127,0.636516238721109,0.482143131706247,0.840316693347638,0.00143479475537441,0.0138044865623975
"IFIH1",64135,1.53909852664439,1.18062294328082,2.00641897415296,0.0014360229288294,0.0138093567419407
"ORC1L",4998,1.41775319478564,1.14376878130256,1.7573692814345,0.00144266414177126,0.0138299482264887
"PDLIM5",10611,1.86801148445566,1.271835133359,2.7436472027961,0.00144268057621667,0.0138299482264887
"SH3GLB1",51100,2.57567331664616,1.43915679241588,4.60970831603868,0.00144322563183309,0.0138299482264887
"ZNF32",7580,0.494212161875615,0.320342958565167,0.762450537510666,0.00144253423458566,0.0138299482264887
"TUBG2",27175,0.601529648244844,0.43997230200405,0.822410674647956,0.00144664590813166,0.0138557818151398
"HMGB2",3148,1.70712803280482,1.22815368324217,2.37290019983063,0.00145681623008447,0.0139044531101925
"LSM12",124801,2.62817406605955,1.4497749446125,4.76439391312159,0.00145431249951407,0.0139044531101925
"SIAH3",283514,0.699866171773966,0.561820197164088,0.87183170143399,0.00145490782124029,0.0139044531101925
"USP3",9960,2.04534517747025,1.31656273008776,3.1775446770561,0.00145484955552945,0.0139044531101925
"WRAP53",55135,0.532379506295573,0.361122494401213,0.784852627897018,0.00145613588594893,0.0139044531101925
"DHCR24",1718,1.45509047188341,1.15482539116303,1.83342719823085,0.00146919755465783,0.0140086448793322
"DOCK5",80005,1.41691730619061,1.14300540440922,1.756469956168,0.00147559685773675,0.0140494501013251
"ZSWIM3",140831,0.527558119165357,0.355683025345435,0.782487634395794,0.0014756807263848,0.0140494501013251
"BCL10",8915,1.55062997583369,1.1831403980368,2.03226373298024,0.00148018552061851,0.014078323447474
"PDP1",54704,1.62035935097129,1.20326556205257,2.18203238676701,0.00147999633250622,0.014078323447474
"WDR19",57728,0.585124078759552,0.420432418518844,0.814328706502611,0.00148372953717522,0.0141050173248263
"DDX21",9188,1.6001173720372,1.19732028716051,2.13842163350231,0.00148749553711347,0.0141267761362311
"PML",5371,1.85530260527421,1.2670846914282,2.71658854409915,0.00148983399668405,0.0141419627069855
"SLC25A42",284439,0.605345729536688,0.444101075068905,0.825135251499785,0.00149227099020492,0.014151049692439
"SPIN2B",474343,0.572226106610397,0.405482336142895,0.807538794910908,0.00149174408445797,0.014151049692439
"LSMD1",84316,0.605983522830178,0.444847602333053,0.82548726353872,0.00149350247389542,0.0141557095233884
"MAFF",23764,1.47271546683103,1.15969516592041,1.87022496081715,0.0014973075573933,0.0141847457405952
"C15orf17",57184,0.471592096168042,0.29641074557892,0.75030716154976,0.00151154168478404,0.0142897225748863
"PGM2",55276,1.92933554629393,1.28550837006456,2.8956137018434,0.00151212414343964,0.0142897225748863
"CLCN5",1184,0.641749454038889,0.487904934702332,0.844103702313392,0.00151425577784612,0.0142957405048681
"CDCA4",55038,1.67856745335871,1.21873146310229,2.31190281106137,0.00151894999218554,0.0143310154148964
"CLPX",10845,2.37182946218748,1.39063454592126,4.04532953262265,0.00152165935809855,0.0143310154148964
"SFRS6",6431,0.382122719527742,0.210835348514342,0.692567796663114,0.00152063673818449,0.0143310154148964
"SPG7",6687,0.536127334751801,0.364667860096769,0.788203597080906,0.00152248775673496,0.0143310154148964
"SSRP1",6749,2.70124709676929,1.46139616961733,4.99298960097536,0.00152230462277218,0.0143310154148964
"INADL",10207,1.95598180591107,1.29185048928387,2.96153839534171,0.00152494479172229,0.0143470826518801
"NXT2",55916,1.66953144096114,1.21597958090981,2.29225496555811,0.00152939558225292,0.0143677550597994
"CAP1",10487,1.8209480052987,1.25675240293482,2.63842872331732,0.00153575737704649,0.0143863882311514
"FAM193B",54540,0.684104534180165,0.540892331867224,0.865235068262611,0.0015358919207409,0.0143863882311514
"PLEKHA5",54477,1.72888876208764,1.23206000934288,2.42606393276828,0.00153884628758544,0.014407005845642
"RPL34-DT",285456,0.642009753295999,0.488014387737335,0.844599121837851,0.00154050203263014,0.0144154512613095
"GLTSCR1",29998,0.552231423451865,0.382353934120694,0.797584431160604,0.00154671150136245,0.0144594090354641
"C20orf152",140894,0.642386731460187,0.48836309302374,0.844987507555251,0.00155500846044359,0.0145227767689964
"GRK4",2868,0.608820420798037,0.447657944485174,0.828003410521345,0.0015616379671044,0.0145775741321649
"URGCP",55665,0.358967971217088,0.190251251505057,0.677304371668152,0.00156256294314984,0.014579093372501
"TMED8",283578,0.546800084811714,0.376142909113103,0.79488493736351,0.00156363967135004,0.014582026325652
"MTMR2",8898,2.58588359827272,1.43488684032316,4.66015423370245,0.00156928335817411,0.0145990675057375
"SERTAD3",29946,1.7787479590002,1.24470627273168,2.54192042810523,0.0015684603384028,0.0145990675057375
"CARKD",55739,0.445067578492232,0.269391478486363,0.735305921842538,0.0015762166762221,0.0146422031889752
"C9orf91",203197,0.505388094673403,0.330955334059931,0.77175709212579,0.00158062302262329,0.0146688872167471
"ZNF517",340385,0.579684883622939,0.413237486107191,0.813175415102045,0.00159101787348985,0.0147276378086888
"GPD2",2820,2.02675426287463,1.30721238599728,3.14236071053341,0.00159249725568801,0.0147290594823716
"PSPH",5723,0.553888585791078,0.383814017920667,0.799326108857893,0.00159512130067292,0.0147390749362178
"EIF3E",3646,2.20882922444341,1.35018725955716,3.61351842732944,0.00160223133624014,0.0147815744134773
"ZNF207",7756,3.29516285924488,1.57108321607585,6.91121778772966,0.00160281201095582,0.0147815744134773
"R3HCC1",203069,0.518565514953298,0.344849191070508,0.779790703478257,0.00160531296622313,0.0147975041469638
"DGKA",1606,1.52555949072036,1.17340673752584,1.9833973040194,0.0016095322636353,0.0148125132280634
"C9orf25",203259,0.557502087163707,0.387745321565732,0.801579180728299,0.00161181612843427,0.0148196214611499
"THEM4",117145,0.455868170129158,0.279776880395968,0.742791142151507,0.00161236117847299,0.0148196214611499
"RAB36",9609,0.689406653920841,0.54706164170789,0.868789727217088,0.00162167986420087,0.0148838151451871
"PMAIP1",5366,1.43231515508379,1.1454577539807,1.7910103592675,0.0016273836201796,0.0149024875569224
"RALGDS",5900,0.512712501481105,0.338394496510311,0.776827377176337,0.00162598906683478,0.0149024875569224
"C5orf55",116349,0.652396136631386,0.500173113179391,0.850946817964815,0.00162935424075599,0.014911319886574
"MECP2",4204,0.398790014104965,0.225070554733073,0.706593874700521,0.00163301458831985,0.0149372238108466
"TXLNA",200081,0.401008062812282,0.227093720458709,0.708110581462325,0.00163452760161562,0.0149372238108466
"GUSBP3",653188,0.693724997073883,0.552444330932596,0.871136410709005,0.00164769710151708,0.0150288519125976
"MYL12B",103910,1.77469865239268,1.24160976263128,2.53667086197011,0.00164768607822196,0.0150288519125976
"MLLT6",4302,0.486425382228953,0.310513846957843,0.761993884635703,0.00165025402318502,0.0150378316824487
"PRKAR1B",5575,0.605019637632548,0.442412941108649,0.827391624222685,0.00165305531865023,0.0150490190765459
"TUBE1",51175,0.478169580186137,0.301958401070749,0.757210750237795,0.0016564284211827,0.0150653858354548
"SHBG",6462,0.691814559500181,0.549906345557826,0.870343447757325,0.0016577454557225,0.0150701983515229
"STAU1",6780,2.95471184663151,1.50426992243433,5.80369384937011,0.00165869753085505,0.0150716901057789
"C12orf76",400073,0.617363271664823,0.457095909419299,0.833823714775519,0.00166065965836943,0.0150777763500953
"G6PC3",92579,0.504542161831185,0.329414248434995,0.772774080886545,0.00166094394153034,0.0150777763500953
"ELP2P",100131454,0.629518395231004,0.471761748515507,0.840028703431839,0.00166482766888718,0.0150987002478924
"TPRKB",51002,2.27285196756424,1.36229117026328,3.79203519719083,0.00166779444671698,0.0151163250764418
"CDKN2AIPNL",91368,0.504808308322799,0.329619766093431,0.773107241631541,0.00167070227477162,0.0151245422070995
"RNF146",81847,0.469901641855272,0.293409281497877,0.752558173657768,0.00167206396050088,0.0151284613871809
"ATPAF2",91647,0.477244181586943,0.300654496934651,0.757553973683275,0.00170263741581193,0.0153397766614389
"GLT25D1",79709,1.75193577138596,1.23429434201647,2.48666695015991,0.00170109403249345,0.0153397766614389
"ZNF233",353355,0.632405344159373,0.47496306224242,0.842037099544403,0.00170683715032877,0.0153631407879239
"MRE11A",4361,2.05794667553439,1.31083479085585,3.23087588831687,0.00171207828024702,0.0153885908206226
"ABHD4",63874,2.05139614514655,1.3089450052177,3.21497551657813,0.00172217294884015,0.0154430389087977
"LOC90784",90784,0.59908749591289,0.434801808086059,0.82544695326598,0.00173025675700769,0.0155009934385415
"PDCL3P4",285359,0.578744056335855,0.411048104756721,0.814855193024953,0.00173135990054666,0.0155036146150543
"ZNF10",7556,0.663735822402757,0.513592941892361,0.857771215308082,0.00173340840381484,0.0155146946840274
"SLC35A3",23443,1.5406682736226,1.17553080431279,2.01922290818647,0.0017376561051601,0.0155381712591853
"LRFN3",79414,0.700293038013736,0.56031576130643,0.875239236438879,0.00174101080443019,0.0155567126481102
"C21orf33",8209,0.425242380084945,0.248953750774737,0.726364159035837,0.0017460657007296,0.015591502641389
"ZNF708",7562,0.590314159496557,0.424369896842044,0.82114874192368,0.00174728410121742,0.0155951017284114
"GINS4",84296,1.48757507784795,1.15998066549805,1.90768663483214,0.00175223580818078,0.0156101603647293
"TCF7L2",6934,1.52929782173384,1.17203827313879,1.99545687300515,0.00175190624395266,0.0156101603647293
"SF1",7536,0.259907734715166,0.111750898908882,0.60448758107842,0.00175497673226898,0.0156272045940412
"XRCC5",7520,2.55288952219229,1.41919287430186,4.59221930333124,0.00175630653695669,0.0156272045940412
"FZD6",8323,1.66099436116418,1.2086245170196,2.28267938385239,0.00175958756830904,0.0156465046113654
"KATNBL1P6",729176,2.04643857327847,1.30651776719538,3.20539906869534,0.00176150728943256,0.0156562964335393
"GPATCH3",63906,0.429750348249679,0.2531148491352,0.729650443076421,0.00176626053649254,0.0156839671687525
"TUBD1",51174,0.544564174218133,0.372053823569165,0.797062470685102,0.001766248310433,0.0156839671687525
"ENDOD1",23052,1.68034677030658,1.21366426313869,2.32647969808195,0.00176908134903168,0.0156985775716946
"RAP1GAP2",23108,0.684852613108419,0.540141658845595,0.868333508442654,0.0017739962915326,0.0157234601798629
"WASH3P",374666,0.629096619553991,0.470438239380033,0.841263578521626,0.00177395104286919,0.0157234601798629
"ST3GAL3",6487,0.597414606084603,0.432449506235425,0.825308403448431,0.00178117758387382,0.015772492429053
"GNL3",26354,2.21089550411928,1.34392499268071,3.63715159458767,0.00178540126358051,0.0158025774958373
"SUCLG2",8801,1.71756714733613,1.22316722829129,2.41180178586819,0.0017899651877528,0.0158283236921626
"MAN1B1-DT",100289341,0.676587517217724,0.529389253889248,0.86471469734558,0.0018012378265936,0.0159038950219976
"PPP1R14B",26472,1.48859052200687,1.15947834735077,1.9111195541268,0.00180433168807104,0.0159038950219976
"QDPR",5860,0.654679678715872,0.50173974938285,0.854238641149542,0.00180534039340445,0.0159054563356273
"PIGA",5277,1.86789398634519,1.26142008995317,2.7659524150706,0.00181196880811117,0.0159491612483858
"APLP2",334,1.75590071959889,1.23264884382009,2.50126980814167,0.00181691552670641,0.0159779969100292
"MAGED1",9500,0.529637073486421,0.355187999454756,0.789766067665225,0.00182236711595569,0.0160045484397767
"NUDT21",11051,2.38988682482578,1.38200844062431,4.13279605795729,0.00182244505159375,0.0160045484397767
"UBA6",55236,2.04595333576092,1.30449216883791,3.20885410591635,0.00182341918819368,0.0160057543885179
"C1orf163",65260,1.99977991230602,1.2933348472988,3.09209923943134,0.00182846103540201,0.01602886732876
"FBXO45",200933,2.22335289675403,1.34522089011228,3.67471107521379,0.00182848048467547,0.01602886732876
"PRAF2",11230,0.639448362607942,0.482710244784128,0.847080029604175,0.00182856634659666,0.01602886732876
"KIF13B",23303,1.60478696116655,1.1917835749218,2.16091347869026,0.00183509084464346,0.0160606335746248
"OCIAD2",132299,1.534853817755,1.17222707791861,2.00965861158913,0.00183638864577322,0.0160606335746248
"SETDB2",83852,0.499892607643499,0.323142034780899,0.773321302337076,0.00184108075824227,0.0160869582745088
"ERBB2IP",55914,2.00912662391968,1.29503272352506,3.11697899027241,0.00184697821886111,0.0161311198137701
"PRELID2",153768,1.50004884840765,1.16204071677521,1.93637496098545,0.00185319549060358,0.0161780329296096
"KIAA1217",56243,1.5521914341167,1.17664417397257,2.04760139168582,0.00186496089088897,0.016265894646618
"DSCC1",79075,1.50641496111671,1.16357476822993,1.95027092116166,0.00187214253983135,0.0163210894983383
"WASH7P",653635,0.667843092233515,0.517802595004723,0.861359908480096,0.00187402728694928,0.0163258094383018
"ARAP1",116985,0.532184234330707,0.357578274978955,0.7920505217685,0.00187675146062092,0.0163334023798257
"PELI1",57162,1.66335500890537,1.20682518160158,2.29258547785589,0.00188120358979524,0.0163405000281624
"ZNF780B",163131,0.618419382619861,0.45675415545125,0.837304988330312,0.0018805318429868,0.0163405000281624
"RAPH1",65059,1.61127110884851,1.19266126250614,2.17680800729162,0.0018846467281704,0.0163555526178381
"SEPTIN11",55752,1.58778431042372,1.18614485410275,2.12542254658665,0.001888408083939,0.0163807625494337
"TNKS1BP1",85456,1.74047200838743,1.22693486773848,2.46895160585317,0.0018935601816203,0.016410568914296
"SLC1A4",6509,0.613614712270194,0.450867359077933,0.835108169916,0.00189694318850927,0.0164250033348197
"SLMAP",7871,1.66449099529951,1.20679352466242,2.29577820630763,0.00189841188112062,0.0164302823756534
"NSMCE2",286053,1.94415402534903,1.27777765235022,2.95805367023657,0.00190502707794878,0.0164730145408928
"PTTG1IP",754,1.85930384952097,1.2569250213759,2.75037153851808,0.00190507179194097,0.0164730145408928
"ZC3H12B",340554,0.660500630054428,0.5082781952357,0.858311622240636,0.0019152294812575,0.0165413815092814
"NECAB3",63941,0.662469522446388,0.510692427368077,0.859354563826414,0.00192434843053708,0.0166096626493153
"OSBPL10",114884,1.66609038408895,1.20669860048373,2.30037323888574,0.0019253443402097,0.0166107628304876
"NXF5",55998,0.486899194680937,0.308933289743932,0.767385172305155,0.00193098715838431,0.0166449311944313
"NAGLU",4669,0.489323978509906,0.311431433000222,0.768830408793683,0.00193340537432411,0.0166577678354492
"NAMPT",10135,1.55848917367931,1.1772328808339,2.06321836912599,0.00193605767225203,0.0166598841087731
"TUBB",203068,1.97825927592823,1.28513698994422,3.04520824894002,0.00193626404422035,0.0166598841087731
"PTP4A2",8073,2.08769684056478,1.31074124079618,3.32520101027469,0.0019394057875813,0.016679412994185
"ALPK1",80216,1.72080203927088,1.22072497012851,2.42573858225174,0.00194515263572202,0.0167063019593422
"GPN1",11321,2.26229863299417,1.34984286443782,3.79154880888957,0.00194460025311338,0.0167063019593422
"ZFYVE27",118813,0.542977572605754,0.36896854667878,0.799050886604456,0.00194844622433256,0.0167120766514838
"SESN1",27244,0.661686659450051,0.509531790184947,0.85927756369283,0.00195118674664221,0.0167280810860715
"HTATIP2",10553,1.62143613820282,1.19400603722959,2.20187760220223,0.00196357501272603,0.0168009115169334
"PSMA5",5686,1.97117225477333,1.28269044677572,3.02919544443099,0.00196407372572087,0.0168009115169334
"CDK9",1025,0.403659772699355,0.227218350296669,0.717112908719519,0.00197425471401878,0.0168729088092213
"DNAJC30",84277,0.50644821033046,0.329120159051473,0.779319597092232,0.00197605410348557,0.0168807444561717
"UBTF",7343,0.342994002402678,0.174063369235167,0.675873885477103,0.00198851571631956,0.0169720393155039
"HNRNPK",3190,4.81402992530265,1.77732966006712,13.0391590498941,0.00199342660194824,0.0169910725573721
"CHP",11261,1.7598155569859,1.22968533224828,2.51849047345089,0.00199824654071222,0.0170155468140244
"ACBD4",79777,0.650159487926321,0.494770616120892,0.854350169488101,0.00200436218143222,0.017046436391398
"MAD2L1",4085,1.46866484213149,1.15076959726243,1.87437730684262,0.00201269844702826,0.0170945307266028
"TERF2IP",54386,0.522068063401243,0.345491053765024,0.788891810231633,0.00203041140027176,0.0172004166406309
"ZNF629",23361,0.394835399761199,0.218812037799233,0.712460769857756,0.00203056102758115,0.0172004166406309
"KBTBD6",89890,0.569792811716753,0.398582864866626,0.814545423052046,0.00203556278315597,0.0172351524362214
"NAA15",80155,2.33265275344469,1.36185252469275,3.99549053182589,0.00203708298281356,0.0172403921293252
"AKT1S1",84335,0.492923620610615,0.31444907474731,0.772696488139232,0.00204048940392488,0.0172539526210748
"BAHD1",22893,0.448272865257657,0.269203019598327,0.74645730952848,0.00204318758631999,0.0172691334350608
"CASP8",841,1.69872927620951,1.21290834255841,2.37914197849813,0.0020490661226977,0.017295694552445
"NUP107",57122,2.05982496510966,1.30105360827802,3.26110996494955,0.00205169192515509,0.0173027828273551
"TSGA10",80705,0.693333005577434,0.549278355875478,0.875167665867424,0.00205575367717071,0.0173141349992268
"GOLGA3",2802,0.424096946147055,0.24575834381073,0.731849901583706,0.00206041385138579,0.0173454410309417
"NCKAP1",10787,2.14757857041892,1.32046336607553,3.49278430179392,0.00206861534270406,0.0173765505752747
"ACTR3",10096,2.00113756286485,1.2869261027614,3.11171833170216,0.00207058277193014,0.01737781337372
"CMTM6",54918,1.74958956186805,1.22558733230048,2.49762995612224,0.0020698683182879,0.01737781337372
"C19orf23",148046,0.667732185010075,0.51637308814274,0.863457606789684,0.00207462201498438,0.017389051954549
"FKBP8",23770,0.554542425533668,0.381013816843042,0.807102756180219,0.00207611473865186,0.017389051954549
"PLCG1",5335,0.479438645099955,0.300266142916743,0.765525584011703,0.00207638972540019,0.017389051954549
"ZMYND17",118490,0.562187312938225,0.389618902646304,0.811189017478489,0.0020804260435508,0.0174129980575062
"GALT",2592,0.520520899288471,0.343439605871525,0.788907283737779,0.00208698170077582,0.0174292726603203
"HSD17B1",3292,0.665432056687698,0.513384713672905,0.862510725922671,0.00208764906492361,0.0174292726603203
"PPP3R1",5534,3.27401073233321,1.53838432625869,6.96779477824095,0.00208592213128407,0.0174292726603203
"QSER1",79832,1.97848935266755,1.28120409749546,3.05526662478749,0.00208626942619983,0.0174292726603203
"CHST12",55501,0.585331631537027,0.416130346792407,0.823331250697551,0.00209300823953702,0.0174587739195921
"CCDC130",81576,0.647481497575289,0.490854220894348,0.854087164491503,0.00209668093817017,0.0174615881356824
"PPOX",5498,0.529420609484544,0.353031104928151,0.793941887370036,0.00209791025962243,0.0174615881356824
"SP140L",93349,1.54037828781133,1.16973238851878,2.02846847095101,0.0020959076300802,0.0174615881356824
"UGP2",7360,2.50234169223127,1.39498082297461,4.48874553796845,0.00209457810094692,0.0174615881356824
"C17orf56",146705,0.669301330551389,0.51821000388865,0.864445432771142,0.00209907324380885,0.0174636685229804
"GSTP1",2950,1.43560516062349,1.14011917664448,1.80767258320704,0.00210345155012476,0.0174825037516777
"DMPK",1760,0.648902634091247,0.492522716083284,0.854934432017865,0.00211210692734181,0.0175283116635172
"RASAL2",9462,1.77632554738633,1.23147391723816,2.56224058514681,0.00211253940013551,0.0175283116635172
"CCDC99",54908,2.05134087416712,1.29734550165903,3.24354566817213,0.00211523869142062,0.017537135002515
"ZBTB4",57659,0.537659933338383,0.36192990629236,0.79871322842253,0.00211926052648217,0.0175400675422001
"POU4F2",5458,0.241747426248978,0.0977164161643802,0.598075741947936,0.00212482794600553,0.0175557598804526
"USP36",57602,0.417896019974926,0.2395176150888,0.729119999988884,0.00212347984540291,0.0175557598804526
"ZSCAN22",342945,0.403620688137298,0.226264340542717,0.719997059641262,0.00212323098519533,0.0175557598804526
"DGCR8",54487,0.457753770238295,0.278031852409998,0.753649311584555,0.0021280620518086,0.0175679594805559
"C3orf54",389119,0.67761492184015,0.528577790445578,0.868674376033412,0.00213435226062273,0.017604034363489
"AMZ2",51321,0.437853326163754,0.258444489252004,0.741805467733248,0.00213835077419789,0.0176193110757544
"CENPBD1",92806,0.540833631832562,0.365300322411641,0.800713821959325,0.00213992776555871,0.0176193110757544
"POLRMT",5442,0.567732750765241,0.395531637959158,0.814904410566392,0.00214088654678509,0.0176193110757544
"RAB1A",5861,3.19181742192575,1.52136642876449,6.69641334414238,0.00214153500464001,0.0176193110757544
"SNAP23",8773,1.90307797508014,1.26198789602017,2.86984193006652,0.00213927999795464,0.0176193110757544
"PSMD14",10213,2.05605909403491,1.2973265203378,3.25853124243765,0.00215566836473353,0.017711112032757
"HAUS2",55142,3.28360537863238,1.53613001273435,7.01897898823758,0.0021587819565478,0.0177290779230957
"C2orf63",130162,0.678225761347062,0.529112296068979,0.8693621123007,0.00217586758780964,0.0178317273056217
"CCDC109A",90550,1.49289090135192,1.15534029622623,1.92906215650851,0.00218333733538637,0.0178846651879808
"CORO7",79585,0.500646879825371,0.32160607207736,0.779361212491623,0.00218458458250573,0.0178862295597389
"SYMPK",8189,0.437647512405653,0.257956407026955,0.742510516882962,0.00218539857171066,0.0178862295597389
"CCNYL1",151195,1.89888569089627,1.25974314266371,2.86230323069373,0.00219255231071716,0.0179370281594088
"LOH12CR2",503693,0.700714779490575,0.558079467292191,0.879805172870575,0.00219348088382168,0.0179370281594088
"CIC",23152,0.424820795676822,0.24561010275334,0.734793505708242,0.0021964381183926,0.0179535349959382
"ANKRD28",23243,2.26453249998562,1.341626621337,3.82230596943634,0.00221130002990644,0.018004209691242
"B2M",567,1.75490553881876,1.22411837615436,2.51584610620079,0.00221092671863296,0.018004209691242
"CCDC57",284001,0.656314093250622,0.501157751444148,0.859506188935781,0.00221246465719183,0.018004209691242
"DCUN1D1",54165,1.90127877033229,1.25998665848917,2.86896764990416,0.00220678739135066,0.018004209691242
"PPP4R1L",55370,1.44692229412371,1.14205899150007,1.83316636076947,0.00221111147604567,0.018004209691242
"SYT10",341359,0.676808897266682,0.527083598628033,0.869065712937514,0.00221299194772363,0.018004209691242
"GTF2IRD2P1",401375,0.595347603783356,0.427030441826691,0.83000820225934,0.00222119400810745,0.0180550185578763
"ITCH",83737,2.36916669462909,1.36323569043233,4.11737373539543,0.00222205498348737,0.0180550185578763
"TTC7A",57217,1.65489780590258,1.19837291091486,2.28533766329083,0.00222206899593459,0.0180550185578763
"GOLGB1",2804,2.78932876302057,1.44546014616856,5.38261464270532,0.00222496836028041,0.0180709001388889
"DSCR9",257203,0.687232131347402,0.54035710184823,0.874029416363521,0.0022319677289806,0.0181100314470282
"KCTD13",253980,0.545678322845617,0.3700569586537,0.804645947226339,0.00223669860920574,0.0181276840246941
"GTF2IRD2",84163,0.541836085300801,0.365781783896888,0.802627020422804,0.00223805153818768,0.0181309664425734
"FLCN",201163,0.528660519781556,0.351256363556541,0.795663720781867,0.00224469883747901,0.0181327412261405
"MC1R",4157,0.696998896836953,0.55294937674566,0.87857493402219,0.00224395449836669,0.0181327412261405
"PRH1",5554,0.633743244451971,0.473005034102061,0.849104070638392,0.00224397778178046,0.0181327412261405
"RBM23",55147,0.449383805159679,0.269045689910571,0.750600406967744,0.0022428809040172,0.0181327412261405
"ZNF337",26152,0.560643785012581,0.386809322766626,0.812600511862204,0.00224462038768227,0.0181327412261405
"CASK",8573,1.89956793078375,1.25854049690703,2.86709750900341,0.00225240203299903,0.0181779298249673
"KIAA0415",9907,0.622235013961418,0.458942491381158,0.843627295076522,0.00225159624748712,0.0181779298249673
"TMSL3",7117,1.76743755840958,1.22638753678228,2.54718466160618,0.00225500455935309,0.0181835886200449
"OSGIN2",734,1.92046137490081,1.26334099913054,2.91937956183184,0.00225861848498772,0.0182050551042394
"SERGEF",26297,0.532151901331911,0.354911707690129,0.797904492737711,0.00227034480262267,0.018259607930656
"C16orf93",90835,0.694963534191793,0.550119418282056,0.877944493151337,0.00227655329739774,0.018287960906899
"RLN1",6013,0.645591122033252,0.487413187645098,0.855101805640169,0.00227642443205868,0.018287960906899
"CDV3",55573,2.4053636064174,1.36873356768112,4.22710030329676,0.0022799649012269,0.0183076778613631
"NCRNA00158",54072,0.588465326876038,0.418558952351425,0.827342095993622,0.00228595124755186,0.0183403479496327
"C17orf80",55028,0.570709833273446,0.397929870650853,0.818510340181989,0.00230010576062535,0.0184384421137808
"CD97",976,1.50597676624526,1.15737297987549,1.95958093018078,0.00230409797434305,0.0184627071450605
"LRRC29",26231,0.674763283516103,0.523917580184095,0.869040295653843,0.00230949919624097,0.0184904944020515
"CASC2",255082,0.644525463271246,0.485875337680545,0.854978716944348,0.00231330246664728,0.0185131950960513
"KIAA0513",9764,0.584773760385648,0.414073290333938,0.825844986426897,0.00231560782360245,0.0185185298280072
"NUDT16L1",84309,0.511800045742544,0.332614508488868,0.787516118921305,0.00231635243905685,0.0185185298280072
"UBXN6",80700,0.520603364740361,0.342065348994487,0.792327735550184,0.00231687362777337,0.0185185298280072
"DPM3",54344,0.6715087556668,0.519557674717133,0.867899813399302,0.00234737487358335,0.0186764722159021
"F11R",50848,1.51554577518001,1.15942472209222,1.98105056145531,0.00234719213428985,0.0186764722159021
"DMWD",1762,0.478744128542904,0.297820262395201,0.769578062859159,0.00235467636150102,0.0187188214271198
"METTL21EP",121952,0.700464914908615,0.556861921618978,0.881100103938605,0.00235516352626606,0.0187188214271198
"LUC7L",55692,0.662408342413795,0.50797943373659,0.863784600238208,0.00235647508571223,0.0187188214271198
"TRAM1",23471,1.78467664920016,1.22862304376694,2.5923905288598,0.00235903925838261,0.0187303212515916
"CHRM5",1133,0.677891751591641,0.527630690091351,0.870944839839437,0.00236033641984301,0.0187328442748287
"ARHGAP27",201176,1.41565905608059,1.13144963218324,1.77125919356737,0.00236495160690141,0.0187556090239425
"GAS8",2622,0.515523025603421,0.336293714315024,0.790273438409708,0.00236686989777032,0.0187600857783001
"SDHAP3",728609,0.659429220950055,0.504164280612721,0.862510324837607,0.00236769211422683,0.0187600857783001
"AGPAT1",10554,0.36226703433279,0.188223204404507,0.697243491202259,0.0023700265564897,0.0187708066028897
"CYB5D1",124637,0.555753801650067,0.38047242732406,0.811786257997178,0.00237721058997145,0.0188050449517152
"SH3RF1",57630,1.58598593986022,1.17787490540821,2.13549961026005,0.00237729903765606,0.0188050449517152
"CADM4",199731,0.704481705881078,0.561939595594115,0.883181177856674,0.00238970069399677,0.0188424163294762
"PARP9",83666,1.62608320559365,1.18820391784772,2.22533064552023,0.00238738740849243,0.0188424163294762
"RAB11B",9230,0.586334419676157,0.415468986236628,0.82746983068713,0.00238570065355889,0.0188424163294762
"UCKL1",54963,0.600886491122327,0.432554403289315,0.834726389253293,0.00238823720960628,0.0188424163294762
"IKZF4",64375,0.683358642097408,0.534444371658159,0.87376546277468,0.00239730443109893,0.0188774153370232
"PHF7",51533,0.567835925225076,0.394036171314232,0.81829451570598,0.0024003373664085,0.0188935196737841
"C19orf29",58509,0.530584977184746,0.35237921278118,0.798913238361073,0.00240466965615886,0.0189042813453968
"CUTA",51596,0.567139158185454,0.393220107405985,0.817981630871222,0.00240381251189537,0.0189042813453968
"KIAA0391",9692,2.61117678991283,1.4048643399429,4.85331147949602,0.00240665005590433,0.018912077082696
"BCL6",604,1.65036538851111,1.19407409486447,2.28101918240222,0.00241197741558656,0.0189243493963344
"IFI16",3428,1.46934612568836,1.14595394441124,1.88400070317366,0.00241216938507154,0.0189243493963344
"AZI1",22994,0.66456092477355,0.510339040282912,0.865387885063715,0.00242044228422496,0.0189659154323518
"EIF3M",10480,2.05917610041169,1.29114336761732,3.28407078474299,0.00242210213208967,0.0189711496644058
"SPG21",51324,3.11444414788106,1.49458813736447,6.48992328239332,0.00242365432099808,0.018975536716222
"ASPRV1",151516,0.607525340052287,0.440228057744773,0.838399625631378,0.00242539200786746,0.0189813719044521
"ZKSCAN2",342357,0.620262206030843,0.455511583888574,0.844600264489341,0.00242778416094637,0.0189923221457755
"CLCN7",1186,0.496442213902371,0.315698085499746,0.780666348844508,0.00242918635041232,0.0189955222094589
"FUBP1",8880,2.46510586610196,1.3756150375069,4.41747637631492,0.0024338180314675,0.0190050136194169
"SRR",63826,0.626230149392149,0.462711927179176,0.84753423668687,0.00243437462056629,0.0190050136194169
"ULK3",25989,0.575538657969215,0.40267652756393,0.822607537670334,0.00243318216745458,0.0190050136194169
"ZNF747",65988,0.462469700623097,0.280857524448426,0.76151858282754,0.00244049088561176,0.0190372223364993
"MAP2K7",5609,0.502511622702478,0.322004114444801,0.784207156441057,0.00244175936088264,0.0190375964865481
"CCDC48",79825,0.683728159020848,0.53466479845048,0.874350054076612,0.00244456876739594,0.0190457298631292
"C6orf225",619208,0.669564836879409,0.516511659251981,0.867970863299791,0.00245120041825213,0.0190623579088719
"LACTB",114294,1.86873948132355,1.24701977069296,2.80042652981903,0.00244879977005426,0.0190623579088719
"MYCBP",26292,1.64911258696453,1.19317045228961,2.27928232656633,0.00244882947572635,0.0190623579088719
"RND3",390,1.56500424995284,1.17129048011795,2.09105968497568,0.00245100115655295,0.0190623579088719
"TC2N",123036,1.47466789933798,1.14693375526608,1.89605145314899,0.00245354179844049,0.0190690345301793
"CECR4",100130717,0.702466859168806,0.558923505020481,0.882875176653031,0.00246114299538107,0.0191048222697458
"MCM2",4171,1.4737980131955,1.14649833980807,1.89453443435655,0.00247038941540898,0.0191551255946716
"KCNK6",9424,1.47562909134028,1.14691811043621,1.89854985756707,0.00247742786855262,0.0191824892901295
"YWHAG",7532,2.36431560645162,1.35414534211341,4.12805635633351,0.00247691545231949,0.0191824892901295
"CISH",1154,0.625346413889651,0.46134814674226,0.847642155118742,0.00248519826108563,0.0192291210112399
"SERTAD2",9792,1.69818479891956,1.20495338961504,2.3933138295107,0.00248673150374659,0.0192332039919778
"TRIM21",6737,1.86478943442382,1.2452567678173,2.79254827165806,0.00248972151584971,0.0192485462545099
"IPO13",9670,0.493956552408547,0.312681113261894,0.780325594731316,0.00250156459282349,0.0193010996236123
"SSR4",6748,0.652639508358599,0.494857985847531,0.860728411083554,0.00251034885716807,0.0193610655609088
"NOLC1",9221,1.84086788035052,1.23910069751085,2.734882289804,0.00251571360832676,0.0193868066827019
"SH2B1",25970,0.550683666199852,0.37395114215181,0.810941500203257,0.00251790227297422,0.0193958585481989
"COPS5",10987,2.48259769994721,1.3761842074498,4.47853659882085,0.0025216207817163,0.0194088694937173
"SEPT2",4735,2.71127063948421,1.41946409131777,5.17870689754806,0.00252072169030967,0.0194088694937173
"ERBB3",2065,1.42307109187028,1.13173553582291,1.78940332649743,0.00253749173743735,0.0194839841276452
"RNASEH1",246243,2.16460321860584,1.31110561058232,3.57370684419365,0.0025372417940766,0.0194839841276452
"C18orf45",85019,1.58860128770394,1.17622281565399,2.14555781243832,0.00254085073300725,0.0195019470185513
"HDGFL2",84717,0.549358126907614,0.372307833139756,0.810604356761291,0.00254585877821664,0.0195325474733051
"ZFYVE28",57732,0.663533808605012,0.508352194528556,0.866086779796799,0.00254707640826757,0.0195340539137666
"RHOC",389,1.64344505287046,1.19011605248403,2.26945232455861,0.00255338166718944,0.0195588831190759
"RAVER1",125950,0.565820505964739,0.390716330879877,0.819399701694636,0.00257626654149349,0.0197026190080552
"NAT15",79903,0.433760091055291,0.251950874329369,0.746763896307553,0.00258283827932928,0.0197449831209956
"C6orf150",115004,1.46548181459901,1.14285566721499,1.87918475668406,0.00259115975628283,0.0197902205355508
"PNP",4860,1.58455640272583,1.174409845599,2.13794102870348,0.00259619471338578,0.0198154095302992
"FZD2",2535,1.41804623456139,1.12965767296452,1.78005706638253,0.00260467711981346,0.0198642979548134
"POLR3F",10621,0.451861924474855,0.269411172532643,0.757872054342441,0.00260635691812765,0.0198691864380341
"LIN37",55957,0.548576113305264,0.371053605860525,0.811030393819236,0.00261310584493507,0.0199126994008259
"C7orf50",84310,0.666856013192711,0.512167114911164,0.868265316894487,0.00262123616869025,0.0199508094701705
"MMD2",221938,0.592356631428196,0.421163989329447,0.833134806600206,0.0026211278533007,0.0199508094701705
"PRRG4",79056,1.5475476181938,1.16438858889705,2.05679070837154,0.00262491374897357,0.019962912634838
"PSMD2",5708,2.06168215661144,1.28661735912795,3.30364990393955,0.00263361563446081,0.0200130063268538
"BCAT2",587,0.59608887182654,0.425350271305224,0.83536315146832,0.00265839532586644,0.0201374761971673
"CENPL",91687,1.82392878511211,1.23235985889346,2.69946817007463,0.00266075172108303,0.0201393740281579
"KCMF1",56888,2.33116067717464,1.34210520873807,4.04909396627334,0.00266045786922833,0.0201393740281579
"C2CD2L",9854,0.488958577981287,0.306588693256134,0.779808571680583,0.00266209675503059,0.020141584111341
"DCAF12L2",340578,0.69913447448605,0.553536158229518,0.883029963170381,0.00266407243427034,0.020148562060217
"WDR59",79726,0.466019085635411,0.283127407062606,0.767053216181375,0.002673236729463,0.0202018960586483
"HSD11B1L",374875,0.684832971762231,0.534883039553343,0.876820098099067,0.00267752923810096,0.0202263434980873
"EIF2S3",1968,2.2784119179019,1.33090226048212,3.90048241841358,0.00268132556797859,0.0202390347824493
"SLC33A1",9197,1.76673408768125,1.21844455852185,2.56174917007431,0.00268061246615985,0.0202390347824493
"KARS",3735,2.35378814775154,1.34599083563402,4.11616371955896,0.00268250646440621,0.0202399610038255
"CAPN10",11132,0.657337224216276,0.49978444693135,0.86455716858214,0.00269146259031465,0.0202903888609226
"SH3KBP1",30011,1.78835644074588,1.22336873905961,2.6142720972384,0.00269384636731726,0.020293501168837
"C1orf116",79098,1.48445139153836,1.14667405103788,1.92172826431858,0.00270888870299168,0.0203587089281422
"FBXO22-AS1",692224,1.71320560719654,1.20506171522184,2.4356208611186,0.00270806917803768,0.0203587089281422
"SIK3",23387,0.530234731545569,0.350272582255775,0.802657372514251,0.00270736792684864,0.0203587089281422
"GLCCI1",113263,0.667021075182463,0.511901357353746,0.869146190659761,0.00271368383082242,0.0203787320895722
"CCDC50",152137,2.18288245651768,1.31002197482723,3.6373251063984,0.00273065527414924,0.0204579880253241
"CCM2",83605,0.538198247586435,0.358890840601899,0.807090404478761,0.00272998197838406,0.0204579880253241
"MNT",4335,0.424039858338986,0.241930055356012,0.743230522539037,0.00273201428242827,0.0204601555129231
"FGD4",121512,1.57786899680692,1.17084325850774,2.12639100323094,0.00273451921119321,0.0204708997857114
"LGALS9",3965,1.47085786864041,1.14272950314818,1.89320645330436,0.00273634346537202,0.0204765420431028
"SEPTIN10",151011,1.82993781921794,1.23222871011845,2.71757377076715,0.00274500079193566,0.0205190371301529
"CARD6",84674,1.61634165919988,1.1802278016641,2.21360686096477,0.00276438770713868,0.0206299038917056
"SLC39A3",29985,0.556093749079786,0.378661729954315,0.816666257250031,0.00276362601996019,0.0206299038917056
"CSE1L",1434,2.08573850568176,1.28859685415639,3.37600165641536,0.00277231843048325,0.020656861372643
"RAD17",5884,0.517933680813193,0.336582543410524,0.796997060520506,0.00277339990615084,0.020656861372643
"DEK",7913,1.94959794001048,1.25887300074753,3.01931340606724,0.00277576354266771,0.0206664185599865
"ZFP41",286128,0.554591025860092,0.376818428878495,0.816231857024502,0.00279193476160848,0.0207464398544232
"DOPEY1",23033,0.580022308097606,0.405803722678806,0.82903595775329,0.00280126784481344,0.0207922025611464
"SFRS17A",8227,0.56291071579269,0.386172876515289,0.82053529189716,0.00280135442045664,0.0207922025611464
"WDR83",84292,0.521446246260215,0.340200674295677,0.799252348049576,0.00280504195912256,0.0208114963351968
"DNAI2",64446,0.694163229550088,0.546339751689014,0.881983395441621,0.00280976416181188,0.0208223010937528
"INPP5B",3633,0.492999400691167,0.309972596720856,0.784096438372345,0.00281452997290553,0.0208414691412172
"HIGD2A",192286,0.51238766973303,0.330380817808162,0.794662129103669,0.00282202991219038,0.0208889187811398
"TRIM34",53840,1.64257097993701,1.18574177597229,2.27540218182738,0.00283968298720951,0.0209952131798826
"MSX2P1",55545,0.688089939909376,0.538283877204542,0.879587491758696,0.00284383180127525,0.0210109129792765
"FAM63B",54629,1.42397197868255,1.12891653781783,1.79614358382293,0.00284950522189061,0.0210251196921507
"TECPR2",9895,0.568105074265593,0.391833301534144,0.823675206121272,0.00285024614787382,0.0210251196921507
"HAT1",8520,2.37201908562015,1.34480247826093,4.18386687524723,0.00285328652860207,0.0210264289476397
"RNASEH2C",84153,0.606875973908664,0.437109580948048,0.84257692752647,0.00285371865457364,0.0210264289476397
"TBC1D23",55773,2.41791526002683,1.35353824379414,4.31928261464017,0.00285798841300166,0.0210491892088883
"IARS2",55699,2.00832923218089,1.26988553201936,3.17618100461263,0.00286758579718172,0.0211117450125846
"MRPL15",29088,1.84061965347977,1.23245932492314,2.74887831205893,0.00287011288090792,0.0211214409192384
"TBCD",6904,0.408897932548323,0.22711280287892,0.736187115490052,0.00287481585391641,0.0211324376778859
"OVCA2",124641,0.48931656758494,0.305748245510124,0.783097554373961,0.00289174697373534,0.0212234673238642
"PGK1",5230,1.61942803233692,1.17907417060085,2.22424272985491,0.00290742571195476,0.0212903260308418
"FRMD4B",23150,1.50263815484694,1.1492719180077,1.96465378560368,0.00290991437148736,0.0212969210939024
"LONP1",9361,0.510607384398136,0.328007808437251,0.794858824380038,0.00291327493760578,0.0213005388882209
"ERP29",10961,0.530912569968406,0.349900022674855,0.805567701298447,0.00291752133203663,0.0213234354290656
"PTER",9317,1.72260738404746,1.20394380995862,2.46471319926202,0.00292584282287109,0.02136792503744
"DDX5",1655,0.488775116510842,0.305002994533593,0.783274652386651,0.00292801309526859,0.0213756131577108
"PIK3CA",5290,1.63057853332208,1.18154614001273,2.25026028463193,0.00292945563767255,0.0213779847316913
"DZIP3",9666,0.680376460917801,0.527882668352563,0.876922385074144,0.00293638683341832,0.0214040666778934
"NENF",29937,0.594759711472154,0.422319771506067,0.837609646190475,0.00293634265933899,0.0214040666778934
"ALKBH7",84266,0.674655738225334,0.520519764452452,0.87443435620387,0.00294060039260316,0.0214266147464079
"BTBD9",114781,0.415640838166667,0.233028575112389,0.741356746779098,0.00294305455789622,0.0214313511232253
"GNAO1-AS1",26077,0.502321639530085,0.31907162709202,0.790816256023359,0.00294392220876426,0.0214313511232253
"EIF2C2",27161,1.45526151291861,1.13632473577394,1.86371554214188,0.00295408596194217,0.0214618337939129
"LHFPL2",10184,1.51581632402787,1.15222787965659,1.9941360287812,0.00295290990273157,0.0214618337939129
"MKI67IP",84365,2.20677716790133,1.30940072026088,3.71915594165883,0.00295680837050266,0.0214618337939129
"MON1A",84315,0.510731466956936,0.327883152296072,0.795547528176881,0.00296364346108738,0.0214799577416515
"ZCCHC6",79670,2.05617578375335,1.27803857728834,3.30808390984885,0.00296705736915627,0.0214923755937928
"FAM46A",55603,0.674980313258707,0.520750030588427,0.874888903553235,0.0029799141637393,0.0215651979605908
"KIF3A",11127,0.650328275062582,0.489561470317424,0.863889196736937,0.00297981809347901,0.0215651979605908
"GGA1",26088,0.49330171108288,0.309406447872451,0.786494851127389,0.00298681800620232,0.0215830080373849
"HEATR1",55127,1.81773404248414,1.22520314857873,2.69682383124679,0.00298688881031828,0.0215830080373849
"C16orf86",388284,0.669827993017738,0.514067176715749,0.872783870576239,0.00300138127881146,0.0216607940096643
"C20orf107",388799,0.694166132047778,0.545413152862414,0.88348917944729,0.00301011591198352,0.0216923712493734
"FLJ11235",54508,0.673755624367062,0.519020880221465,0.874621154302216,0.00301447901225333,0.0216923712493734
"LIPJ",142910,0.553608364480818,0.374577817747488,0.818207076612671,0.00301121254180711,0.0216923712493734
"LOC100133893",100133893,0.681171265041707,0.528542402096866,0.877875247998518,0.00301449902132245,0.0216923712493734
"NPLOC4",55666,0.430362757296987,0.246547040526698,0.751224198321738,0.00301327823707573,0.0216923712493734
"TOP3A",7156,0.46908618891652,0.284427881057762,0.773629687124584,0.00302246928377679,0.0217415456904094
"GPS1",2873,0.525381688141753,0.343330668417853,0.80396522543899,0.00302476639120905,0.0217498897611487
"C9orf7",11094,0.61546907240881,0.446529305881089,0.848325460619681,0.00302987675898793,0.0217784489925449
"PPCS",79717,1.71442802467609,1.20027683831867,2.448821270193,0.00304140372383392,0.0218448851016791
"TMPRSS11A",339967,1.74701663087182,1.20779685193503,2.52697057758759,0.00305180250624323,0.0219074647296812
"PEBP1",5037,0.642505602907079,0.479341154182416,0.861210113433929,0.00308055260525232,0.0220646649975718
"PPP1CB",5500,2.09857584814839,1.28449545478612,3.42859959061907,0.00308050787243657,0.0220646649975718
"UNKL",64718,0.571396679276991,0.394427941269406,0.827766319084801,0.00308123177751421,0.0220646649975718
"",155060,0.699256420882851,0.551697341475688,0.886282215603974,0.00309412719732467,0.0221331408216854
"FAM195B",348262,0.648983883584738,0.487334035281546,0.864253367629866,0.00309493866056721,0.0221331408216854
"AFAP1",60312,1.60953958093298,1.17414026846888,2.20639537895091,0.00310111716458026,0.0221572909999726
"PPIAL4C",653598,1.80449436304905,1.22019874762108,2.66858158363476,0.0031076960010144,0.0221877198250849
"RPL26L1-AS1",100268168,0.689482656828198,0.538864965499664,0.882199371833476,0.0031101445522587,0.0221886366471661
"LENG1",79165,0.567781491916146,0.390117954186608,0.826354745027502,0.00311586390774447,0.0221963236362862
"RARG",5916,1.51053140385418,1.14912339616884,1.98560496604355,0.00311451453037509,0.0221963236362862
"CDRT4",284040,0.634306411248891,0.468999474522406,0.857878622915654,0.00312614100303778,0.022244136813941
"MIR4435-2HG",541471,1.49088706094769,1.14392856993205,1.9430795653904,0.00312801205976309,0.022244136813941
"TOR2A",27433,0.555974733845987,0.376601379329679,0.820782720512878,0.00314012062468719,0.0222778513310059
"C17orf90",339229,0.655483133990619,0.495179938239308,0.867680828253831,0.00315859811695228,0.0223471476978104
"CCDC122",160857,0.606526184941836,0.435175208717412,0.845346898561455,0.0031592349754211,0.0223471476978104
"LEKR1",389170,0.652606498536641,0.49157463566348,0.866389783023329,0.00315741373026245,0.0223471476978104
"PKN2",5586,1.90605103760799,1.24211027786534,2.92488567457162,0.00315408370133274,0.0223471476978104
"POLD3",10714,1.79479068835823,1.21725836406175,2.64633516607655,0.00315364869090365,0.0223471476978104
"FLJ43663",378805,0.661700391151428,0.503008895455735,0.870456589546504,0.00316099626028586,0.0223513402848383
"ZNF142",7701,0.389942279568155,0.208638390299737,0.728796752967475,0.00316312906264923,0.0223581557950081
"C2orf7",84279,0.571775522577214,0.394443866615871,0.828830857539544,0.00316690439421323,0.0223683088434699
"JUP",3728,1.45975120853469,1.1354649335052,1.87665292686798,0.00316639629294415,0.0223683088434699
"ELMO2",63916,0.467973955918144,0.282591625322602,0.77496855459772,0.00317213068996774,0.0223969522727992
"CALM1",801,0.518018356231818,0.334565381600624,0.802064505626111,0.00319000461375077,0.0225009410374476
"TRIM37",4591,0.540432842102398,0.35901477082845,0.813525460662552,0.00318876988908344,0.0225009410374476
"C10orf46",143384,2.82900557074737,1.41715109682105,5.64743769191062,0.00319339892558933,0.0225138744009389
"LIMA1",51474,1.45824119473133,1.13480562796666,1.87386044764481,0.00319464722930295,0.0225143764019445
"ARF4",378,1.82770083401593,1.22394262162992,2.72928671624655,0.00320146618908584,0.0225209429196929
"PSMD11",5717,1.92922140019262,1.24636222479986,2.98620668767369,0.00319883052750425,0.0225209429196929
"TNFAIP8",25816,1.41509341505754,1.12339727090747,1.78253003207106,0.003199274887492,0.0225209429196929
"RAP1B",5908,1.87144238048696,1.2333999774646,2.83954649543781,0.00321818132027136,0.022611647766836
"TBCC",6903,0.452375959584148,0.266882214988951,0.766795227693051,0.0032170992273818,0.022611647766836
"GGCX",2677,2.30921132720426,1.32318266569273,4.03002328548245,0.00322327219517166,0.0226327192647021
"CD320",51293,0.667198043879868,0.509692253439113,0.873376486994813,0.00322542472203263,0.0226346858073814
"KLHDC3",116138,0.438294221309284,0.253138203612807,0.758881202803133,0.00322891060326998,0.0226390663888361
"PCTP",58488,1.92879707583869,1.24569634127684,2.98648879063949,0.00323112027110308,0.0226421764609939
"CORO1C",23603,1.7095119635125,1.19632363328705,2.44284328427301,0.00323784349862553,0.022668102855348
"SDHD",6392,2.30411409064141,1.32181982319553,4.01638835303422,0.00323938565000729,0.022668102855348
"TMOD4",29765,0.618957919783054,0.449719760218393,0.851883640327745,0.00324396392281598,0.0226698202234933
"PPP3CB",5532,0.452384839486385,0.266751602067411,0.767200801835876,0.00324752547987897,0.0226864206916162
"FAM118A",55007,0.643491610082468,0.479771066759925,0.863081333859866,0.0032512632124745,0.0226952085830355
"FAM174A",345757,0.548523342643263,0.36770138993014,0.818266848220787,0.00325232540612328,0.0226952085830355
"SEMA4D",10507,0.564321721514157,0.385495255084226,0.826103567223214,0.00325624037327423,0.0226975618147289
"ZDHHC1",29800,0.573888371544188,0.396445263872347,0.83075242159959,0.00325612869967355,0.0226975618147289
"GPBP1L1",60313,2.7027410645699,1.39362780995576,5.24157828218447,0.0032598138867448,0.0227059214172498
"NAPA",8775,0.493186175751905,0.307967696523869,0.78979908184603,0.00325936563374593,0.0227059214172498
"SLC39A1",27173,1.83323430632283,1.22414818244463,2.74537680166097,0.00326592181422756,0.0227401843977905
"CCDC15",80071,1.61058971297703,1.17223861162726,2.21285939382813,0.00327794611247294,0.0227648404831039
"CFLAR",8837,1.61568705293405,1.17345860564764,2.22457327463887,0.0032792519865844,0.0227648404831039
"CTNNB1",1499,1.97942768144814,1.25568608661452,3.12031325969927,0.0032772567644105,0.0227648404831039
"MED26",9441,0.402280688401359,0.219254910016666,0.738089524418725,0.00327474449026191,0.0227648404831039
"MORN4",118812,0.647920950000521,0.485139213864433,0.86532184051996,0.0032836015469339,0.0227648404831039
"P704P",641455,1.42998030235474,1.12661084585087,1.81503992496911,0.00328352415304696,0.0227648404831039
"PPP4R1",9989,1.91513363480597,1.24180499255316,2.95355298227965,0.00328484083456137,0.0227648404831039
"SDSL",113675,0.637039743938044,0.471646389493838,0.860431976999055,0.00328135085341003,0.0227648404831039
"TMEM84",283673,0.698463370041693,0.549835613091597,0.887267153444147,0.00328465141513542,0.0227648404831039
"GTF3C1",2975,0.326364929527631,0.154685546324876,0.688584484822329,0.00328808486192867,0.0227784133118833
"ENOSF1",55556,0.623613544999144,0.455086256564076,0.854549764790894,0.0033052669490729,0.0228725907868731
"PGBD1",84547,0.693681378727942,0.54346512080599,0.885418100945024,0.00331073589300528,0.0228875849102823
"PLEKHA9",51054,1.62867585663458,1.17623503943008,2.25514880705275,0.00330866789862299,0.0228875849102823
"PSMA1",5682,2.21697833263606,1.30276288673305,3.77274558358285,0.00333547600473877,0.0230150250875319
"SPRED1",161742,1.73656765075005,1.20119443725294,2.51055708560239,0.00333836382375061,0.0230266443768041
"PIK3R2",5296,0.465948093281541,0.279781029756562,0.77599123079077,0.00334094458693484,0.0230361381089771
"DCTN3",11258,0.549008648953108,0.367808352059829,0.819477031821963,0.00334476620598838,0.0230375740806409
"C6orf162",57150,0.577717524525482,0.400429200492439,0.833499499370682,0.00334854011795764,0.0230520992083188
"CCDC97",90324,0.480526949916622,0.294483533164933,0.784105471414754,0.00335198096740612,0.023056387036187
"SMURF1",57154,1.59781637281626,1.16826457741514,2.18530734441031,0.00335231935732922,0.023056387036187
"FAM84B",157638,1.62564617472881,1.17475768944405,2.24959198748557,0.00337067368401892,0.0231474940785254
"ZNF146",7705,2.24012568450974,1.30646269931816,3.8410305055163,0.00337161700751669,0.0231474940785254
"SPATA2L",124044,0.662034867284036,0.502459311286501,0.872289866372643,0.00337945590231795,0.0231792230036368
"ZNF620",253639,0.60969926362435,0.437952829392936,0.848797329564805,0.00337758959166246,0.0231792230036368
"CDC73",79577,1.98874985319623,1.25553054954182,3.15016307650288,0.00339342086314815,0.0232355610011048
"FAM21C",253725,0.495720337603898,0.309980830347842,0.79275435464306,0.00339537789502211,0.0232355610011048
"POLR3GL",84265,0.418943723915773,0.234090022804865,0.749770715152271,0.00339234050606911,0.0232355610011048
"SPATA2",9825,0.396023576547424,0.213070181978748,0.736070489661739,0.00340175306778157,0.0232708622773456
"AZIN1",51582,1.94024635346566,1.24510310423381,3.0234892992684,0.00340550561733392,0.0232876828909005
"RHBDD1",84236,1.82443822068228,1.21999827970354,2.72834386446445,0.00340664697698226,0.0232876828909005
"C14orf4",64207,0.62382779415121,0.454867271224786,0.85554873118855,0.00341128961470115,0.0232894970361335
"INCA1",388324,0.624969018460842,0.45624961998573,0.856080217772291,0.00341300048059194,0.0232894970361335
"BNIP2",663,1.8753016647301,1.23092203416087,2.85700981552165,0.00342037197608109,0.0233004428339599
"NIPA2",81614,2.3879724993893,1.33324265354358,4.27710037830199,0.00342069553394465,0.0233004428339599
"ZNF253",56242,0.649899663300398,0.487007917965144,0.867274548887725,0.00341974375693182,0.0233004428339599
"ZNF599",148103,0.619476602406457,0.449545640749552,0.853642491759455,0.00341967094675507,0.0233004428339599
"THTPA",79178,0.515660312258397,0.33093079875847,0.803508040460444,0.00342597804522175,0.0233281175047905
"ISY1",57461,2.8170147721023,1.40759144144418,5.63769570671779,0.00343607097967919,0.0233801955276855
"HIRA",7290,0.465244338692158,0.278637814998274,0.776823112420849,0.00343919486120737,0.0233855428490923
"C17orf70",80233,0.616640368441582,0.446001271466154,0.852565605344076,0.00344500021132276,0.0233910255740044
"WWP1",11059,1.74827421478417,1.20239115901662,2.54198702906211,0.00344409010739548,0.0233910255740044
"VAMP1",6843,0.653846104891492,0.491790207934097,0.869303052367943,0.00345787624777079,0.0234534748195432
"GLRX3",10539,1.7612974621821,1.20511990666697,2.57415775237573,0.00345963094782696,0.0234570581847169
"INSL5",10022,0.505076688806157,0.319497989796304,0.798447782842179,0.00346364025531681,0.0234676043795412
"RNF139",11236,1.9540239352731,1.2469771524243,3.06197233220916,0.00346571322719636,0.0234733345951079
"ETFA",2108,2.02805070422954,1.26210768643418,3.2588262500376,0.0034788457139924,0.0235372769619854
"VASP",7408,1.48276075605231,1.13846824011345,1.93117329251953,0.00347857875092188,0.0235372769619854
"PLAGL2",5326,0.493835758905879,0.307630797664844,0.792748185894701,0.00348105982555128,0.023543929025219
"ZNF358",140467,0.637622152267695,0.471388778581028,0.862477062534917,0.00350108751703062,0.0236626505082137
"OGFOD2",79676,0.608383185919751,0.435788057218355,0.849335117791925,0.00350873925860927,0.023704184618952
"ACPL2",92370,1.71131843456021,1.19288527823555,2.45506490682611,0.00352460218223252,0.0237684705739457
"KIF4B",285643,1.58436732784233,1.16304505001503,2.15831693664988,0.00352776370233733,0.0237757351425674
"KNTC1",9735,1.57360696782652,1.1604329684039,2.13389222524251,0.00352903096562228,0.0237758983020279
"PIK3R4",30849,2.23891478506104,1.30210785909414,3.8497113582067,0.00356185581500881,0.0239464380223809
"PNPT1",87178,2.40448009290468,1.3328938929819,4.33757296632271,0.00356177442295926,0.0239464380223809
"ZFP36L2",678,1.60890438944958,1.16854438574511,2.2152118190526,0.00356164930548391,0.0239464380223809
"MIF4GD",57409,0.50546036192312,0.319440080585496,0.79980626415811,0.00356777635656323,0.0239589186302169
"ARHGEF9",23229,0.555883533827148,0.37449215616797,0.82513478077111,0.0035715101091821,0.0239692188976582
"PSME1",5720,1.98601163679152,1.25146665196675,3.15169582447343,0.00359148131526144,0.0240863475164816
"TMEM116",89894,0.566581708385997,0.386504850431116,0.830558353716721,0.00359876533490765,0.0241182847094529
"RPRML",388394,0.684614341998041,0.530468084665891,0.883553244423017,0.00360068540145212,0.0241227004110595
"CALM2",805,2.49882918490488,1.34853663698417,4.63031342574173,0.00361271059347951,0.0241778570753963
"ANKRD52",283373,0.515584564536259,0.330006485439919,0.805521875831255,0.00361491464579048,0.0241841456558358
"CCDC101",112869,0.451079012571868,0.263823054737396,0.771245241570505,0.00362435978376717,0.0242388564979422
"XAB2",56949,0.558524169963708,0.377147837767521,0.827127235516432,0.00364524158557117,0.0243529639564163
"PIGT",51604,0.482038062487173,0.29469350577455,0.788482573023346,0.00365503288810157,0.0244013312567953
"MYBBP1A",10514,0.570100186607713,0.390249336659197,0.832837348430865,0.00366272617314005,0.02443454710689
"SRGAP1",57522,1.70440533612817,1.18914650147111,2.44292654120277,0.00369405232284054,0.0246102886725779
"GPC4",2239,1.49422757268292,1.13934791626247,1.95964376385585,0.00369685349484354,0.024620374928925
"MLL4",9757,0.470350734561198,0.28263593159947,0.782737751177964,0.00370066161620361,0.0246285855021317
"FAM184B",27146,0.646722318477946,0.481819209074124,0.868063683100575,0.00370671055148005,0.0246602618150118
"TMTC2",160335,1.47148293739929,1.13346782709392,1.91029862806844,0.00372210969951197,0.0247454960801409
"HDHD2",84064,0.624165281685628,0.453922052165432,0.85825814587152,0.00372455341483449,0.0247531386954619
"WDR12",55759,1.76895701994243,1.20315698718949,2.60083178813871,0.00372654491389569,0.0247577716457391
"LRRD1",401387,0.672727751260326,0.514578368890678,0.879482416432318,0.00374145639533322,0.0248395822539183
"LRRC58",116064,1.73397528220285,1.19510000509413,2.5158315341599,0.00374909107064809,0.0248643775687538
"SYTL4",94121,1.57052161361189,1.15740177148797,2.13109932919065,0.00374821444109754,0.0248643775687538
"TEAD3",7005,1.52348653479678,1.14599614166975,2.02532202100202,0.00375515983639365,0.0248873673564453
"NOTCH4",4855,0.63451638022445,0.466457506146795,0.863124789434596,0.0037606163844597,0.0249062706321194
"TRIM52",84851,0.671405622268814,0.512792181837602,0.879080308905594,0.00376462836705087,0.0249155871199245
"KCTD9",54793,1.68085012312445,1.18283129091528,2.38855461307698,0.00377312166002895,0.0249631608410148
"PAPD7",11044,0.450451851486111,0.262547737535472,0.772838008096912,0.00378475757259386,0.0250141873154813
"C16orf73",254528,0.578758076053212,0.399677755771917,0.838077440536788,0.00379018933840062,0.0250331848633806
"HMGN5",79366,0.672614464763993,0.514239535121335,0.879765532035584,0.0037902495615805,0.0250331848633806
"AK2",204,2.3691994728912,1.32104015240701,4.24900494668578,0.00380179373718423,0.0250747961417665
"C16orf88",400506,2.08395610629684,1.26746190249936,3.42643281380529,0.00380142528345141,0.0250747961417665
"ABHD15",116236,0.666822121887977,0.506760116859672,0.87744028672705,0.00380903517518827,0.0250965951759649
"ERLIN1",10613,1.75472753438836,1.19877701108602,2.56850831427874,0.00382067829835932,0.0251428640428831
"SR140",23350,2.45462459548229,1.33583204704306,4.51043371663651,0.00381903271172127,0.0251428640428831
"TSC2",7249,0.439264581364102,0.251569996295578,0.766996761467023,0.00381867557364238,0.0251428640428831
"C1RL",51279,1.55792740891738,1.15362820327259,2.10391684649419,0.00382484878481027,0.025157456226639
"RHBDF1",64285,1.45130835983569,1.12750931748777,1.86809627438118,0.00383180625415134,0.025185896296616
"NUMB",8650,2.43846273973472,1.33263778527066,4.46190300079693,0.00383442505839984,0.0251879483628669
"SRFBP1",153443,1.89590973016725,1.22880063187483,2.92518868537579,0.00383806924027588,0.0252010814825804
"HFE",3077,1.56466914570225,1.15504689217242,2.11955856693234,0.0038437865031683,0.0252218652024515
"CCDC22",28952,0.46227922811203,0.27394820822495,0.780082067805951,0.00384899227136357,0.0252396414713787
"PLOD1",5351,1.53759918693313,1.1485231872596,2.05847934624505,0.0038492201689764,0.0252396414713787
"SPRYD3",84926,0.474863916353102,0.286570241581622,0.786877722577414,0.00385098111519028,0.0252425345408652
"RAD51L3",5892,0.547582368694021,0.363970478450651,0.823820799370709,0.00385297656555525,0.0252469622368535
"CTBP1",1487,0.57215390791263,0.391779597398926,0.835572083163799,0.00385654058963197,0.0252616615951681
"FAM47C",442444,0.569413292494969,0.388603712005832,0.834349975702485,0.00386407473619591,0.0252936883912454
"MMP24",10893,0.658027454214311,0.495328327548927,0.874167913316033,0.00387720471157946,0.0253709526234623
"GABARAPL2",11345,0.400302893174889,0.215034064043241,0.74519545076339,0.00388220395290372,0.0253949777726366
"ATAD2",29028,1.52308432986683,1.14466692853957,2.02660338832852,0.00388784960791453,0.0254145247609642
"GFM1",85476,2.29307930290345,1.3054007971609,4.02804464409716,0.00388777135207503,0.0254145247609642
"CCNG2",901,1.66594940525209,1.17807731918509,2.35586185699561,0.0038901418942701,0.0254188493076962
"NCRNA00119",348808,0.552989827527558,0.369862824045264,0.826786931447684,0.00389116906848614,0.0254188493076962
"GNRH2",2797,0.28964135520282,0.124874534899316,0.671811228056758,0.00389399544671872,0.0254286278284019
"ADAM17",6868,1.66387360338902,1.1775288003675,2.35108930430469,0.00389689685807883,0.0254302102369409
"FBXO22",26263,2.29611778831232,1.30569368144948,4.03782064101856,0.00390048773928299,0.0254449621382216
"MTSS1L",92154,0.630620918283636,0.460980170582319,0.862689477672187,0.00392893521809393,0.0256130688195237
"B4GALT7",11285,0.532956355402809,0.347471782560172,0.817454800707615,0.00393278130498728,0.0256206771186961
"BCL9",607,0.535376161672814,0.350130412781374,0.818631070093556,0.00393167912026666,0.0256206771186961
"C1QTNF8",390664,0.63442122346578,0.46558113628721,0.864490112278789,0.0039476126389613,0.0257085416906411
"C22orf43",51233,0.657335719302673,0.494127954995857,0.874450116619662,0.00396042099229266,0.0257656368433952
"MAP3K14",9020,0.60685838969397,0.432031799630145,0.852430551309496,0.00396526034013519,0.0257883490397027
"RWDD2A",112611,0.589821553831021,0.411828184693428,0.844744187731141,0.00396979427029075,0.0258090601658229
"C1orf204",284677,0.660437125379829,0.497974736765013,0.875902258442877,0.00398022877643894,0.025868105948674
"TMEM2",23670,1.50399415435719,1.13911763036767,1.98574612141724,0.00399301912425237,0.0259248054275543
"EPB41L1",2036,1.53230202616896,1.14568848972954,2.04937862294119,0.00401808242585633,0.026043328552814
"FBXO34",55030,1.78062555802092,1.20187240818972,2.63807319002601,0.00401711051553395,0.026043328552814
"ACAD10",80724,0.497388707931086,0.309049858502661,0.800503607980862,0.0040219620830721,0.026059643889878
"N4BP2L2",10443,0.536919909184868,0.351448564152087,0.820270782936914,0.00402428485090287,0.026060257946103
"WDR81",124997,0.565684501213398,0.383679604375844,0.834026493103831,0.00402478182531439,0.026060257946103
"MTERFD2",130916,0.529369770796024,0.343165110323728,0.81661085524771,0.00402764260969403,0.0260611367373538
"C6orf226",441150,0.688023239745126,0.533238247474326,0.887738230840561,0.00403082324700207,0.0260728969379129
"APOBEC3C",27350,1.47145832918557,1.13077813011432,1.91477846702845,0.0040442380840988,0.0261345882184462
"OSTF1",26578,2.12619593986971,1.27125808190376,3.55609080411783,0.00404582609477803,0.0261345882184462
"SPTLC2",9517,1.71504116240753,1.18715095703036,2.47766821172427,0.00405351397773893,0.02617540913309
"FBRS",64319,0.485418097473774,0.296501950092406,0.794702123482233,0.00405840872016293,0.0261981719846629
"AGFG1",3267,1.91206972668812,1.22868051018499,2.97555842174686,0.00407029085184353,0.0262660098256448
"PSMA4",5685,2.14553159161798,1.27432534388419,3.61234737480756,0.0040792119686914,0.0263147006155684
"C8orf86",389649,0.484665788142249,0.295613267699063,0.794622406578445,0.00408783918421221,0.0263425205607377
"YES1",7525,1.75824525685061,1.19612964044216,2.58452451867584,0.00408980956645892,0.0263425205607377
"COQ6",51004,0.494014670350394,0.305242847190604,0.799528954626133,0.00409491401936993,0.0263537753864363
"SDHAF1",644096,0.577790624203614,0.397261119219566,0.840359122164903,0.00410565566157438,0.0264051364623178
"SLAIN2",57606,2.38107202922351,1.31645912838702,4.30663123989051,0.00411367447746418,0.0264389286728688
"LINC01011",401232,0.596772333207147,0.419416593081365,0.849125245773032,0.00411924344152989,0.0264658277817071
"ZNF777",27153,0.45848115295661,0.269111734252997,0.781106658912186,0.00412092225460696,0.0264677232920978
"PPEF2",5470,0.523128141374194,0.3358907683264,0.814738236662962,0.00415210517684965,0.0266322319643203
"B9D2",80776,0.579177563051139,0.398557144246518,0.841652582030681,0.00418387006245681,0.0267741468987012
"MAGT1",84061,2.38146367692665,1.31506611249779,4.31261150342396,0.00418402912533163,0.0267741468987012
"MPPED1",758,0.645623700356947,0.478562303790114,0.871004588454608,0.00418368189910103,0.0267741468987012
"PHPT1",29085,0.59214020859077,0.413642690787856,0.847664021240367,0.00419764677441571,0.0268253891928664
"ZNF771",51333,0.696342752604329,0.54351201620864,0.892148130389147,0.00420112098402387,0.0268386242690129
"NCRNA00167",440072,0.691508916728818,0.537158590547795,0.890211178467444,0.00420459660679992,0.026851859531974
"PPP1R9B",84687,0.431755291868251,0.24291365852145,0.767402842602109,0.00420794766483436,0.0268642907160503
"SUMO1",7341,2.21550237421971,1.28482838734606,3.82031625275033,0.0042161524011964,0.0268897455744193
"SAT1",6303,1.49919427904213,1.1359676159337,1.97856299315828,0.00422885936879248,0.0269528134444831
"PARD6A",50855,0.696751577189535,0.543911957217131,0.892539231532847,0.00424008899378773,0.0269973975313508
"TBC1D14",57533,0.566688567558166,0.383866480616793,0.836582376468839,0.00426602132039198,0.0271263928840217
"ZNF133",7692,0.573172766147121,0.391293087827251,0.83959321049336,0.00426784593690905,0.0271289761499699
"MAT2B",27430,2.04598513784924,1.25203328331898,3.3434056746505,0.00427679514211634,0.0271768307917804
"SCAND2",54581,0.48523106810408,0.295437953154034,0.796949704463561,0.00428313684075954,0.0271990565581699
"EHD4",30844,2.01332983712178,1.24550605045341,3.25449806652418,0.00429086397396883,0.0272300448673198
"TPM3",7170,1.9765805245775,1.23834784618753,3.15490561247959,0.00428958198783361,0.0272300448673198
"SPATA24",202051,0.629013758469356,0.457591996071177,0.864653035325824,0.00429290416671419,0.027233956217825
"CPLX3",594855,0.669511397358708,0.508248847761141,0.881941027840498,0.00432442473301149,0.0273794345807053
"C20orf201",198437,0.673819555064683,0.513746772710907,0.883767678756901,0.00433310388753278,0.0274253071002116
"ANKRD54",129138,0.537257047370727,0.350555975749357,0.823392424940117,0.00434436641376127,0.0274662100088017
"ATP13A3",79572,1.69702670224139,1.17987981951779,2.44084149968536,0.00434531037207267,0.0274662100088017
"CACNA2D4",93589,1.48457897930326,1.13155496961599,1.94773988446808,0.00434374037815583,0.0274662100088017
"REXO1",57455,0.585689677511312,0.405523377054288,0.845900428318298,0.00434137627651309,0.0274662100088017
"ZNF2",7549,0.440024981286979,0.250289044982137,0.773593523321906,0.004348395751913,0.0274701327521266
"CCNF",899,1.46636643095524,1.12706960150485,1.90780632088865,0.00436017778680069,0.0275147213883658
"KLC2",64837,0.559562411682091,0.375341056384741,0.834201554136743,0.0043755878252875,0.0275846632611318
"HDGF",3068,1.61019403072621,1.15990359676195,2.23529336733182,0.00442300845478848,0.0278469001694336
"MTHFD2L",441024,0.625156936608854,0.452372587084301,0.863936512840325,0.00442606487854605,0.027856973653159
"DPP3",10072,1.87619365397885,1.2162858369003,2.89414093335284,0.004436267421594,0.0278936512073729
"TRA2A",29896,0.481394574614268,0.29089598909855,0.796644660471902,0.00444725236365207,0.0279443482127376
"C11orf57",55216,3.68211871891993,1.49941658054279,9.04218243025729,0.0044596862432393,0.0280060939147351
"IDI2",91734,0.599942195291793,0.421817683431989,0.853284847527186,0.0044725657316767,0.0280665238680382
"IKZF2",22807,1.43120172904465,1.11774910557845,1.83255650037883,0.00447518783246359,0.0280737676849889
"ELAC2",60528,0.450891247499586,0.260298963304849,0.781036215014177,0.00448860943710925,0.0281118640155824
"HIATL1",84641,2.17042675791773,1.27143313986795,3.70507277478588,0.00451002749387804,0.0282182845519808
"C2orf14",100132708,0.642850583398717,0.47388892641653,0.87205429276656,0.00451281473425341,0.0282264903276864
"C3orf42",84657,0.635824625065712,0.465155097494784,0.869114314810849,0.00451642202331201,0.0282398182542951
"SPATA5",166378,1.850965602082,1.20998873895085,2.83149218649875,0.00452832711185885,0.0282834664614872
"TAF1C",9013,0.660999012151192,0.496612929265101,0.879799272869144,0.00454324901170216,0.0283612022998783
"INSM2",84684,0.641818793058266,0.472447355438231,0.871909554326263,0.0045565024799022,0.0283846639762884
"MICALL1",85377,1.61101319386226,1.15880644242455,2.2396868154858,0.00455739546563402,0.0283846639762884
"THOP1",7064,0.630697202859826,0.45869193069298,0.867202876436597,0.00455527418162966,0.0283846639762884
"ZNF182",7569,0.468248570005828,0.277226830988955,0.790892867513385,0.00455169425876074,0.0283846639762884
"USP39",10713,2.90421798385333,1.39024704502927,6.06689446159518,0.00456026644730703,0.028393299589076
"LIG4",3981,0.608809457037476,0.432067053529567,0.857850539517942,0.00456415901122182,0.0284082881248421
"BLMH",642,0.595327235619218,0.415957674836151,0.852044664423194,0.00457866620696677,0.0284475366547765
"CHEK1",1111,1.64683873303922,1.1665393893826,2.3248917587546,0.00457468860753985,0.0284475366547765
"KLHL26",55295,0.479012728945209,0.287993525965326,0.796730390804554,0.00457774183990167,0.0284475366547765
"OR2A9P",441295,0.620162370485965,0.445737345703306,0.862843038561036,0.00457576137685346,0.0284475366547765
"NANOS1",340719,0.593019218901247,0.413172205109879,0.851150657369901,0.00459549591340845,0.0285013133384447
"SRRT",51593,0.421668411554219,0.232060731084873,0.766197057431611,0.00459747192940804,0.0285043259623299
"MTHFR",4524,0.516215222021081,0.326744416813817,0.815555344586395,0.00460093699420482,0.0285165657447037
"MCM6",4175,1.68252943335375,1.17391622769255,2.41150537604046,0.00461056604630598,0.0285484936120733
"OXR1",55074,1.5873072177084,1.15303282802963,2.18514524664029,0.00460996857522199,0.0285484936120733
"C1orf93",127281,1.44254154282347,1.119497943652,1.85880297018069,0.00461681194314063,0.0285567320799158
"GOLGA9P",283796,0.669875266708892,0.507682378675446,0.883885066326436,0.00461767419128414,0.0285567320799158
"QTRT1",81890,0.645982051619398,0.477418082106001,0.874061596438977,0.00461936158599151,0.0285567320799158
"UNG",7374,2.30068452404913,1.29266632374547,4.09475297837294,0.00461555714976408,0.0285567320799158
"KCTD5",54442,1.85109861485856,1.20881596230574,2.8346466201483,0.00462298381475941,0.0285698906057846
"RAPGEF4-AS1",91149,0.622168298643812,0.447913294559415,0.864215008884911,0.00464942817100987,0.0287119042673687
"RUNX1",861,1.55529367405934,1.14546940021353,2.11174424399122,0.00465046684897309,0.0287119042673687
"OPN3",23596,1.4712812030765,1.12605894684869,1.92234019771712,0.00465270893752298,0.028714011277195
"SNRNP70",6625,0.653036144400641,0.486151877097234,0.877207773916217,0.00465381057977229,0.028714011277195
"AVL9",23080,1.70213585352478,1.17763367825586,2.46024423158954,0.00465610790510763,0.028718921606254
"DDX24",57062,0.52143087675081,0.332134499768813,0.818614625756648,0.00465955623381413,0.0287216668012126
"TOP1",7150,1.95984722689119,1.22976550679223,3.12336061756368,0.00465816015664553,0.0287216668012126
"ANXA11",311,1.55186333499711,1.14444421463136,2.10432258708571,0.00467978732422977,0.0288092346799301
"NOP10",55505,1.75823322309893,1.189175676155,2.59960250516084,0.00467876892991255,0.0288092346799301
"POU6F1",5463,0.647707278071686,0.479335999644692,0.875220551717388,0.00468827150049451,0.0288521779246971
"LINC01128",643837,0.554653708602585,0.368613302336408,0.834589350185304,0.00469416368448749,0.0288791472477299
"VPS24",51652,2.60832725520911,1.34142117581024,5.07176358398946,0.00471768043563798,0.0289865318639408
"YEATS2",55689,2.28615667021716,1.28797547858271,4.0579284370613,0.00473699034696986,0.0290958299185911
"AMPD2",271,0.467082441366791,0.275333723257972,0.792369363446092,0.00475753486274473,0.029193894552364
"FUT4",2526,1.44633213117697,1.11940365329969,1.86874201054164,0.004761335692649,0.0291984827807943
"SSB",6741,2.59364219211247,1.3380016909117,5.02763177834424,0.00476965457438488,0.0292279795205723
"ZNF784",147808,0.634184900690349,0.46221574332942,0.870135849044388,0.00477378616731677,0.0292279795205723
"ZSWIM1",90204,0.443659116831885,0.252295485476058,0.780170170610233,0.00477339446205733,0.0292279795205723
"C17orf89",284184,0.672629811623997,0.510643343880973,0.886001685729976,0.00478789809585299,0.02930370680239
"MARCHF9",92979,0.616317228428804,0.440169811591818,0.862955423236533,0.00482936312002786,0.0294833157985231
"NXF2B",728343,0.528591364375758,0.339271410290287,0.823555483951797,0.00483202511697724,0.0294901545668231
"WRB",7485,0.548299485108519,0.360927756560225,0.83294321344361,0.00485116704036661,0.0295534544032171
"ZNF546",339327,0.642106714033023,0.471781950865044,0.873922860868892,0.00484940031607696,0.0295534544032171
"SNRNP35",11066,0.524982265347636,0.335180682830249,0.822262120246101,0.00488086849200511,0.0297124034521266
"PAIP2",51247,0.536005239453931,0.347190191341177,0.827504992615821,0.00488533640885743,0.0297206836807303
"TIMM44",10469,0.477813650766328,0.285693905506812,0.799127599357218,0.00488519638100099,0.0297206836807303
"PCBP1",5093,3.05241446316073,1.4032409514148,6.63979628410844,0.00488719190150586,0.029722518124039
"TMEM199",147007,0.414024129742469,0.224016522014836,0.765193470853265,0.00489327656176303,0.0297406103580685
"FAM54B",56181,0.483288936396956,0.291201996952174,0.802083084897461,0.00490483471276631,0.0297985453833141
"FEZF2",55079,0.129823623738379,0.0312999706203687,0.538472495229633,0.00491074008094006,0.0297985453833141
"MYPOP",339344,0.553383341212801,0.366412243038021,0.835761162871589,0.00491031346417026,0.0297985453833141
"IL11RA",3590,0.691880188969645,0.535206949009845,0.894417004065965,0.00492757696823908,0.029860958502131
"MRP63",78988,0.601644376842512,0.422174902472938,0.857407567493706,0.00493670963532242,0.029881153542662
"GPX8",493869,1.42428517297334,1.11293662124631,1.82273474987283,0.00495142415895033,0.0299417925666275
"ARHGEF11",9826,0.484174610871097,0.291901415289814,0.803096667343766,0.00496517313543426,0.0300154445516596
"RABAC1",10567,0.649379403236718,0.480420596795398,0.877759222150226,0.00498574929188429,0.0301140912087987
"ZBTB8A",653121,1.97294219150988,1.22779093241438,3.17032874919952,0.00498549088751198,0.0301140912087987
"LYRM7",90624,0.606590204955843,0.427879952673778,0.859941379466553,0.00499535215006411,0.0301430748629288
"PRPF6",24148,0.472378710193582,0.279828057076763,0.797424133145232,0.00499574148143902,0.0301430748629288
"ROM1",6094,0.672994093491585,0.510408164419212,0.887370307624164,0.00500195874114074,0.0301710705902866
"CCT2",10576,1.9153172662238,1.21658233799714,3.01536535236438,0.00500650102665562,0.0301889486560032
"CTDSPL2",51496,1.93553052734637,1.22041763741514,3.06966919146169,0.00500833118002872,0.0301904665869553
"PSD3",23362,1.47731396521243,1.12488555770149,1.94015874492259,0.0050121370349636,0.0302038894353336
"ZNF230",7773,0.516372607132889,0.325440411766866,0.819322554164629,0.00501591025429169,0.0302171072232558
"HDHD1A",8226,1.59822311702366,1.15180969680078,2.21765551973002,0.00502157091705755,0.0302416835423677
"NFE2L2",4780,2.0384789850706,1.23941142279346,3.35271766594563,0.00502483174610271,0.0302503648719959
"MAN2A2",4122,0.582657564499579,0.399480129613672,0.849829096122738,0.00503254013265768,0.0302601053496836
"KIAA0196",9897,1.79774687294793,1.19321572054456,2.70855786053428,0.00503675462486489,0.0302664171252877
"FAM228B",375190,0.698018007042722,0.542950503343831,0.89737302968729,0.00503561184694923,0.0302664171252877
"DHX15",1665,2.32619555049143,1.28940217326376,4.1966624931531,0.00504323248886235,0.030286313285548
"TNPO2",30000,0.411049268011071,0.220736544870283,0.76544416708039,0.0050694214401266,0.0304091525767217
"TXNDC15",79770,0.547392506444319,0.359159720947979,0.834276614650766,0.00506774024398869,0.0304091525767217
"KCNC4",3749,0.669622804634401,0.505827003977755,0.886458605334089,0.00507819897043808,0.0304389569751079
"FOXK2",3607,0.436180322212609,0.244117434400365,0.779351437773471,0.00508187144418624,0.0304447611507033
"ZC3HC1",51530,0.471937184988182,0.27906176051781,0.798119764461081,0.00509222372436508,0.0304848085057686
"ST3GAL2",6483,0.579489807634402,0.395587425383881,0.848885519620058,0.00509382495828044,0.0304848529339894
"BCL9L",283149,1.54487258737472,1.13947055472578,2.0945089816702,0.00509924683671354,0.0304903373239558
"LDHAL6B",92483,1.451918033307,1.11845100688965,1.88480850967668,0.00509765952142627,0.0304903373239558
"SNHG8",100093630,0.68477118062472,0.525309177710472,0.892639210793718,0.00511582031163694,0.0305686645113027
"HIST1H1T",3010,1.49790879842261,1.12882584833176,1.9876677803824,0.00511781466304791,0.0305710309369511
"TUFT1",7286,1.46947635437923,1.12215623832819,1.92429599580245,0.00514732474668805,0.0306993702618966
"ZNF319",57567,0.46950796339104,0.276409296641245,0.797504752431359,0.00515758210837791,0.0307222276508702
"RMND5A",64795,1.83263142915469,1.19860789646451,2.8020322284144,0.00517038296416939,0.030760160172836
"RSF1",51773,1.84772041079321,1.20152577058455,2.84144610131903,0.0051725520440162,0.0307634959408887
"C12orf57",113246,0.622728533428963,0.446772281110975,0.867983182354731,0.00517963378891763,0.0307864684526499
"PAFAH1B1",5048,0.478684428071453,0.285567944244115,0.80239671957794,0.00518553766975887,0.0307928528436752
"ZDHHC14",79683,0.670963356775831,0.507184994194499,0.88762844186839,0.00519247822077991,0.0308149335801605
"FAM49B",51571,1.64780496697846,1.16079061669376,2.3391481376139,0.00520444935805498,0.0308572544549032
"PRDX2",7001,0.589923738994408,0.40737777263321,0.854268546807731,0.005209983487681,0.0308709275616092
"FAM120C",54954,0.662740400258539,0.496594132657056,0.884474481775994,0.00521179835925778,0.0308721174411655
"QSOX2",169714,0.572708704650871,0.387299390996061,0.846877810830883,0.00522723083354699,0.0309290640464674
"EVI5L",115704,0.588320660153458,0.405364768506182,0.853851212671735,0.00524920070590416,0.031026409734805
"HNRNPR",10236,2.87335963903404,1.36905445118962,6.03058235416113,0.00526405214481879,0.0311045799734164
"CFL1",1072,1.83144735650937,1.19721001683226,2.80168004987141,0.00527376729671824,0.0311315061570581
"SMIM4",440957,0.61150672311125,0.432853922566283,0.863895307204933,0.00527310208054002,0.0311315061570581
"XPO1",7514,2.98840749614664,1.38467575519293,6.44958166526224,0.00528402467445792,0.0311552219322924
"ABCA2",20,0.664821724032534,0.498974795035372,0.885792086380352,0.0052991901059275,0.0312144132254881
"C17orf62",79415,0.484417455370497,0.291025204206238,0.806322846530273,0.00530318445690154,0.0312178038792996
"LTB4R2",56413,0.703170497449935,0.548949665911728,0.900717823851445,0.00530844278144049,0.0312276601668522
"OGFOD1",55239,2.54887986970771,1.32009809311716,4.92144381093701,0.00531617627966716,0.03125807061211
"GBA2",57704,0.593466109368633,0.411188061472705,0.856547297865848,0.00531858540756452,0.0312598583661495
"TPBG",7162,1.42812615138664,1.11151613204474,1.83492101056822,0.00532441595216339,0.0312680699775957
"MDP1",145553,0.546117486897517,0.356837371762635,0.835798974816037,0.00533511748408461,0.0312924845501645
"TEC",7006,1.64832301302872,1.15969943508883,2.34282148725197,0.00533826725712651,0.0313013604620045
"SUV420H2",84787,0.698748589428697,0.542980399025909,0.899202976948154,0.0053429275945906,0.0313190855353155
"MRPL38",64978,0.592854613978664,0.41035082425186,0.85652708010662,0.00535379180436417,0.031338598171389
"RNF169",254225,1.59741663961409,1.14885369178564,2.22111826663486,0.00535162935291019,0.031338598171389
"RRAS2",22800,1.56026511055904,1.14080070007441,2.13396364068589,0.00536083845894855,0.031338598171389
"SFRS18",25957,0.625309125004591,0.449344626152105,0.870181769307838,0.00535771556795517,0.031338598171389
"FAM66A",100133172,0.702584618060649,0.547956956125738,0.900846572010953,0.00538062435202195,0.0314244891545416
"PKNOX1",5316,0.370572573352301,0.184183131518906,0.745584196492234,0.00538539528586643,0.0314331570438716
"XRN1",54464,1.73600159291388,1.17711689715364,2.56023980106555,0.00539251985763124,0.0314651395109557
"TXNRD3IT1",114112,1.78830622695915,1.18742706373147,2.69325102910412,0.00539874301728704,0.0314918443707378
"ARCN1",372,2.71456024660987,1.34319944568728,5.48603363121863,0.00540412304390979,0.0315136162990435
"ABHD5",51099,1.97962232408874,1.22334182172224,3.20344197872139,0.00542191257743635,0.0315691739447849
"ARID3A",1820,0.703837278839174,0.549489470646847,0.90154032342162,0.00542608430140969,0.0315691739447849
"TMEM39A",55254,1.86036996236089,1.20105966142164,2.88160239497017,0.00542635028580931,0.0315691739447849
"ULK1",8408,0.652841386033837,0.483352167546681,0.881762623475607,0.00542846494231766,0.0315691739447849
"EPHB4",2050,1.4313871868471,1.11156258029726,1.84323340402672,0.00544048857511921,0.0316196368812838
"PLIN3",10226,1.71114537708599,1.17149031966331,2.49939624116082,0.00545729797577636,0.0317021210201336
"PTPN2",5771,1.94866098093005,1.21721874842804,3.11963615702044,0.00545799574001673,0.0317021210201336
"ARPC2",10109,1.93614030644465,1.21479609025426,3.08581770744339,0.0054673213002215,0.031737011990694
"CCDC90B",60492,2.75713650986849,1.3475643203314,5.64114203630764,0.00549236335083343,0.0318147891615357
"DLG5-AS1",100128292,0.641249432382203,0.468614871658785,0.877481401891802,0.00549097928513158,0.0318147891615357
"CASP6",839,1.61938271359775,1.15217115531371,2.276051054572,0.00551073000403554,0.0318985340487468
"LRRC16A",55604,1.42550520432391,1.10978050906098,1.83105133939859,0.00551349158598615,0.0318985340487468
"LRCH4",4034,0.650342585514296,0.47985026420176,0.881411369517525,0.00554162384007966,0.0319935524265631
"TAF12",6883,2.21030172177299,1.26155321034658,3.87255461062202,0.00557108055467354,0.0321248289928372
"TIAM2",26230,1.44267876990144,1.1131460240676,1.86976550077309,0.00560314112898606,0.032280506136782
"MVP",9961,1.605628594389,1.14831621697449,2.24506381170169,0.00563045486314354,0.0323890857646155
"ZNF498",221785,0.504648648213684,0.310978060508591,0.81893319974855,0.0056292311715312,0.0323890857646155
"TSG1",643432,0.401897315331244,0.210785733243009,0.766282658628739,0.00563261687116627,0.0323917807861688
"SNHG11",128439,0.606242922143555,0.425360754315547,0.864044171730308,0.00563573942200045,0.0323999963704847
"POU4F3",5459,0.575157012502881,0.38876445089912,0.850915221970951,0.00564284054335374,0.0324213310521859
"SPPL2A",84888,1.84400832889894,1.19547135347864,2.84437323165805,0.00565096235923208,0.0324582453588685
"ACD",65057,0.555931232981071,0.366779538872213,0.842630253460051,0.00565890612267312,0.0324711145561426
"GNAS",2778,0.617385445209396,0.438720591428044,0.868809888124251,0.0056613759190183,0.0324711145561426
"MEMO1",51072,2.04478963773785,1.23187009562655,3.39416037246482,0.00566627551656513,0.0324779298188017
"GTDC1",79712,1.63348866226717,1.15375025468856,2.31270606347615,0.00567231931628561,0.0324930972035324
"GALM",130589,1.43242333443373,1.11031566349174,1.84797591936837,0.00568969433860292,0.0325633703215015
"TP53I3",9540,1.45650538449753,1.11571985512245,1.901380463322,0.00568958108544508,0.0325633703215015
"LSS",4047,0.597376045787843,0.414549847998888,0.860832881265648,0.0057120171480889,0.0326713437129506
"PRKACA",5566,0.458384018845505,0.263609227405404,0.797073421143255,0.00571887037541427,0.0326814561310274
"TTC27",55622,1.99907123749839,1.22305094508612,3.26747289526191,0.00572453487665832,0.0327040557305388
"GGT7",2686,0.664730479626063,0.497531632439051,0.888117622547399,0.00573368560545663,0.0327343012418867
"POLD4",57804,1.49670237541251,1.12429741268139,1.99246033593806,0.00573508877391311,0.0327343012418867
"RABEP1",9135,0.599152350028624,0.416581849511075,0.861735908480282,0.00573667474056592,0.0327343012418867
"FAM237A",200726,0.511568164750952,0.317868710505903,0.823302132412298,0.00576569875836127,0.0328802981965343
"YOD1",55432,1.55630355556394,1.13685322558316,2.13051315909187,0.00577212773602596,0.0329050726448962
"FBXO28",23219,2.03496923240755,1.22872249274498,3.37024820599981,0.00577730074827472,0.0329170185916743
"FDFT1",2222,1.44781703730508,1.11320313464253,1.88301138244995,0.00578499507991693,0.0329412327756984
"PSMD1",5707,2.06761287359094,1.23407376619459,3.46415515194161,0.00580269383456317,0.0330125297363741
"INTS8",55656,2.07530907422272,1.23519363805935,3.4868279926683,0.00581863830003039,0.0330841880290833
"ATG3",64422,2.73059475495299,1.3369765387793,5.57687251758693,0.00583282903620891,0.0331543895915506
"KIAA0892",23383,0.469964044019711,0.274690212478073,0.804055596589528,0.0058525882865488,0.0332192242851035
"SUZ12P",440423,0.698483852597592,0.541157701835856,0.901548089742532,0.00585235591731142,0.0332192242851035
"OAZ1",4946,0.459569217669928,0.264312532717927,0.799068676986063,0.00587387355184279,0.0332986305352985
"SH3BGRL3",83442,1.42612935218428,1.1078446496645,1.8358575182698,0.00587291422400405,0.0332986305352985
"DNAJC27",51277,0.623993727839637,0.446057114102718,0.87291102433475,0.00589527566272837,0.0333184998493658
"GNRHR2",114814,0.564693293907131,0.37597725713256,0.848132460499482,0.00589315678522555,0.0333184998493658
"RABEP2",79874,0.654847044543534,0.484470714223535,0.885140503146163,0.00589586941310995,0.0333184998493658
"IP6K2",51447,0.517847538984042,0.324066843511192,0.827502347127861,0.00592887952327485,0.0334419577238803
"TSC22D2",9819,1.71651890555973,1.16813101977503,2.52235160548295,0.00593553090484727,0.0334696048399215
"DRC10",115811,0.682469337240889,0.519829745635971,0.895994121506439,0.00594715142487053,0.0335054978802647
"USP6",9098,0.68259589142802,0.519948469864841,0.896121785136769,0.0059635312989424,0.0335582415871937
"GSTA4",2941,0.682834917208559,0.520230611954625,0.89626314454538,0.00597405846290224,0.0335604997662253
"DUSP11",8446,2.80499417417589,1.3439910686754,5.85419985336297,0.00600477794988818,0.0337110031838894
"TCEAL1",9338,0.600407998916205,0.417236793241084,0.863993231187228,0.00601019760315894,0.0337315286254757
"C10orf88",80007,0.478881581087051,0.283137645891261,0.809950820854488,0.00603103752201467,0.0337989026321637
"NCAPD3",23310,1.76717079462092,1.17695125066325,2.65337465387907,0.0060396651726233,0.0338175280318401
"MTA1",9112,0.613856022658424,0.433272623388642,0.869704652943224,0.00604511951071427,0.0338381623884787
"C3orf21",152002,1.90553515886046,1.20245072207905,3.0197197897434,0.00605465944350781,0.0338420430087592
"KCNA4",3739,0.624936563633308,0.446741093964341,0.874210395780114,0.00605260426335862,0.0338420430087592
"WDR73",84942,0.481857159517443,0.286103076578448,0.811547799328032,0.00605009282025017,0.0338420430087592
"OS9",10956,0.466851010180251,0.270976062608407,0.804314091836537,0.00605893291433071,0.0338560355981313
"CHERP",10523,0.45994695793193,0.264121318353209,0.800962245038963,0.00606653997807299,0.0338851165514798
"SFRS5",6430,0.573143368034167,0.385121075468585,0.852961162724901,0.00606957340718551,0.0338851165514798
"SMARCC2",6601,0.439586182841096,0.244383443291395,0.790708280161177,0.00607122363266175,0.0338851165514798
"CUL7",9820,0.479261268551694,0.283310852854523,0.810739727121301,0.00610312448712602,0.034027290643952
"SLC25A43",203427,1.77968730678348,1.17871697098378,2.68706312702258,0.00610381315414855,0.034027290643952
"PARP3",10039,1.57903925219634,1.13913472231432,2.1888235966604,0.006109455404177,0.0340488209544561
"UQCR11",10975,0.596838784656773,0.412685156340754,0.863167791226408,0.00611371288404764,0.0340626234585433
"FAM188A",80013,0.505947773329611,0.31082359333345,0.823564088529709,0.00612795518596631,0.034112164971472
"PHF6",84295,1.9968756834357,1.21753936791098,3.27505836787722,0.00614924179937909,0.0342007990394661
"PPIL2",23759,0.444947097801474,0.249227743075009,0.794365496390064,0.00617279033705598,0.0343118165582301
"NUDT18",79873,0.591267489051065,0.405909145184215,0.861269689920618,0.00617810581833942,0.0343313858185293
"RNF25",64320,0.438252589165134,0.242758995160878,0.791176993390754,0.00619787544733852,0.03441125215711
"BLVRB",645,1.47933014405116,1.11759029624561,1.95815736987883,0.00619979225233664,0.0344119055166695
"TULP4",56995,0.501698269441961,0.306081521253957,0.82233371204471,0.00622253057891775,0.0344897473478277
"UBE2I",7329,2.25665868328939,1.25952279076572,4.04320465671719,0.00622944958623613,0.0345164201146983
"CENPO",79172,1.69434966696845,1.16117879386635,2.4723331231336,0.00623647775253769,0.034535353205787
"WASH2P",375260,0.68622858257588,0.523926502015854,0.898808641540815,0.00624166138558783,0.0345540542176957
"TSPAN19",144448,0.645028054293041,0.4710213930631,0.883316972334055,0.00626755296250853,0.0346773171865492
"SLC35F5",80255,1.75547070197113,1.17224187223963,2.62887502865882,0.00630880889141621,0.0348350426287869
"PDZD8",118987,1.45667719352121,1.11204677203239,1.90811079128155,0.00631374777082424,0.0348488906159071
"MRPL13",28998,1.68189855278434,1.15805809178123,2.44269502707509,0.00632042100795875,0.0348689623937776
"PRR13",54458,1.73125744081655,1.16747349852233,2.56729795595041,0.00632924186392711,0.034887601723054
"TKT",7086,1.53002774984209,1.12747685519198,2.07630418709413,0.00632927160448567,0.034887601723054
"CACNG2",10369,0.671038873835428,0.503903783768078,0.893609424464189,0.00634020891322561,0.034923077057962
"NEU1",4758,0.648833274514142,0.47559557480088,0.885173539078869,0.00634082265752066,0.034923077057962
"RETSAT",54884,1.5404376518976,1.12940929927663,2.10105243590932,0.00636321562059049,0.0350141614427601
"YIPF4",84272,1.95266984070853,1.20738236585941,3.15800496564204,0.00636647716652365,0.035022033006643
"ZSWIM2",151112,0.440328322506961,0.24425682424506,0.793791666624092,0.00637134290754264,0.0350287428062467
"C19orf6",91304,0.687378124200521,0.525064272265694,0.899868283916177,0.00637852314158186,0.0350479782042621
"MGC16142",84849,0.659412856917917,0.488748134770081,0.889671560737929,0.00643045545793553,0.0352725327054582
"DDX51",317781,0.596892913355775,0.411759220256961,0.865265748735401,0.00645188861229383,0.0353578948862722
"TFPT",29844,0.634176921767505,0.456969738400982,0.880102847750506,0.00645341198556889,0.0353578948862722
"FLJ44606",401207,0.694069990163092,0.533669240120164,0.90268112724002,0.00645807736222315,0.0353613540555616
"EIF5B",9669,1.72347511607812,1.16458323965465,2.5505832254819,0.00649261456371065,0.0355116496311391
"ARL8B",55207,2.62706245082193,1.31021365432957,5.26742878744455,0.00650483868783696,0.0355657136059918
"PRDX1",5052,1.643997299716,1.14919015515206,2.35185370267627,0.00650621801157345,0.0355657136059918
"NUDT14",256281,0.69507601857047,0.53485593892946,0.903291216245604,0.00651306501346237,0.0355929698607128
"DHPS",1725,0.543202346939622,0.34996778578223,0.843131287244597,0.00651513997292051,0.0355941394635963
"C12orf61",283416,0.687149040488866,0.524385671670346,0.90043231414149,0.00652047162596904,0.0356130955996316
"OR2L13",284521,0.678183420026478,0.512653851848614,0.897160432015301,0.00652639334329808,0.0356279182323422
"RNF216L",441191,0.42063393020831,0.225370878798695,0.785074381329136,0.00652845877945717,0.0356279182323422
"HDAC10",83933,0.688825359668483,0.526551814952199,0.901108613908185,0.00653440758368641,0.0356383273034417
"ATF7",11016,1.98130017927865,1.21025353119758,3.24357690287024,0.0065530613524448,0.0356832604018104
"KATNB1",10300,0.481528291392601,0.284342547291149,0.815458318216648,0.00654821026456391,0.0356832604018104
"SUPT4H1",6827,0.4359634781125,0.239614966731271,0.793206521448663,0.00655570539300266,0.0356832604018104
"TMPPE",643853,1.46655256515331,1.11279435428956,1.93277079279476,0.00655188255911268,0.0356832604018104
"GNL2",29889,2.00103550844023,1.21338153417846,3.29998684935462,0.00657300287459105,0.0357570608595856
"ZDHHC9",51114,1.66373104628189,1.15222652222902,2.40230626613891,0.00660883698519999,0.0359315591290279
"ZNF3",7551,0.431300646416207,0.235002344530504,0.791567624445089,0.00663890478556406,0.0360289985806245
"LRRC59",55379,1.52409508968946,1.12402562989178,2.06655949886052,0.00667666420098785,0.0362076995101487
"ZNF44",51710,0.501636015358066,0.304715578548754,0.82581498820237,0.00667896723441241,0.0362099224185392
"EXPH5",23086,1.41622384364159,1.10127843725996,1.8212378517909,0.00669369830424537,0.0362609711953398
"OLA1",29789,1.99902120237531,1.2116908212472,3.29794176655795,0.00669407064833716,0.0362609711953398
"CCDC93",54520,0.435705549079991,0.238966244239973,0.794419002997164,0.00670911081261672,0.0363218688120351
"DOHH",83475,0.684182226675719,0.519936583296962,0.900312334882552,0.00673388139292256,0.0364456563108177
"WDR5B",54554,0.564614438052162,0.373389785547964,0.853771249229869,0.00674307504474003,0.03648509091393
"CHEK2",11200,1.43205631796393,1.10440435370823,1.8569152601894,0.00674605290758516,0.0364908806457526
"PICK1",9463,0.607421101447256,0.423481524362719,0.871254997579014,0.00675219915509112,0.0365034802824838
"FAM172A",83989,0.588846662511061,0.401311978416572,0.864017050571289,0.0067872802077991,0.0366413515480027
"STK11",6794,0.570889382919335,0.380422797325784,0.856717025953925,0.00679584219278719,0.036666875492649
"ZNF121",7675,1.55050471999692,1.12860294912632,2.1301245833123,0.00679851775070948,0.0366709670101016
"C9orf142",286257,0.691326409705597,0.529121999614182,0.90325521355174,0.00681437290400028,0.0367461264546979
"DDX47",51202,1.7911723961523,1.1741870727627,2.73235724286191,0.00682562939476299,0.0367757220939808
"IFI35",3430,1.49200530100486,1.11654384938827,1.99372359576046,0.00682410228670392,0.0367757220939808
"DYNLL2",140735,0.600385497811069,0.414729335183673,0.869151794681236,0.00687294058904627,0.0369473678040157
"ABR",29,0.518846270756458,0.322393768337428,0.835008238732854,0.00687834375867361,0.036955640750604
"SELO",83642,0.699107424483854,0.539242386278856,0.906366419637683,0.00689033596483042,0.0369992857943042
"FAM193A",8603,0.520280528134182,0.323873064498347,0.835796049834718,0.00690013276947637,0.037031099742361
"MIMT1",100073347,0.667855426988847,0.498306050249052,0.895094232019721,0.00689911293826777,0.037031099742361
"IFT27",11020,0.582787394939183,0.393836985503709,0.862390177158212,0.00692552666026488,0.0370975556880832
"ERI2",112479,1.90803156866144,1.19373943065843,3.04973126756866,0.00693268502275523,0.0371120812847017
"SPIN4",139886,1.47329052573289,1.11206530666963,1.95185027371699,0.00693184680883311,0.0371120812847017
"POLR2J4",84820,0.562940667786956,0.370926972420674,0.854351985730011,0.00694385814176322,0.0371614926350042
"GRAMD4",23151,0.582161480064589,0.393048136748761,0.862265858005143,0.00694709335769904,0.0371684068958628
"EZHIP",340602,0.678524572845094,0.511978812052341,0.899247361641891,0.00695464479728783,0.0371880042040045
"PHF5A",84844,1.95087213121507,1.20081002849483,3.16944560924611,0.00695366617642928,0.0371880042040045
"BAT2L2",23215,1.72488379829807,1.1609375378181,2.56277708378944,0.0069614994185841,0.0372038556522096
"SPINT1",6692,1.4500157895737,1.10702804810436,1.89927056826914,0.00696840335074828,0.0372303494105482
"FAM45B",55855,1.68755559936919,1.1539094830507,2.46799592411114,0.00697387766364068,0.0372491924245896
"ATP9A",10079,0.658257972659574,0.485811176759148,0.891917640636565,0.00697675803914485,0.0372541739292919
"CCDC142",84865,0.558806100082642,0.366101564288861,0.852944340994921,0.00699338148240521,0.0373092055441497
"HES1",3280,1.44573465989283,1.10596952851716,1.8898791087109,0.00699957226554172,0.0373092055441497
"MBD2",8932,2.15505521092761,1.23342795670766,3.76532973562801,0.00699993258494727,0.0373092055441497
"PEX16",9409,0.59979561748435,0.413672055260491,0.86966179653323,0.00700292556397258,0.0373092055441497
"RHBDD2",57414,0.628295195824143,0.448201675701398,0.880752738101525,0.00700128856474791,0.0373092055441497
"C14orf143",90141,1.82060965939594,1.17779191582756,2.81426582008488,0.00700976293424824,0.0373158184367844
"ZNF512",84450,0.688150889087096,0.524444836997647,0.902957971447214,0.00700890387241713,0.0373158184367844
"MGC2889",84789,0.704068896622573,0.545552269574767,0.908644393648501,0.00701602174591782,0.0373387445559739
"AFG3L1",172,0.662463462037078,0.491069588801748,0.893677492033263,0.00702015731186711,0.0373399746674311
"ZNF84",7637,0.585588174936418,0.396854653000947,0.864078342114201,0.00701872058976525,0.0373399746674311
"CD47",961,1.83582535530369,1.18025239646023,2.85553729463619,0.00703371432552969,0.0373592647042527
"PPFIA1",8500,2.12270054749884,1.22795701656986,3.66939359729253,0.00703232156805089,0.0373592647042527
"DEXI",28955,0.465530162639982,0.266952199604205,0.811824486364692,0.00704505763651185,0.0373892390159717
"TJAP1",93643,0.488129646969936,0.289695264942735,0.822486871844778,0.00705850682881855,0.0374502247197815
"MAPKBP1",23005,0.653752249317623,0.479858554333406,0.890662466321064,0.00706326472434572,0.0374650760905603
"ST6GALNAC6",30815,0.57737959340322,0.387131553728519,0.861121217497671,0.00707945263429759,0.0375301248714551
"ASMT",438,0.682370955347062,0.516565216868392,0.901396581682529,0.00712658833059985,0.0377068478559843
"PRSS23",11098,1.42163398756616,1.10022403895443,1.8369378626956,0.00713681092443109,0.0377356112401572
"ANXA5",308,1.67608903834177,1.15047785981223,2.44183270498395,0.00714289849848063,0.0377409446354804
"RAB11FIP5",26056,1.79794231277794,1.17248595223973,2.75704502378236,0.0071562690341912,0.0378011482510288
"UGDH",7358,1.56872449664447,1.12979097412921,2.17818747248287,0.00717397656098183,0.0378842213368027
"MCART1",92014,0.557736323194942,0.364387698164284,0.853678122994063,0.00717970795114558,0.0379040226280877
"RECQL5",9400,0.619247768303163,0.436520925695276,0.878463725278859,0.00722505763177655,0.0380699473631191
"SMCR8",140775,0.621508301640425,0.439275388783409,0.879340338364419,0.00722709616690957,0.0380699473631191
"TCF12",6938,1.69060294208453,1.15249093416416,2.4799659789582,0.0072323568077382,0.0380768754917722
"GPR137",56834,0.54172419651496,0.346297558221487,0.847436252790677,0.00725161476077641,0.0381677588138059
"SLC38A2",54407,1.66570663846459,1.14770441171059,2.4175027795612,0.00725609591615211,0.0381730802796892
"DEAF1",10522,0.519955046926986,0.322549776316825,0.838175285414831,0.00726231028163778,0.038191768614052
"DCBLD1",285761,1.6323045420291,1.14125191553253,2.3346450346903,0.00728363745699201,0.0382520960021654
"NXF1",10482,0.569044164254101,0.376980712496648,0.858959756129506,0.00728276647471987,0.0382520960021654
"CC2D1A",54862,0.622250713361749,0.440018161887013,0.879954474194247,0.0072902908901351,0.0382593164580541
"EPB41L5",57669,0.668972735745067,0.498754860333055,0.897283528969311,0.00728732950345601,0.0382593164580541
"PCNA",5111,1.64058449262236,1.14275792777811,2.35528226233018,0.00729101314840838,0.0382593164580541
"PTGFRN",5738,1.4658034684704,1.10845271275479,1.93835946581798,0.00731496095399632,0.0383429044031482
"ZNF19",7567,0.580705702295556,0.390349468555835,0.86389028253625,0.00732013925892083,0.0383490286511582
"MCL1",4170,1.65533571936738,1.14521199071787,2.39268918420587,0.0073336312511582,0.0383881677451842
"OSBP",5007,2.57911246978085,1.289190346284,5.15968890936274,0.0074078958624722,0.0387027654087697
"ANAPC5",51433,0.44088848817177,0.242092521017562,0.802927154400972,0.00741545534016705,0.0387316805820249
"ANKRD50",57182,1.47769169576036,1.11024092708901,1.96675576844778,0.00743128229350506,0.0387719957522835
"E2F6",1876,0.483449025334968,0.283951770512716,0.823107951309159,0.00742940083310496,0.0387719957522835
"KLHDC4",54758,0.622517644662618,0.439986314163484,0.880773345537064,0.00742876281699184,0.0387719957522835
"GIN1",54826,0.536813779387766,0.340300052755384,0.846808666079521,0.00747421755001739,0.0389101986620035
"HK1",3098,1.61242485209369,1.13621708882281,2.28821932817702,0.00747237964820105,0.0389101986620035
"PIGP",51227,0.585738354181001,0.395814656339927,0.866793116584398,0.00747607989140288,0.0389101986620035
"RSU1",6251,1.67395079823321,1.14763504980308,2.44163967925729,0.00747413606698857,0.0389101986620035
"TMEM115",11070,0.474445373326445,0.274737244352175,0.819322523240879,0.00747577758633209,0.0389101986620035
"ZNF333",84449,0.594117468504588,0.405598612982123,0.870258317174911,0.00750638152701139,0.03900422696744
"DBF4",10926,1.65430326729484,1.14371786689236,2.3928272692097,0.00751678973093725,0.0390244805196835
"IRF9",10379,1.61133014791562,1.13570472966903,2.28614425717714,0.00751844046191425,0.0390244805196835
"TANC1",85461,1.52608511430656,1.11926231863399,2.0807774346861,0.00753484228360874,0.0390883993378314
"CCDC56",28958,0.605478367916679,0.41905358863042,0.874838120855154,0.00753787675891197,0.0390935381691185
"LYPLA1",10434,1.56987599984815,1.12765554058922,2.18551726674573,0.00754752541226666,0.0391223627535025
"TRAF3IP1",26146,2.1782639207017,1.23036392969213,3.85644734352545,0.00755612096712217,0.0391563060791509
"TMEM185B",79134,1.96141996433095,1.19621991999545,3.21610450734733,0.00758304289548465,0.0392606933749216
"FEN1",2237,1.6258884806064,1.13776816456999,2.32342003730407,0.00761701476006202,0.039386494002624
"CDADC1",81602,0.522647456073463,0.324496840102565,0.841796682068534,0.00762725833002814,0.0394288027239049
"NPM1",4869,2.23403188618932,1.23760530750625,4.03270609639447,0.00764448275012574,0.0394645132420121
"QTRTD1",79691,2.2295856522418,1.23695887083436,4.01876917486301,0.00764387610940993,0.0394645132420121
"RALGAPA1",253959,0.615407134821154,0.430732239125184,0.879260726705697,0.00765780152089203,0.0395012863241914
"RCBTB1",55213,0.631828267493273,0.450855402195925,0.885443442973477,0.0076627396605465,0.0395087068278312
"JMJD6",23210,0.532610711757723,0.335163176602428,0.84637630289429,0.00768150403262827,0.0395488903451092
"NOB1",28987,1.71460841352888,1.15314629293269,2.54944409895062,0.0077218226128573,0.0397030379344413
"FAM166A",401565,0.649128804324545,0.472330449389985,0.892104680416032,0.0077273365448487,0.0397207111242465
"HNRNPC",3183,2.96789743859366,1.33269232179107,6.6094889735485,0.00774426965233164,0.0397695780356616
"PARVA",55742,1.65129717948297,1.14157670056472,2.38861074653985,0.0077451601496753,0.0397695780356616
"CDK5RAP3",80279,0.683255117036515,0.516213249916359,0.904350198357408,0.00774826789412167,0.0397748577592231
"KTI12",112970,0.438342394709524,0.238866334544604,0.804399897398685,0.00775259969019614,0.0397757441723126
"TMEM194B",100131211,1.53077892145004,1.11893074848825,2.09421727798766,0.00775103146674468,0.0397757441723126
"ATG12",9140,2.45867669096076,1.26769895043972,4.76855413391086,0.0077724040019018,0.0398452884868335
"SNTB2",6645,1.79379241295622,1.16640556263484,2.75863843919839,0.00779296342284216,0.039929282450764
"PUS7",54517,1.81374583056021,1.16973864240316,2.81231534859453,0.00780146917582421,0.039962158791106
"NDUFB2-AS1",100134713,0.622005067879689,0.43837020863699,0.882565231042871,0.00781990046977991,0.0400351274854069
"RHBDD3",25807,0.701529021274651,0.540246161169332,0.910960601044076,0.00782276359698332,0.0400390685896441
"ZNF25",219749,0.639652837829886,0.46010865454593,0.8892589802459,0.00785650851995011,0.0401580541050469
"HNRNPM",4670,0.378714226915696,0.185078517090623,0.774938485151826,0.00786253762866843,0.0401781344439062
"EIF3H",8667,1.84226032260344,1.17389522371514,2.89116356185337,0.00787845659455128,0.0402269301628143
"PHF1",5252,0.593716496757118,0.404180408732362,0.872133509951893,0.0078772912964677,0.0402269301628143
"SMPD2",6610,0.591758271489558,0.401858845565167,0.871395157132415,0.00788049915407879,0.0402269301628143
"SAPS1",22870,0.53527608028257,0.33751081982399,0.848922361280423,0.00790653476808962,0.0403275441358001
"PABPC1L2B",645974,0.667851295871033,0.495781516042828,0.899640948611097,0.00791407407390723,0.0403444815596011
"CHMP1B",57132,1.94775126761742,1.1907800034873,3.18592434319941,0.00792022925727134,0.0403651012533517
"FTSJ1",24140,1.84055850171837,1.17321052128687,2.88750870946157,0.00792559960167027,0.0403817111297675
"NDRG3",57446,0.462838111685817,0.262077122298767,0.817389613217301,0.00793446962699394,0.0404080134094926
"DLAT",1737,2.07740744915696,1.21070287169009,3.56455891096418,0.00795335403717743,0.0404907646178048
"TAF1A",9015,1.58552640694277,1.12805088124833,2.22852889785513,0.00796192176103885,0.0405235969993055
"DHRS13",147015,0.694662766979038,0.530763038009913,0.909174764008267,0.0079674328317323,0.0405408586785166
"BRP44L",51660,0.569103876349149,0.37526692609142,0.863063594356639,0.00797571585443687,0.0405708085630765
"ZNF187",7741,0.601410008248806,0.413050658589486,0.875664983217718,0.00798746008966464,0.0405941814159176
"LRRFIP2",9209,2.42629782837325,1.26018717227331,4.671465700884,0.00800510524229726,0.0406568369541741
"ARIH1",25820,2.4532560550612,1.26356077383104,4.76309916890408,0.0080249728427832,0.0407469221035079
"STK24",8428,1.82377742361986,1.1692101801283,2.84479569835812,0.00806951128749885,0.0409513245943196
"ARL6IP4",51329,0.580499222868482,0.388180043288722,0.868100649626315,0.00807594771302558,0.0409561033256477
"C14orf119",55017,2.30073749916899,1.24195393207029,4.26214926608308,0.00807785283753453,0.0409561033256477
"NKIRAS1",28512,0.651520352974377,0.474506835178357,0.894568294638589,0.00807901802936524,0.0409561033256477
"CDK5RAP1",51654,0.497688443229615,0.296956036197798,0.834109283299203,0.00808654570273565,0.0409616948242121
"PEPD",5184,0.612177867042642,0.425726451655188,0.880287657578798,0.00809723264270944,0.0409863119112646
"SNRPG",6637,1.80700685026417,1.16616610505601,2.800007428397,0.00809896994575104,0.0409863119112646
"SFT2D1",113402,1.73451146866591,1.15370374483645,2.6077145440488,0.00811547390036156,0.0410465261996506
"L3MBTL3",84456,1.61774607705253,1.13285066554114,2.31019184560279,0.0081417391479186,0.0411540815756446
"MSN",4478,1.46146555281605,1.10329738446266,1.93590739192058,0.00816201922401075,0.0412456913335941
"CCDC109B",55013,1.54835046598832,1.11981095583338,2.14088739982194,0.00818274460767033,0.0413395024064739
"RGPD6",729540,0.612961980249179,0.426421896190702,0.881104822682384,0.00820187613786442,0.0413924234535443
"CENPT",80152,0.675008510366837,0.504348306401153,0.903416316233741,0.00821745168919246,0.0414116774852708
"DTWD1",56986,2.00499367526936,1.19702903648237,3.35831422242141,0.00820920610649409,0.0414116774852708
"RAC1",5879,1.76755254957669,1.15855664025554,2.6966674799999,0.00822158795694847,0.0414116774852708
"CKAP5",9793,2.08672244092496,1.20922112074796,3.60100437442444,0.00823218808608046,0.0414360688217002
"TRIB2",28951,1.43984051923514,1.09867748425937,1.88694202851426,0.00824118062366801,0.0414704187816096
"GTPBP8",29083,2.24361465258313,1.23133236730858,4.0880974486917,0.00829686496752299,0.0416629394155453
"ARMC1",55156,1.8915003987012,1.17829916914934,3.03638825517437,0.0083053288314695,0.0416944946350439
"WIPF2",147179,1.91631810956571,1.18221244658211,3.10627341783315,0.00831067695038814,0.0417103957045589
"LCMT2",9836,0.570265224293938,0.375710822385019,0.865565766710217,0.00833779160972766,0.0417916509746491
"LRRC74B",400891,0.67143441885316,0.499419064564697,0.902697175194198,0.00834306547414404,0.0418071295058824
"C9orf150",286343,1.53913099217024,1.11710351114953,2.12059508131101,0.00835896536578642,0.0418758330412249
"MYCNOS",10408,0.591147117611953,0.399866466196242,0.873929034322721,0.00839963702040123,0.0420281116377634
"NDUFB2",4708,0.580426296608334,0.387287592347778,0.869882465772206,0.00840778406611257,0.0420433165575255
"CNPY2",10330,0.615691781019166,0.429225892789983,0.883162865013907,0.00841449216669078,0.0420652800394956
"SMG1P2",440354,1.47444557791887,1.104442046198,1.96840546747418,0.00844317775208474,0.0421541792910793
"MMAB",326625,0.631410199647198,0.448420411072227,0.889073803008266,0.00845518161435989,0.0421924025253108
"CDH1",999,1.52531501430794,1.11394381313888,2.08860255376557,0.00846645590801304,0.0422373245051031
"MED31",51003,0.583336333794526,0.390513123674528,0.871369635731999,0.00847744299934785,0.0422811088001373
"BLOC1S1",2647,0.605100758960094,0.416147816935925,0.879848250052116,0.0085347408740355,0.0425003875807542
"SLC25A45",283130,0.672147366174041,0.499914001602189,0.903719600584842,0.00853333749153909,0.0425003875807542
"TAGLN2",8407,1.48525652707303,1.1060624720244,1.99445059118179,0.0085331272316685,0.0425003875807542
"SURF2",6835,0.651578973103677,0.473492282513935,0.896646416150081,0.00854620116929967,0.042524242914983
"TBC1D20",128637,0.431894798085556,0.230953225278225,0.807666212016091,0.00856900768434785,0.042626634584791
"PCMTD2",55251,0.60859440754439,0.420260651669813,0.881327222576405,0.00857272670107808,0.042630166918515
"LRRFIP1",9208,1.5186998342693,1.11203941513091,2.07407143598241,0.00859369551612604,0.042716115939954
"E2F3",1871,1.59694713264138,1.12625722640953,2.26434963936399,0.00860581743598671,0.0427208590963192
"SRRM2-AS1",100128788,0.695334956647637,0.530240466605773,0.91183289919598,0.00860545497826402,0.0427208590963192
"TCTN1",79600,0.679302758122133,0.509078236745176,0.90644660070849,0.00860560971027671,0.0427208590963192
"KHDRBS1",10657,4.16301981049348,1.43631728475094,12.0660902201469,0.00861802308040113,0.0427703496260593
"CASC3",22794,0.413867949830475,0.214270843071376,0.799393316615751,0.00862466268360944,0.0427921979635273
"CCDC94",55702,0.606530909307361,0.417637991443784,0.880857947509626,0.00863174711818158,0.0428051405572878
"FAS",355,1.44229777250919,1.09737605987058,1.89563353954551,0.00863153461609284,0.0428051405572878
"ZNF34",80778,0.649155082393811,0.470207480875335,0.896205054443703,0.00864029477360127,0.0428253221390701
"PCYT1A",5130,1.66280881454989,1.13739543336971,2.43093393258428,0.00868040976000625,0.042979600693668
"VPS4B",9525,1.85608787281365,1.16921355480112,2.94647814974392,0.00871655883500386,0.0431139438420271
"OSTC",58505,1.70511308596321,1.14430955868853,2.54075535229742,0.00873086211512355,0.0431512143865551
"CPOX",1371,2.00833490358366,1.19248421322599,3.3823584750367,0.00874489865039344,0.043209423013711
"TAX1BP1",8887,1.95048370419276,1.18365783125249,3.21409327921727,0.00875167452203518,0.0432232785565425
"SERF1A",8293,0.606912302051761,0.417762039802173,0.881704193507369,0.00877561747584035,0.0433276291844085
"SESTD1",91404,1.70500930254067,1.14393000793874,2.54128897884974,0.00878426862667271,0.0433591499412565
"GLRX2",51022,1.54302440495893,1.11549552885237,2.13440955406462,0.0087869589424471,0.0433612393426691
"MYH9",4627,1.5887786525604,1.12352184036719,2.2467009684535,0.00882481290187698,0.0434583409820291
"USP54",159195,1.511734439593,1.10956445486089,2.05967396111125,0.00882386400162157,0.0434583409820291
"C1orf183",55924,0.698898755611863,0.534516236437384,0.913834673856594,0.00882966311579633,0.0434598472506012
"YPEL1",29799,0.681290179423565,0.511166020095942,0.908034357393073,0.0088416135659919,0.0435074717460064
"BANP",54971,0.514624858492425,0.312951295782997,0.846261857825921,0.00885151640187982,0.0435256402538549
"ZNF761",388561,0.607321234910636,0.418077736841443,0.882226078719096,0.00885213261815735,0.0435256402538549
"ADH5",128,2.28050439155869,1.22983078622295,4.22879337399808,0.00888167696689739,0.0435366056755116
"ATP6V1G1",9550,0.5205491314629,0.319221847919038,0.848849789051734,0.00887616424437662,0.0435366056755116
"CWF19L2",143884,1.88660831480853,1.17268808229298,3.03515571382385,0.00888098450719404,0.0435366056755116
"CYB561D2",11068,0.607794209871855,0.418632416788489,0.882429995239465,0.00885860045286117,0.0435366056755116
"LASS5",91012,0.524163365895539,0.323130295910399,0.85026764009502,0.00886663244655617,0.0435366056755116
"LRRC8B",23507,1.6723225000329,1.13776832296102,2.4580246150974,0.00887629263552721,0.0435366056755116
"MTG1",92170,0.620214657457545,0.433701544822613,0.886937632381527,0.00886119666141926,0.0435366056755116
"WDR75",84128,2.10112060289918,1.20491467680286,3.66391734860553,0.0088705572271451,0.0435366056755116
"GADL1",339896,0.467899799214302,0.264862655776542,0.826580181577165,0.0088976187666552,0.0436035752369495
"TRIM41",90933,0.55440109192579,0.356323789239804,0.862587848496572,0.0089132490580332,0.043657801468118
"PIAS4",51588,0.486619776505748,0.283611473555724,0.834940857355609,0.00892627451610987,0.0437104077495222
"SAP30L",79685,0.521772377505227,0.32041242737883,0.84967495223141,0.00892967804624763,0.0437158822601941
"DOLK",22845,0.525500026027681,0.324411589962771,0.85123431436831,0.0089368943135407,0.0437288251560739
"ANKRD39",51239,0.53615012067103,0.335994378309186,0.855540956792551,0.00894037718863533,0.0437346788969381
"DPY30",84661,1.84426653263465,1.16541412056584,2.91854970981886,0.00895926577507828,0.0437934772501718
"VPS18",57617,0.472940870925274,0.269741389239524,0.829213002951285,0.00895763207635084,0.0437934772501718
"SCAF1",58506,0.620331051923102,0.433595845555103,0.887486856538894,0.00897030808254207,0.0438250530510299
"PRKAA1",5562,1.66107568402464,1.13512239706912,2.43072679667154,0.00899033676327958,0.0439116882715139
"RIOK3",8780,1.4414963573993,1.09559948417825,1.89659796157534,0.00899736115550705,0.0439235647834056
"FASTK",10922,0.671637357820703,0.498224589987208,0.905408423201185,0.00899984647338633,0.0439244867304058
"BTBD3",22903,0.634178278052399,0.450603599345202,0.892540780717108,0.00900245969400955,0.0439260322875818
"ARHGEF33",100271715,0.695388276153489,0.529384976773332,0.913446500803839,0.00904100995581382,0.0440476386696504
"MIS12",79003,0.554908612555395,0.35660903507904,0.863476631263435,0.00903759918530725,0.0440476386696504
"FBXL17",64839,0.597737466805437,0.406135340431293,0.879731566436841,0.00905898514789953,0.0440893661383904
"METTL5",29081,1.88228118749505,1.1705294768897,3.02682037381246,0.00906408943013664,0.0441029861435318
"GLTSCR2",29997,0.687779506465672,0.519162969601022,0.91116022754415,0.00909899373163888,0.0442503059000907
"JRKL",8690,1.69155635390972,1.13949797988634,2.51107325239643,0.00911177663787217,0.0442963625832329
"IPPK",64768,0.539182552578909,0.33890797638139,0.85780756212816,0.00912388375606115,0.0443375316570583
"IDE",3416,1.48304705411282,1.10268764534467,1.99460706211616,0.00914839543171092,0.0444227873628674
"C19orf39",126074,0.635712695132441,0.452150205118441,0.893797296070426,0.00916597626578456,0.0444742841287827
"B3GALTL",145173,1.97455475442471,1.18362653213756,3.29400057565464,0.00917102979699113,0.0444762390788664
"PKM2",5315,1.52524800275929,1.11028224013575,2.0953063877134,0.00916940049043214,0.0444762390788664
"PGAM4",441531,1.53586674417042,1.11217090186395,2.12097497956047,0.00917364580270567,0.0444776484837393
"HIP1R",9026,0.700822976109346,0.53630225541093,0.915813496749938,0.00920949352906411,0.0446167527265575
"MOCS2",4338,0.570896841469314,0.374396388341881,0.870529774721067,0.00921166709453524,0.0446167527265575
"FEM1A",55527,0.472018570492574,0.268245737084124,0.830587405830724,0.00922101707782347,0.0446507325689948
"MARK4",57787,0.552481327378075,0.353421144943563,0.863659748344096,0.0092410641318373,0.0447251603364504
"HIRIP3",8479,0.522251459808447,0.320206565937921,0.851783243335903,0.00924883163154848,0.0447277799000389
"TSR2",90121,0.447781450560242,0.244509117632715,0.820043969759133,0.00925095923482793,0.0447277799000389
"ZNF696",79943,0.55831601433736,0.359941112148931,0.866021583376609,0.00926277454534171,0.0447735882559391
"AKAP13",11214,1.60689928253279,1.12407723312902,2.29710666500796,0.00928222147721277,0.0448562532073392
"VTA1",51534,2.1565408398764,1.20851051661027,3.84826472764126,0.00929711136682569,0.0449055174528472
"C8orf44",56260,0.660504992906206,0.483203816016633,0.902862997338186,0.00930290248125694,0.0449221448520579
"ESYT1",23344,0.553920548027457,0.354883271127488,0.864588439326052,0.00930936864224453,0.0449420227209014
"METTL3",56339,0.533106395958787,0.331811062162052,0.856518850095984,0.00931775358621524,0.0449598064691067
"TUBA8",51807,0.696854681629722,0.530768971265998,0.914911145146608,0.00931773919251197,0.0449598064691067
"CNOT3",4849,0.500301798663101,0.296820058534243,0.843278217050338,0.0093255640757088,0.0449748018346148
"TMX4",56255,0.66793244958557,0.492725822930274,0.905440178791912,0.00932502188791219,0.0449748018346148
"H1F0",3005,1.45490158025586,1.09660021294252,1.93027375268433,0.00934313443638103,0.0450141391346751
"MED27",9442,0.528370945123171,0.326605961479138,0.85477881170943,0.00934174429843732,0.0450141391346751
"RTF1",23168,2.46121343488029,1.24748239703228,4.85583731397413,0.00938331817510816,0.0451736035074991
"C6orf203",51250,0.586941951431201,0.392468139259912,0.877780435883283,0.00946489014547047,0.0455319300333032
"NPHP4",261734,0.654748292274156,0.475484284839823,0.901597255480985,0.00947039730712927,0.0455469673858339
"CLASP2",23122,0.617441803054239,0.428931098230187,0.888800979299195,0.00948117296377306,0.0455644209241425
"CLINT1",9685,1.54473407681831,1.11217660744384,2.1455255865955,0.00947994816653286,0.0455644209241425
"RAD52",5893,0.630535061819984,0.445036469434279,0.893352548589376,0.00947660708494124,0.0455644209241425
"LINC00698",285401,0.579646656062726,0.383894994018708,0.875213928599253,0.00948776876500556,0.0455846654529669
"AGFG2",3268,0.687425553774056,0.517852290564098,0.912526410700652,0.0095049364592555,0.0456556804761878
"COQ4",51117,0.621224029751542,0.433454616701417,0.890333797982322,0.00952700522221476,0.0457323493578722
"RNF123",63891,0.460396661232548,0.256111378276416,0.827628538413894,0.00953567507293011,0.0457348645843221
"TSHB",7252,0.417564318387266,0.21574721772302,0.808167826359032,0.00953815939911438,0.0457348645843221
"ZNF815",401303,0.631947210796873,0.446665825097424,0.894085141048888,0.00953295553517074,0.0457348645843221
"TBCB",1155,0.588083851004907,0.393641389825047,0.878572794305169,0.00954112217647177,0.0457376049797934
"RPL23AP32",56969,0.636388288442177,0.452107290367544,0.895783063655364,0.009572736949081,0.0458546805973134
"DMTF1",9988,0.657150233766282,0.478266568584098,0.90294086625698,0.00960475533910126,0.0459850201178948
"C20orf72",92667,1.71605418144111,1.14026127188223,2.58260280012883,0.00961671423973374,0.0460307540699167
"DRAM2",128338,2.05413484655527,1.19103398160272,3.54269486262236,0.00963581627684861,0.0460656720465484
"MBD1",4152,0.463798295725015,0.259237564290168,0.829775035521681,0.00963429457004319,0.0460656720465484
"MOBKL3",25843,2.09080163036393,1.19616232550076,3.65456373632436,0.0096358513770791,0.0460656720465484
"HSPA1L",3305,0.62752187929873,0.44095516323849,0.893024374874214,0.00964081495085437,0.0460769284270344
"CDKL3",51265,0.626290574286443,0.439418326204894,0.892634330542571,0.00964900278329239,0.0460930260329754
"SUPT6H",6830,0.368167029650691,0.172716566289857,0.784794213048068,0.0096677816486718,0.0461481556261906
"OCRL",4952,0.587662217543435,0.392833087782029,0.879118619762727,0.00968413449164725,0.0462031530111591
"DLGAP4",22839,0.476420758981285,0.271593934784486,0.835720944094032,0.00971430151504753,0.046323970351113
"C1orf122",127687,0.663013928348514,0.485519333750146,0.905396425284981,0.00973435312831697,0.0463964545938995
"BRD8",10902,0.550494371584582,0.350033642406527,0.865756934284478,0.00976772708408799,0.046482089026741
"C20orf111",51526,1.77784371462771,1.14908026166835,2.75065926992097,0.00976576894361175,0.046482089026741
"PRMT7",54496,0.504866550059294,0.300625870621794,0.847865264694539,0.00976933120131221,0.046482089026741
"MGC3771",81854,0.699921326821784,0.533944000850479,0.917492963606031,0.00978072595547728,0.0464900460612361
"PLK1S1",55857,0.62620642621164,0.439034334863455,0.893174991315231,0.00978007754273084,0.0464900460612361
"USP30",84749,0.600067999222676,0.407324337306856,0.88401691406875,0.00977712725040861,0.0464900460612361
"PPWD1",23398,0.53424233276259,0.33197559233079,0.859746549774111,0.00980933887518596,0.0466144657554489
"OAZ2",4947,0.529148924621796,0.32641101971231,0.857809839493733,0.00981754884566861,0.0466303096029559
"OPA3",80207,0.503675343652943,0.299280416635799,0.847662719317279,0.00981603576589993,0.0466303096029559
"ACVR1",90,1.77115491701447,1.14753182904051,2.73368429587482,0.00983987704752235,0.0467015702947792
"STX16",8675,0.567175554751489,0.368713993559058,0.872459726311238,0.00985361701659563,0.0467435844931609
"TMEM205",374882,0.637050669521112,0.452338046744923,0.897190847548026,0.00985352533259648,0.0467435844931609
"FAM104B",90736,0.610353048535364,0.419475281036651,0.888087715051471,0.00987363141118364,0.0467854165412418
"ITPKC",80271,1.49870357977863,1.10214420827067,2.03794785036847,0.00987466547691709,0.0467854165412418
"SERPINA12",145264,0.614708265234564,0.42444963204746,0.890249920879743,0.0100184962012888,0.0472911591416709
"PPP2R2A",5520,1.76716458370215,1.14565537395752,2.725837749186,0.0100271222801097,0.0473085268504337
"RBM43",375287,1.56658317199115,1.11308668206202,2.2048443075605,0.0100418416306693,0.0473546116542927
"C13orf1",57213,0.498195840389275,0.293075056475937,0.846878947548899,0.0100554688614332,0.0474071858300797
"SMEK2",57223,1.94584423852442,1.17204618627044,3.2305124533079,0.010060822361117,0.0474171457805037
"HTT",3064,0.47073479766184,0.265149292230688,0.83572257676231,0.0100898106788015,0.0475222380825995
"RSRC1",51319,1.84090488687201,1.15631803278364,2.9307947350358,0.0101075181971626,0.0475704971843328
"MRPL16",54948,2.18150155543097,1.20382392760266,3.95319359187757,0.0101251681393608,0.0476301256767224
"DGCR6L",85359,0.615237262258852,0.42485576449223,0.890930335673225,0.01013158129683,0.0476368622085712
"LYSMD2",256586,0.638325565215585,0.453315632876912,0.898842876037397,0.0101498372415319,0.047687530562216
"TMEM126A",84233,1.89373903231217,1.16376149882893,3.08160007536888,0.010156646059335,0.047707801860732
"C9orf119",375757,0.591336385054989,0.396110350711756,0.882781072652046,0.0101751420337492,0.0477477776446323
"MTCP1NB",100272147,0.510865340775875,0.306046749565547,0.852756635306642,0.010191521892981,0.0477833316365908
"SF3B6",51639,1.83441460120383,1.15470027196328,2.91424277868085,0.0101986479577587,0.0477833316365908
"TAPT1",202018,0.568592001557365,0.369600576218411,0.874719589300538,0.0101986571773741,0.0477833316365908
"STX6",10228,1.86449512005568,1.1590704388801,2.99925003356164,0.0102111406743701,0.0477994340868029
"RXRB",6257,0.41645546845529,0.213415721942163,0.812663451539514,0.0102253380794624,0.0478281713531247
"MAP2K2",5605,0.596227853788863,0.401754498614399,0.884838016399832,0.0102465603005095,0.0478898189834745
"FOXK1",221937,0.613920482870722,0.423000519908805,0.891011574570821,0.0102535296032148,0.0479040695458448
"ESRP2",80004,1.46090603290808,1.09377548560052,1.95126556142867,0.0102589679057066,0.0479156164683635
"GTF3C5",9328,0.48456369596567,0.278675996330039,0.842562612281224,0.0102612363820679,0.0479156164683635
"COPS3",8533,0.574703111830732,0.376473064002895,0.877310220381097,0.0102744832245972,0.0479317172285051
"PEX6",5190,0.676081670610466,0.501389854886061,0.911638759502443,0.0102723323448028,0.0479317172285051
"ACTB",60,1.70698129329273,1.13467307418838,2.5679512468695,0.010277962149136,0.0479362550662092
"RRAGA",10670,0.486196241488134,0.280255595145454,0.843468567021838,0.010299821375351,0.0479797085841057
"TARSL2",123283,0.568266750042951,0.369030029749254,0.875069975806027,0.0102929398628663,0.0479797085841057
"C21orf71",282566,0.700852219140327,0.534167841122511,0.919549615794387,0.0103104883424625,0.0479943320823268
"ENAH",55740,1.55622431637598,1.10986162010085,2.18210457864091,0.0103370500465443,0.0480839348490002
"GAS2L1P2",340508,0.583624964111658,0.386686427104333,0.880863859859325,0.0103489744789834,0.0481266313784378
"IL28B",282617,1.488222488876,1.09804250209382,2.01704958794667,0.0103812926339727,0.0481969654368544
"RUVBL1",8607,1.77034579875443,1.14379171029862,2.74011799434114,0.0103842575712489,0.0481969654368544
"SELENOF",9403,2.17995275395327,1.20109536668284,3.95655011357923,0.0103932262572802,0.0482151924867811
"RIF1",55183,1.41502857756975,1.08495717143582,1.84551605174354,0.0104172722637456,0.0483150258459415
"POU3F2",5454,0.703079738676204,0.53691613891883,0.920667275773078,0.0104429835425456,0.0484107964658918
"XRN2",22803,2.13838997656271,1.19514590603612,3.82606982860358,0.0104513081463268,0.0484376474230174
"FOXN4",121643,0.588467566034015,0.392068934884997,0.883247932855414,0.0104922295269254,0.0485802164515861
"DYM",54808,1.72558044237055,1.13610012723636,2.62092027956641,0.0105176240069299,0.0486624563087923
"ANKH",56172,0.678507962545944,0.504059655868509,0.913330495464891,0.0105328937430094,0.0487095402859142
"C17orf79",55352,0.596528692113354,0.401490448673704,0.886313688631905,0.0105468598620065,0.0487567163231909
"PPP2R5E",5529,1.83873434090479,1.15286598007794,2.93264267906839,0.0105517719098436,0.0487614741047543
"PRPSAP1",5635,0.472615068769195,0.266087465403911,0.839442034177188,0.0105548756170901,0.0487640352483292
"TRIB1",10221,1.46656518588129,1.09344250975676,1.96701099989015,0.010578566699989,0.0488593538822619
"NUP98",4928,2.22502129066033,1.20505502312544,4.10829352094776,0.0105848958094279,0.0488648884956748
"WBP2",23558,0.523250333087226,0.318432411437629,0.859808553531993,0.0105869241347873,0.0488648884956748
"LONP2",83752,1.85936174806015,1.1555394676034,2.99187194126706,0.0105990216125868,0.0489083963990082
"RABGAP1L",9910,1.62908962151854,1.12023901140239,2.36907746286843,0.0106424523357102,0.0490373126244013
"TM9SF3",56889,1.6409154941944,1.1221109754297,2.399587668284,0.0106451568487409,0.0490373126244013
"ELK4",2005,1.47644149650542,1.09477899667433,1.99115940224018,0.0106683599332315,0.0490876710051438
"NAAA",27163,0.679334724115576,0.504881779969003,0.914066788897628,0.010669724736305,0.0490876710051438
"CENPB",1059,0.550750688765516,0.348367892978344,0.870706879966536,0.0106978660611249,0.0491634032078655
"EXOC1",55763,2.23966890302258,1.20582739775097,4.1598961878973,0.0106971392814848,0.0491634032078655
"KCTD7",154881,0.665619700336494,0.486954491702505,0.909837763128625,0.0106953738110355,0.0491634032078655
"LUC7L3",51747,0.628343658989439,0.439764358063759,0.897789342298163,0.0107058304796049,0.0491763735791073
"MYL6B",140465,0.664608145439316,0.485627661133606,0.909552775377771,0.0107053128285914,0.0491763735791073
"LIMK1",3984,1.68400080105977,1.12842755285238,2.51310657099929,0.010726566974211,0.0492216685854001
"TOB2",10766,1.95535272202607,1.16815535616086,3.27302721112401,0.0107318602739338,0.0492216685854001
"PABPC1L2A",340529,0.347319157317292,0.154125724388699,0.782676594176899,0.0107391987009266,0.049225914639217
"VGLL4",9686,1.72605279482932,1.13476707252232,2.62543593542588,0.0107482770519178,0.0492412683046784
"MIER1",57708,1.86057850658249,1.1546245922924,2.99816269484071,0.0107541104056558,0.0492561948584717
"FUK",197258,0.599700691362654,0.404834261954096,0.888365815395401,0.0107606738967701,0.0492626638639352
"ZNF267",10308,1.65774162500587,1.12414799959577,2.44461342836111,0.0107581851665479,0.0492626638639352
"GDAP2",54834,1.55603577423106,1.10774988844898,2.18573466441687,0.0107664504113706,0.049272651867144
"LYN",4067,1.46770160050956,1.09284789506277,1.9711324859299,0.0107710853071052,0.0492749458667787
"SPCS3",60559,1.86375480352878,1.15490906687232,3.00766706861487,0.0107785745062333,0.0492856310257531
"SP3",6670,1.77635617166472,1.14211080170421,2.76281534497611,0.0107844928819449,0.0493009071111282
"USP1",7398,1.90534546846182,1.16063258108533,3.12789888320488,0.010804334248303,0.0493798091200218
"CRYZ",1429,1.47881886470033,1.09452723662214,1.99803637718753,0.0108263649353805,0.049433249491292
"KIAA1429",25962,1.89237489625523,1.15866125008429,3.09070726902834,0.0108239132852081,0.049433249491292
"TCHP",84260,0.603248634501493,0.408929656286249,0.889905902968263,0.0108351278624385,0.0494614536097521
"UNC13B",10497,0.68780743824639,0.515715811469454,0.917325126718715,0.0108552940186592,0.049518055973025
"SLC39A11",201266,1.41611868420574,1.08342599092175,1.85097288099067,0.0108833603252234,0.0496224154804644
"EFR3A",23167,1.65005930616489,1.12209629057862,2.42643678329724,0.010912534783015,0.0497435778824425
"FYN",2534,0.690626163063664,0.519268909393788,0.91853081992693,0.0109586825853883,0.0499182476329416
"PION",54103,0.665557232716757,0.486355609342142,0.910787130883011,0.0109643252364048,0.0499320592373131
"BAT4",7918,0.457428002854365,0.250354872227922,0.835775137640788,0.0109806179975866,0.0499824560780198
