"gene_symbol","entrez_id","HR","CI_lower","CI_upper","p_value","FDR"
"MET",4233,1.90530662555574,1.52623841168817,2.37852311250066,1.22993084235395e-08,0.00023524887221704
"ARNTL2",56938,1.76804564930484,1.43373771864694,2.18030493120865,9.86793986952204e-08,0.00047186021471087
"TRIM67",440730,0.456439381265694,0.342739351341776,0.607858152133976,8.06320135129678e-08,0.00047186021471087
"USP20",10868,0.234710158728998,0.138216809259822,0.398568444066992,8.1065751370067e-08,0.00047186021471087
"PWWP3A",84939,0.278668324733536,0.173231074761994,0.44828005204314,1.38036369333017e-07,0.000528044327246525
"ACTL6A",86,4.45405368628192,2.48972248753006,7.96819498544296,4.81082375223874e-07,0.000912063096789446
"ARMC10",83787,4.40902203368674,2.45203067700925,7.92790868230307,7.19334909615207e-07,0.000912063096789446
"ARMC5",79798,0.445441495380231,0.323406152377343,0.613526132227277,7.39457767551943e-07,0.000912063096789446
"CASKIN2",57513,0.364416941909591,0.245242768857978,0.541503050912149,5.86600092705923e-07,0.000912063096789446
"GMPS",8833,3.24405062429421,2.03331661465975,5.17571359871304,7.91695433646355e-07,0.000912063096789446
"INSIG2",51141,2.41062704194743,1.69940475292099,3.41950481507122,8.10637980102504e-07,0.000912063096789446
"KPNA4",3840,4.63905595827848,2.52262502003298,8.53112928522279,7.9392171180189e-07,0.000912063096789446
"MXD4",10608,0.321579879461418,0.205583134565235,0.503025790968302,6.69205783889949e-07,0.000912063096789446
"SPRN",503542,0.51263459007845,0.393616162508119,0.667640833827498,7.1510612357324e-07,0.000912063096789446
"THSD1P1",374500,0.382513067121195,0.264625271744442,0.552918644368049,3.18746851718524e-07,0.000912063096789446
"CAMTA2",23125,0.294314315244026,0.180798946060999,0.47910078042344,8.66229546516384e-07,0.000920465140901049
"NAA50",80218,3.98313239840105,2.28441370647715,6.94503962141709,1.1030160792256e-06,0.000955825204201421
"SEC61A2",55176,0.347764968661696,0.227055141157066,0.532648029073297,1.19934150158593e-06,0.000955825204201421
"SGSM2",9905,0.51479424549497,0.394296748724548,0.672115902684935,1.05935384288966e-06,0.000955825204201421
"SLC26A11",284129,0.525509726054971,0.405456676573912,0.681109692191807,1.16132921044541e-06,0.000955825204201421
"TLE2",7089,0.563084979105411,0.446601411224234,0.709950048803017,1.19235378786035e-06,0.000955825204201421
"ZNF18",7566,0.375714062423435,0.253311113136069,0.5572635758262,1.1324453295237e-06,0.000955825204201421
"RHOF",54509,1.73335570569432,1.38629259839542,2.16730725240882,1.39800229513709e-06,0.00106958359596349
"C1orf129",80133,1.93302846967016,1.47374590568188,2.53544321999423,1.91856416288806e-06,0.00108326633203277
"SUGT1P4-STRA6LP-CCDC180",57653,0.508379447625254,0.385542118526917,0.670353899997349,1.63324626334071e-06,0.00108326633203277
"LDHA",3939,2.16695638583279,1.57635572495875,2.9788326985804,1.90551414417339e-06,0.00108326633203277
"PDCD10",11235,4.36274473328998,2.37608004382995,8.01047997405411,2.01945983211058e-06,0.00108326633203277
"REEP3",221035,2.58116301203804,1.74904804878419,3.80915921626309,1.79163659951688e-06,0.00108326633203277
"SAMD9",54809,1.80013496548105,1.41466640065105,2.29063607678541,1.73993298365944e-06,0.00108326633203277
"SMC4",10051,2.88060497881705,1.86948395970348,4.43859654473938,1.61585333123153e-06,0.00108326633203277
"TBC1D13",54662,0.303988120468602,0.186022984799281,0.496759997081772,2.01282128878281e-06,0.00108326633203277
"TMOD3",29766,2.60579111010077,1.755076446936,3.86886128027892,2.03887635035184e-06,0.00108326633203277
"C9orf45",81571,0.566707705581929,0.448160282092996,0.716613310903112,2.10847823250158e-06,0.00108996927440697
"ANAPC2",29882,0.309665174478509,0.190141237882684,0.504322583320778,2.46691534805643e-06,0.00124170236479672
"EPS8",2059,2.25621430414744,1.60742450900166,3.1668690863754,2.55539190176709e-06,0.00125325592064357
"CKAP2L",150468,1.70721182905457,1.36553314419868,2.13438409872809,2.67554956017839e-06,0.0012793809109383
"MICAL1",64780,0.412953634880454,0.285206390171984,0.597920349744433,2.82152092058571e-06,0.00131627391824495
"LAMA3",3909,1.49133338578971,1.26091388383379,1.76385976559218,3.05103193258072e-06,0.00135893993053533
"POMT1",10585,0.4245619607086,0.296273706112524,0.608399782909765,3.05507486866832e-06,0.00135893993053533
"KIAA0195",9772,0.259192790186531,0.146598441420903,0.458264779853928,3.42277277264284e-06,0.00145483055160755
"SFXN5",94097,0.407934429752122,0.27893927026602,0.596583259210814,3.77558634197374e-06,0.00153650297793472
"UNK",85451,0.315139370243103,0.192762657951273,0.515207788337948,4.13931204985736e-06,0.00164942961620045
"RNF167",26001,0.244606641134452,0.13419414276947,0.44586453366943,4.28752690430219e-06,0.001673623002012
"CDK6",1021,2.05833277056689,1.51130089824784,2.80336880584237,4.6489019930227e-06,0.00168459410385711
"LINC00999",399744,0.548186459127329,0.423823904185768,0.709040691199055,4.66792949780034e-06,0.00168459410385711
"SLC25A11",8402,0.268556117756893,0.153194162811744,0.47079070808516,4.42709437734105e-06,0.00168459410385711
"ANLN",54443,1.5386391888798,1.27635223259001,1.85482541034355,6.21645900852404e-06,0.00168865293421096
"ANO1",55107,1.65713880559826,1.33023094951415,2.064385152084,6.63235615177969e-06,0.00168865293421096
"BRF1",2972,0.445007803302347,0.31384114132503,0.630994216258245,5.51035088944809e-06,0.00168865293421096
"CIRBP",1153,0.447265938803584,0.315456397415845,0.634150461530007,6.27579338395728e-06,0.00168865293421096
"ECT2",1894,1.82814635123369,1.40672343951963,2.37581815134204,6.40693818508492e-06,0.00168865293421096
"FGD6",55785,1.86344285811854,1.42665761110618,2.43395420067229,4.93645096403457e-06,0.00168865293421096
"FNDC3B",64778,2.06659889747408,1.509638237865,2.82904267785444,5.88315561202388e-06,0.00168865293421096
"GPR126",57211,1.56585083511258,1.28938439506114,1.90159648838195,6.06035259540341e-06,0.00168865293421096
"GYG2",8908,0.700078733519729,0.600197825225793,0.816581154625492,5.62688984918966e-06,0.00168865293421096
"IRF2BP1",26145,0.452552917593875,0.321725245652229,0.636580890030971,5.25599556904673e-06,0.00168865293421096
"IRGQ",126298,0.34129917688603,0.214492785799954,0.543072475415193,5.72980272974041e-06,0.00168865293421096
"KATNAL2",83473,0.541099577170208,0.414884564639339,0.705711364963168,5.84248063127886e-06,0.00168865293421096
"KIF23",9493,1.67467681615947,1.3376214742807,2.09666373671979,6.89206037392434e-06,0.00168865293421096
"TUBA3FP",113691,0.646958223328453,0.535403344812551,0.781756309122141,6.49183912189618e-06,0.00168865293421096
"NEURL4",84461,0.381406707301022,0.251193885480019,0.579118699868905,6.08337049119911e-06,0.00168865293421096
"NMD3",51068,3.43010809630295,2.0094469277189,5.85516412004934,6.24732585011878e-06,0.00168865293421096
"PI4KB",5298,0.18809698892438,0.0912298363685716,0.387816953868907,6.01894953940876e-06,0.00168865293421096
"PNPLA6",10908,0.364898539484961,0.23521462878285,0.566082750920999,6.80511187130671e-06,0.00168865293421096
"RACGAP1",29127,2.11170856815864,1.52789633256306,2.91859662321072,5.97345634461316e-06,0.00168865293421096
"RALB",5899,3.1515765782757,1.92393365895343,5.16256622597836,5.14768821182486e-06,0.00168865293421096
"RANBP3",8498,0.209616165809973,0.106127745223922,0.414019320547761,6.81681894668565e-06,0.00168865293421096
"SAPS2",9701,0.362765810997485,0.233123646223435,0.564503154272616,6.97462131032916e-06,0.00168865293421096
"SP1",6667,3.39203667427546,1.99197998326873,5.77611868405886,6.87971264438281e-06,0.00168865293421096
"ZFP3",124961,0.530452703295223,0.403625191998791,0.697132081968888,5.42042866256986e-06,0.00168865293421096
"ZMAT1",84460,0.676747150501565,0.571264125284329,0.801707450969443,6.29057200179304e-06,0.00168865293421096
"SEPT7P2",641977,0.432654835778386,0.300123967693207,0.623709623597178,7.13203455307076e-06,0.0017051803112073
"TNFSF10",8743,1.78950999710903,1.38737661480074,2.30820239838992,7.42275902713364e-06,0.0017314038038047
"ZNF596",169270,0.474949449473867,0.342999811500149,0.657659193948074,7.34261113684885e-06,0.0017314038038047
"ARHGAP11A",9824,1.94699653426447,1.45406435830421,2.60703419541816,7.69834506162709e-06,0.00173230877639696
"INPP4B",8821,1.69613966393709,1.34598016116172,2.1373938803805,7.51963571310741e-06,0.00173230877639696
"PPP2R3A",5523,2.11844614293982,1.52424315180936,2.94429012537095,7.8380855154853e-06,0.00174324490296148
"CEP55",55165,1.68496476241886,1.33726293864936,2.12307256003127,9.6643488113007e-06,0.0017736124332396
"CHMP2B",25978,2.58933173682449,1.69763255527533,3.94940520107964,1.00073781356937e-05,0.0017736124332396
"COMMD2",51122,4.39663345319331,2.28377362802914,8.46423020412069,9.37690219796148e-06,0.0017736124332396
"CTNND1",1500,2.7346396287831,1.75039741260537,4.27231772936637,9.89981903674913e-06,0.0017736124332396
"ING5",84289,0.435332834150404,0.301220449014736,0.629156078577362,9.59521510058155e-06,0.0017736124332396
"KIF20B",9585,1.95036208149186,1.45225454800713,2.6193150878,9.00453023639892e-06,0.0017736124332396
"LRSAM1",90678,0.381327866613769,0.249546119512315,0.582701675106724,8.33393019291081e-06,0.0017736124332396
"MYOF",26509,2.00972955648601,1.47637026021896,2.73577231880467,9.17391772995274e-06,0.0017736124332396
"PELP1",27043,0.286457507334036,0.16451528058217,0.498785907410248,9.95235426643806e-06,0.0017736124332396
"PEX13",5194,3.22083402745673,1.92038669883779,5.40191818590564,9.28578456423663e-06,0.0017736124332396
"PRKCI",5584,1.89210253600286,1.42848397765626,2.50618982273944,8.72126320515297e-06,0.0017736124332396
"RARRES3",5920,1.54054433209493,1.27346081304632,1.8636433998095,8.64994614793863e-06,0.0017736124332396
"SIAH2",6478,3.10497917176524,1.88237467891133,5.1216666719464,9.11750315879716e-06,0.0017736124332396
"SLC43A2",124935,0.517864961509688,0.386724036015115,0.693476725995249,1.00146464573575e-05,0.0017736124332396
"STK3",6788,2.9757843775929,1.83491483761842,4.82599654238965,9.84712811721006e-06,0.0017736124332396
"TAOK2",9344,0.251838519092283,0.13735743389207,0.461734308085786,8.25501699153927e-06,0.0017736124332396
"TMEM175",84286,0.521946544621371,0.391297865961766,0.696216921021512,9.71832248444666e-06,0.0017736124332396
"TMEM8B",51754,0.418150376296627,0.284281289864895,0.615058899163251,9.48172948499649e-06,0.0017736124332396
"CAST",831,2.46053173105483,1.64901475914041,3.67141431935006,1.03576324240429e-05,0.00180350517520394
"TMCO5A",145942,2.21353530715201,1.55486284197456,3.15123522392896,1.03720170059306e-05,0.00180350517520394
"ZNF324B",388569,0.33841081712988,0.208910926378613,0.548185215276693,1.06956239254237e-05,0.00184301980920342
"C15orf37",283687,0.490556263664503,0.357183162514735,0.673731219932713,1.08510977118079e-05,0.0018531155886942
"ARF6",382,3.13330407765748,1.88245854663042,5.2153044541875,1.116188913418e-05,0.00185739901566062
"CSNK1D",1453,0.249570346426503,0.134321709171865,0.463702838502079,1.12646147235129e-05,0.00185739901566062
"NUSAP1",51203,1.92048429993556,1.43523801328442,2.56978975762961,1.12538756206067e-05,0.00185739901566062
"TBKBP1",9755,0.466749897795624,0.332266867447907,0.655664131562505,1.11141918459148e-05,0.00185739901566062
"GAN",8139,1.77809344208544,1.37453438146246,2.30013619988421,1.17600236600987e-05,0.00189305814183728
"RIPK2",8767,2.06199061538726,1.49177346425759,2.85016820570749,1.17777967730766e-05,0.00189305814183728
"TSPYL2",64061,0.491388714508196,0.357643564105027,0.675149486752984,1.16853125874788e-05,0.00189305814183728
"B3GNT5",84002,1.90459586337967,1.42722408095729,2.54163690986061,1.20682629231049e-05,0.00190768318124155
"CYB561D1",284613,0.45568601188745,0.320497798284389,0.647897559800502,1.20253848008235e-05,0.00190768318124155
"C17orf68",80169,0.403386048608941,0.268568460957828,0.60588016787975,1.2187522610425e-05,0.00190775494515499
"PTPN14",5784,1.78792102111319,1.37739117098607,2.32080881965431,1.26721594196228e-05,0.00195468059047681
"ARNT2",9915,0.626298575346411,0.50707200258017,0.773558594213507,1.40572613139899e-05,0.00198895844734334
"C21orf2",755,0.583959876884839,0.458047167094161,0.744484765564013,1.41692347195042e-05,0.00198895844734334
"LINC00957",255031,0.523573074537314,0.391289859116865,0.7005772268138,1.33165059713611e-05,0.00198895844734334
"HRH1",3269,1.81544241136918,1.38775902440514,2.37493043895764,1.35666235655843e-05,0.00198895844734334
"KLHL22",84861,0.448850963979862,0.312800497626187,0.644075662905165,1.37585037649701e-05,0.00198895844734334
"MCF2L",23263,0.533178194788758,0.401427809933995,0.708169639380346,1.40650198373011e-05,0.00198895844734334
"NCOA5",57727,0.414112498699146,0.27818478796603,0.61645772521462,1.40442081951181e-05,0.00198895844734334
"PAK2",5062,2.96460932795146,1.81436826759154,4.84405984405995,1.43799502592327e-05,0.00198895844734334
"PRC1",9055,1.77717669446564,1.37058102929821,2.30439276178295,1.43644492798706e-05,0.00198895844734334
"RAB10",10890,3.85858556335459,2.09858767317894,7.0946202248368,1.38985456214329e-05,0.00198895844734334
"RAB27B",5874,1.45085152090227,1.22617835691106,1.71669164101639,1.45581734003277e-05,0.00198895844734334
"RALA",5898,2.33031817075567,1.59033183252268,3.41462244916524,1.42500756805389e-05,0.00198895844734334
"RBM10",8241,0.301966283145177,0.17601932507516,0.518031961079149,1.37118331884256e-05,0.00198895844734334
"SOBP",55084,0.631267922508871,0.513052852904247,0.776721516570612,1.37179663699987e-05,0.00198895844734334
"SPINK7",84651,1.41447549895632,1.20988202191003,1.65366614340559,1.36104117027819e-05,0.00198895844734334
"WDR37",22884,0.378793607508385,0.244248178836157,0.587454112341476,1.45104303464409e-05,0.00198895844734334
"ANXA2P1",303,1.71463356294979,1.34346092075919,2.18835413056341,1.47709891289316e-05,0.00200372134091542
"CBX7",23492,0.487971154284621,0.352304971994245,0.675879894813844,1.58229798859092e-05,0.00208363370958077
"GNB3",2784,0.656198860209817,0.542021518663852,0.794427765897812,1.56352712541304e-05,0.00208363370958077
"ZFP91",80829,3.27101940017998,1.91008539960679,5.60161756042761,1.5761865704314e-05,0.00208363370958077
"STK11IP",114790,0.305798802163496,0.178425007294535,0.524102023716118,1.63023450768268e-05,0.00212119016520045
"CAV2",858,1.6688531273344,1.32204200443381,2.1066431711499,1.64158363171618e-05,0.00212152500836725
"B3GNT8",374907,0.605860376559383,0.482113020997731,0.761370840233757,1.71731842947518e-05,0.00214678206705094
"CDK1",983,1.79034600823998,1.3727010712534,2.33505961082557,1.72846990289039e-05,0.00214678206705094
"DEPDC1",55635,1.50741986107504,1.25030741496215,1.81740475212033,1.69872968493775e-05,0.00214678206705094
"DNAH6",1768,0.612951995687186,0.490342164894856,0.76622035777296,1.71999466067179e-05,0.00214678206705094
"IQGAP1",8826,2.54271614855254,1.66191530531715,3.89033387647638,1.69938136997439e-05,0.00214678206705094
"MRPL3",11222,3.77063710798922,2.05978269269829,6.90252629587846,1.69043439929456e-05,0.00214678206705094
"RAB6A",5870,3.67445415674871,2.02760962639487,6.65888205218972,1.78538625718659e-05,0.00220316664136825
"ASAP2",8853,1.90102438274853,1.41590223916926,2.55236103442055,1.92478150826121e-05,0.00223123005506134
"CD2AP",23607,2.18882216600115,1.5286049341133,3.13419273185656,1.89696936948989e-05,0.00223123005506134
"CRTC1",23373,0.470146252541256,0.332682888780478,0.664408979941372,1.89454848824351e-05,0.00223123005506134
"FAM196B",100131897,1.41862247977856,1.2088543695385,1.66479088866708,1.84203642324138e-05,0.00223123005506134
"IPO7",10527,2.78027636130302,1.73988470715084,4.44278670503319,1.9052556951032e-05,0.00223123005506134
"LINC01003",100128822,0.446348075958323,0.308434423220404,0.645928566700002,1.88782294329957e-05,0.00223123005506134
"RNF216",54476,0.257183893226822,0.138187770596444,0.478649844699118,1.82986998165362e-05,0.00223123005506134
"RPTOR",57521,0.323164974282414,0.192505710637707,0.542506506726439,1.92214045172456e-05,0.00223123005506134
"TPX2",22974,1.57870919845244,1.28055140243145,1.94628870699454,1.90706949675953e-05,0.00223123005506134
"U2AF1L4",199746,0.462001949728757,0.324349027606224,0.658074430277949,1.88294932895144e-05,0.00223123005506134
"B4GALT5",9334,2.05907662943079,1.47651492667972,2.87148913245477,2.07647803028749e-05,0.00228795747026462
"C9orf130",100128782,0.587757534936028,0.46016046172462,0.75073577286354,2.08137501869631e-05,0.00228795747026462
"IRAK2",3656,1.62332244541975,1.29921923059692,2.02827644460961,2.01155764472058e-05,0.00228795747026462
"KRT7",3855,1.41918719497118,1.20818520057392,1.66703936897539,2.01929379804735e-05,0.00228795747026462
"MAGED2",10916,0.316899793401585,0.186778463587624,0.537671619784228,2.04030419745712e-05,0.00228795747026462
"SLC2A8",29988,0.436577212831392,0.297910827498227,0.639787631635379,2.13342237685201e-05,0.00233176970297419
"DSG2",1829,1.72542555058864,1.34069204871829,2.22056462068991,2.25865444531198e-05,0.00240066996385657
"DTX3",196403,0.663431244034881,0.548852615485501,0.801929339759697,2.21698346181552e-05,0.00240066996385657
"HFM1",164045,0.705020902133794,0.599752602160083,0.828765845542555,2.27176903569843e-05,0.00240066996385657
"IGF2BP2",10644,1.64359373006033,1.30619228483426,2.06814906262931,2.25011470064029e-05,0.00240066996385657
"MCOLN1",57192,0.386714601077142,0.249200008936861,0.600113071120089,2.25998904275916e-05,0.00240066996385657
"TES",26136,2.18929520741801,1.52367681469942,3.14568907197619,2.2632225343219e-05,0.00240066996385657
"EXOC7",23265,0.315343227763819,0.184658015305388,0.538516300698064,2.3706948126e-05,0.00247782949074318
"RYK",6259,3.05871645660378,1.82161835542386,5.13595305736907,2.35808403908789e-05,0.00247782949074318
"DEF8",54849,0.449601419066042,0.310247815699988,0.651548297189852,2.40806510385952e-05,0.00248967898602817
"PNPLA7",375775,0.619202632383537,0.495719868102561,0.773444690482683,2.40260711052581e-05,0.00248967898602817
"FAM73B",84895,0.465610369163176,0.32649867885507,0.663993547025963,2.42985869645166e-05,0.00249870469285112
"DLGAP5",9787,1.59280449079382,1.28298464279504,1.97744077463464,2.46618829372885e-05,0.00252250179113111
"DGKZ",8525,0.464312668293899,0.324998035686345,0.66334632910293,2.49704901164588e-05,0.0025270400235847
"ABHD8",79575,0.550244911538066,0.416403349478973,0.727106213368304,2.65698460841552e-05,0.00254594788338923
"ATL3",25923,2.0615333293042,1.47093339754688,2.88926723325459,2.66168811838497e-05,0.00254594788338923
"EFHC1",114327,0.408841138624134,0.26950166697564,0.620222793080484,2.59410593693964e-05,0.00254594788338923
"INCENP",3619,2.44118097687322,1.6107439954265,3.69975898017844,2.58723141267024e-05,0.00254594788338923
"LRP3",4037,0.655502662795102,0.538282169873034,0.798249997827014,2.65037968909547e-05,0.00254594788338923
"PHLDB3",653583,0.508573637120875,0.371014416951644,0.697135023753178,2.64421051442424e-05,0.00254594788338923
"SAFB2",9667,0.255638365287241,0.135292441855594,0.483034919840427,2.65421004140576e-05,0.00254594788338923
"TGFA",7039,1.59258602581518,1.28209633694087,1.9782680727983,2.60126810091929e-05,0.00254594788338923
"TMEM104",54868,0.397341295302365,0.258497910614097,0.610759694643161,2.57866518626202e-05,0.00254594788338923
"OAS1",4938,1.51358942798707,1.24736717564319,1.83663078622613,2.67596161322633e-05,0.0025464237699592
"CENPE",1062,1.70393267492036,1.32846563070997,2.18551876205453,2.71205035229695e-05,0.00256097477898126
"ITGB6",3694,1.4211069429598,1.20595879011219,1.67463843697401,2.71803147452917e-05,0.00256097477898126
"CLDN1",9076,1.5086692638321,1.24486316858919,1.82838002204786,2.74737100131531e-05,0.00256336415327599
"PMPCA",23203,0.268201230904349,0.144996562314151,0.496093832230033,2.74231565735646e-05,0.00256336415327599
"AP1S3",130340,1.63230940887225,1.29795665343466,2.05279120781287,2.78917548263033e-05,0.00258973589593545
"ANKRD57",65124,2.04644366135417,1.46332553442289,2.86192754830067,2.85458075095331e-05,0.0026356858001037
"BFAR",51283,3.02053418350788,1.799388758432,5.07040333056766,2.88000382820972e-05,0.0026356858001037
"KIF20A",10112,1.67955419006829,1.31726972677894,2.14147658602446,2.87868627919157e-05,0.0026356858001037
"ATP6V0A1",535,0.413359805124266,0.273092659761627,0.625671626038994,2.9504222146541e-05,0.00267366361816767
"CCDC106",29903,0.671857806001588,0.557136933055896,0.810201020078454,3.13855630934197e-05,0.00267366361816767
"CMTM1",113540,1.68626448500368,1.31878479083628,2.15614248294568,3.0950297136357e-05,0.00267366361816767
"EFNB2",1948,1.85547835541451,1.38693473035763,2.48230854131396,3.14515770422819e-05,0.00267366361816767
"FAM111B",374393,1.78980639823438,1.36183119098406,2.35227902281041,2.98094582028063e-05,0.00267366361816767
"GTPBP5",26164,0.261628969942361,0.139455257997353,0.490836408006934,2.95637414077089e-05,0.00267366361816767
"KIF11",3832,1.81125130804722,1.36966542981308,2.39520632520489,3.09703562071127e-05,0.00267366361816767
"MEGF8",1954,0.483572043350285,0.343824984524548,0.680119047873539,2.97738327915526e-05,0.00267366361816767
"NT5E",4907,1.51767150602724,1.24704699951434,1.84702485239451,3.13786785445356e-05,0.00267366361816767
"PRRT1",80863,0.631260522192673,0.508570838757971,0.783548360445039,3.01771731250568e-05,0.00267366361816767
"SLK",9748,1.90315288420836,1.40636831704602,2.57542128670699,3.05350866971183e-05,0.00267366361816767
"TOP2A",7153,1.64721522760359,1.3024148933793,2.08329774163521,3.11503330982301e-05,0.00267366361816767
"YWHAZ",7534,2.14546870273284,1.49832796806268,3.07211508596333,3.0800582812917e-05,0.00267366361816767
"ZDHHC5",25921,5.18030453891491,2.38798496292208,11.2377404098327,3.14113563861276e-05,0.00267366361816767
"NCBP2",22916,4.21499653271644,2.13833507167226,8.30842462725816,3.25227812030761e-05,0.00273113686648568
"SAFB",6294,0.272853729076873,0.147855981021111,0.503524828397207,3.25560310325057e-05,0.00273113686648568
"REM2",161253,0.66304092896204,0.546162554652051,0.804931187124171,3.27882074962161e-05,0.00273561908948306
"TMEM41A",90407,2.41292710304579,1.59214281529998,3.65684356243884,3.28955084739428e-05,0.00273561908948306
"B4GAT1",11041,0.454809990707349,0.313514610275223,0.659784650755607,3.31432156366533e-05,0.00274033471288207
"HERC4",26091,3.30293287908039,1.87861200849082,5.80714141845305,3.32387542943818e-05,0.00274033471288207
"NCK1",4690,2.5236195639713,1.62944412114073,3.90848364852191,3.36187429761741e-05,0.00275976693950765
"ASPSCR1",79058,0.524030114942905,0.386062337833582,0.711303679369647,3.39645162629616e-05,0.00276344017772512
"DPH1",1801,0.424216704849742,0.282783996611066,0.636386128034981,3.41133479893396e-05,0.00276344017772512
"JMJD5",79831,0.477541439358121,0.336641292953984,0.67741489554996,3.42414033628302e-05,0.00276344017772512
"MMP28",79148,1.44667911112355,1.21494673194292,1.72261087300044,3.38433632162964e-05,0.00276344017772512
"LINC01089",338799,0.686044568649021,0.574000017432621,0.819960167036178,3.44575497067296e-05,0.002769199803532
"KIAA1908",114796,0.595490386717522,0.465843979810175,0.761217952880881,3.50564414919061e-05,0.00277119976373607
"KIF18A",81930,1.49207172633393,1.2346017041903,1.80323583627742,3.46323552316734e-05,0.00277119976373607
"PAQR5",54852,1.45828908422016,1.2196015479866,1.74369002455467,3.52068564117669e-05,0.00277119976373607
"VPS53",55275,0.262931896723301,0.139677603922208,0.494948226295573,3.48630956425781e-05,0.00277119976373607
"RAB9A",9367,3.78000145154847,2.01288974501737,7.098456837528,3.53658907025139e-05,0.00277230898142207
"PATL1",219988,2.4445415316834,1.59998266292237,3.73490503278971,3.57707850458084e-05,0.00279252031168853
"ZNF185",7739,1.47504548875293,1.2267056233375,1.77366040596666,3.59157210579484e-05,0.00279252031168853
"DENND4B",9909,0.306640523525476,0.174857626488397,0.53774269133304,3.71299066474148e-05,0.00287523775078989
"C7orf43",55262,0.434601069258541,0.292439839364251,0.645869898613262,3.74448321759657e-05,0.00288793268157135
"FBF1",85302,0.6005684342452,0.47117391619874,0.765497477283093,3.81396905646094e-05,0.00290024551764098
"KIAA1609",57707,2.07724826458124,1.46684848528336,2.94165375360649,3.81921587671316e-05,0.00290024551764098
"ZNF575",284346,0.433102187833712,0.290857176034012,0.644912763247118,3.80033120916985e-05,0.00290024551764098
"ZNF775",285971,0.545373368883041,0.408671609377419,0.727802236959775,3.82110038398874e-05,0.00290024551764098
"LY6G5C",80741,0.521465110228651,0.382408103140159,0.711088125363581,3.87861089521189e-05,0.00290926237618501
"ZNF48",197407,0.304300454267555,0.172654078038811,0.536325394217593,3.87856572589546e-05,0.00290926237618501
"AMIGO2",347902,1.5157600786734,1.24267208206628,1.84886153737333,4.0686156942248e-05,0.00295895104119535
"C3orf71",646450,0.525569704164526,0.38657162565966,0.714546789263773,4.05022507640549e-05,0.00295895104119535
"PISD",23761,0.308318883599121,0.175828391491362,0.540643824228343,4.02267612537924e-05,0.00295895104119535
"PKD1",5310,0.550888793586935,0.414380585613846,0.732366509039289,4.06265016497858e-05,0.00295895104119535
"RPE",6120,2.09191870405914,1.47063021221191,2.97567928909236,4.04067488682475e-05,0.00295895104119535
"SPTY2D1",144108,2.6194825017305,1.65430954543638,4.14776581311588,4.01393438539509e-05,0.00295895104119535
"LMO7",4008,1.66987261499416,1.3066067376831,2.13413452562782,4.19161837162066e-05,0.0030140257366161
"PPP1R12C",54776,0.487424271854336,0.345585758883078,0.687477463077728,4.20985138566928e-05,0.00301579878103732
"ANXA2P2",304,1.78428487098363,1.35234057686546,2.35419431708571,4.23496603348563e-05,0.00302246997471939
"ZNF79",7633,0.381237461591365,0.240241364003491,0.604983253918403,4.25832117450493e-05,0.00302784048716564
"ARHGAP42",143872,1.76219129316645,1.3432878292108,2.31172953866191,4.2964611710651e-05,0.00303241375715728
"CDCP1",64866,1.7123998964891,1.32342676505025,2.2156975232283,4.28636310428398e-05,0.00303241375715728
"AMIGO3",386724,0.530484431333341,0.391334879921956,0.719112316140029,4.4213764864341e-05,0.00304278282051349
"HSBP1L1",440498,1.64441274327634,1.29538103101831,2.08748870448095,4.38700324151774e-05,0.00304278282051349
"IQCC",55721,0.436580046382039,0.29332104422155,0.649807235634202,4.41891309168971e-05,0.00304278282051349
"LRRC8E",80131,1.70259135005309,1.31924162562206,2.1973361429592,4.33846837530757e-05,0.00304278282051349
"RAB11FIP3",9727,0.443763164619341,0.300567567356854,0.655179625681865,4.36841232494847e-05,0.00304278282051349
"RBM5",10181,0.401268774773543,0.258898280038297,0.621930086149828,4.42251071314242e-05,0.00304278282051349
"REPIN1",29803,0.454774660043638,0.311658331505937,0.663611302859929,4.37460944358122e-05,0.00304278282051349
"EDC4",23644,0.287201867888756,0.157742119667399,0.522909880333233,4.49197510940305e-05,0.00307949849166854
"PRRG1",5638,1.7914779038715,1.35382959775424,2.37060342408205,4.50934972303836e-05,0.00308036900544838
"C15orf23",90417,2.10587118836554,1.47217645203852,3.01233826682078,4.55504031544567e-05,0.00310050733500105
"ZNF76",7629,0.376969176158806,0.2358194232525,0.602604135884478,4.57812412204385e-05,0.0031051695064657
"ADAM9",8754,1.67682958169735,1.30718731847136,2.15099810587469,4.73590987982512e-05,0.00310699382872798
"ARHGAP32",9743,1.9674904339,1.42051764643648,2.72507604336972,4.65989683705018e-05,0.00310699382872798
"ASPH",444,1.66825848169769,1.30416587304954,2.13399723092628,4.62250215807396e-05,0.00310699382872798
"ATP2A3",489,0.680304870049561,0.565096091503507,0.819001800174861,4.71908512661766e-05,0.00310699382872798
"C19orf63",284361,0.449011178630495,0.305495345163284,0.659947988495167,4.60033664061691e-05,0.00310699382872798
"EXOG",9941,0.450657003405234,0.307083272294825,0.661357205166163,4.64974157307657e-05,0.00310699382872798
"HMMR",3161,1.60005509842094,1.27592125315308,2.00653160346384,4.70725232903252e-05,0.00310699382872798
"LIPH",200879,1.53306773721019,1.24783613518184,1.88349785729862,4.74207733335081e-05,0.00310699382872798
"MED22",6837,0.287710240109984,0.157873481026027,0.524326072537146,4.73251045388968e-05,0.00310699382872798
"VAMP2",6844,0.469263302733297,0.325913440814717,0.675664209311795,4.74325402827714e-05,0.00310699382872798
"ITGA3",3675,1.50774697096272,1.23687133430438,1.83794455041338,4.82451852180165e-05,0.0031280869751356
"RPAP2",79871,3.42353557172214,1.89119064584543,6.19746921686325,4.81602759746703e-05,0.0031280869751356
"KIF14",9928,1.56596053953173,1.2612621139075,1.94426866892344,4.85763889038974e-05,0.00312835215678399
"SPEF2",79925,0.616973255185316,0.488750947464422,0.778834290938484,4.84845026651651e-05,0.00312835215678399
"ZNF446",55663,0.444531955018781,0.30054097469783,0.657509876087612,4.91960851644663e-05,0.00315762926490184
"BORCS8",729991,0.368072171062857,0.22711971662464,0.596500934063895,4.96143405981221e-05,0.00316324497540094
"PTPN12",5782,2.45834159756164,1.59090701160435,3.79874082282625,5.09806457321357e-05,0.00321817429346059
"CENPA",1058,1.48352819314306,1.22562531749522,1.79570042200837,5.16564640703836e-05,0.00325010917195469
"C10orf111",221060,0.560387358239874,0.423294220091502,0.741881122797238,5.21642825657571e-05,0.00325328853738158
"C20orf160",140706,0.630867501272284,0.504666566374806,0.788627245550388,5.22827922153138e-05,0.00325328853738158
"ITGA2",3673,1.56327937776541,1.25907986824968,1.94097489331151,5.19861830370394e-05,0.00325328853738158
"LINC00265",349114,0.642158669649215,0.518104851817207,0.795915644409248,5.25146582715439e-05,0.00325328853738158
"FLNB",2317,1.55202512061393,1.2541278994488,1.92068287140042,5.29005723985697e-05,0.00326396531699175
"SSBP4",170463,0.62364095953279,0.495975364760708,0.784168073740164,5.33512753158348e-05,0.00327067257360889
"TBCCD1",55171,4.23678687626673,2.10323456168245,8.53464628336409,5.32958593387307e-05,0.00327067257360889
"GTPBP6",8225,0.525269329226655,0.38425985154615,0.718024188881681,5.41560866182113e-05,0.00328839196427469
"NT5M",56953,0.61382258027473,0.484337765788577,0.777924388038737,5.40423973123576e-05,0.00328839196427469
"TBC1D17",79735,0.436644870213271,0.291940493358179,0.653073989464173,5.47619211429691e-05,0.00330474552644403
"CAB39",51719,2.64895380292946,1.64963571044766,4.25363988280191,5.54379412855053e-05,0.00332894840111481
"MYO1E",4643,1.94944290102217,1.40913422380258,2.69692379913284,5.552018298508e-05,0.00332894840111481
"ZNF491",126069,0.639263779658978,0.51418806174903,0.794764037488184,5.63040981418813e-05,0.0033549173992516
"P2RY2",5029,1.43593382613302,1.20403559001419,1.71249585156259,5.67067856673583e-05,0.00336841829024709
"ABCA5",23461,0.605603962143105,0.474231863428792,0.773368867101645,5.82297392215093e-05,0.0033852894288444
"DDX60L",91351,1.81806801772677,1.35857602927624,2.43296749379705,5.78258582418216e-05,0.0033852894288444
"ERGIC2",51290,2.42321441526692,1.57401752076551,3.73056082596948,5.80435665122563e-05,0.0033852894288444
"FBXO9",26268,0.376007983677491,0.23340102691088,0.605747136850417,5.8103562357724e-05,0.0033852894288444
"KLHL29",114818,0.506423371133081,0.363456503534969,0.705626748552926,5.81706776318204e-05,0.0033852894288444
"PCDH1",5097,1.77589255131453,1.342255150321,2.34962358167164,5.80162329207503e-05,0.0033852894288444
"C2orf81",388963,0.574136938828752,0.437992742105013,0.752599741592561,5.86713526244093e-05,0.0034006271565063
"DCUN1D2",55208,0.481713181921651,0.337247250824152,0.688063695315565,5.93807135102381e-05,0.0034313441308469
"FBXL18",80028,0.481947359238244,0.337256973459071,0.688712985514902,6.13784318028408e-05,0.00352727624541814
"RNF166",115992,0.460959168210537,0.315617761328249,0.673230029460742,6.14096821103279e-05,0.00352727624541814
"LPCAT2",54947,1.59100699818822,1.2677012405005,1.99676642052075,6.16037811954427e-05,0.00352783090696177
"CCDC68",80323,1.65474411368309,1.29313138334142,2.11747863909501,6.24689193638213e-05,0.00355737652860673
"HCFC1",3054,0.246108179299288,0.123862559810729,0.489003585995354,6.27820020330721e-05,0.00355737652860673
"KCTD2",23510,0.391294250352635,0.247147245941034,0.619514046276529,6.26914157878764e-05,0.00355737652860673
"SLC25A5-AS1",100303728,0.576400839553479,0.44007701527151,0.754954056468908,6.2915661336803e-05,0.00355737652860673
"SGSH",6448,0.434507973908117,0.288847435765322,0.653622487211996,6.30496493541947e-05,0.00355737652860673
"TMEM139",135932,1.43257654989739,1.20118822563894,1.70853786901238,6.34886920954838e-05,0.00357161239326564
"WDR5",11091,0.32900735472327,0.190787394171578,0.567363687375784,6.37555507857634e-05,0.00357610680316509
"MRPS22",56945,3.26231219495476,1.82675721375339,5.82599634873387,6.42921053666888e-05,0.00359565818522999
"SNAPC4",6621,0.506566357072461,0.362747391502681,0.707405429036055,6.56438572369531e-05,0.00366055410312304
"ASPM",259266,1.54573897228286,1.24807511589003,1.91439516741763,6.59316587122889e-05,0.00366591522148241
"CCDC6",8030,2.65469410279444,1.64247347160499,4.29072426510792,6.73216964804426e-05,0.00373235387994616
"CASC5",57082,1.49675617977336,1.22709988397372,1.82566968748709,6.91488025536915e-05,0.00376995833104328
"CTNNA1",1495,2.68720071594385,1.651913039906,4.37132434536629,6.83858667697063e-05,0.00376995833104328
"HMGXB4",10042,3.0728660777813,1.76748714945908,5.34233356936644,6.93726414401652e-05,0.00376995833104328
"PIK3CB",5291,2.74015754552458,1.66765038217667,4.50242056401233,6.93796900991915e-05,0.00376995833104328
"SGOL1",151648,1.51851821722818,1.23616808573943,1.86535925223676,6.89360008457062e-05,0.00376995833104328
"SMAD3",4088,1.74808692011033,1.32779272216868,2.30141936255665,6.87395356183736e-05,0.00376995833104328
"UBOX5",22888,0.380516258742733,0.236446627877362,0.612369161139681,6.88790718539023e-05,0.00376995833104328
"ZNF786",136051,0.441322720061594,0.294863167820495,0.660529236941292,7.02101897325215e-05,0.00380427846746158
"CDCA5",113130,1.58150762341245,1.26156755019794,1.9825861584021,7.04291090287432e-05,0.00380536036269144
"GTSE1-DT",150384,0.6152611610957,0.484113593728887,0.781936928143402,7.15538518287778e-05,0.00383437063026893
"ZNF266",10781,0.489026448683069,0.34347013696323,0.696266841787111,7.24107217187511e-05,0.00386871473272221
"RASA4CP",401331,0.593785162793454,0.458976811094335,0.76818874294105,7.27430904942344e-05,0.00387564649549644
"ANXA2",302,1.72079070414043,1.31538260659056,2.25114778971517,7.49989960205369e-05,0.00390954417751723
"ARHGAP11B",89839,1.6044240011343,1.26983929389904,2.02716705002236,7.43360039861724e-05,0.00390954417751723
"FXR1",8087,3.24529212519295,1.81254017220979,5.81058623655176,7.45870100624582e-05,0.00390954417751723
"LPHN1",22859,0.611361457971405,0.479309727999285,0.779793962983117,7.39225945727374e-05,0.00390954417751723
"PPFIBP1",8496,2.11098405323994,1.45842131285127,3.05553246772098,7.4959344424401e-05,0.00390954417751723
"GNAI3",2773,3.23604609107546,1.80906730200469,5.78861510125157,7.56074418246133e-05,0.00392973787983527
"UBE2H",7328,2.52450311674878,1.59570015969111,3.99393078190078,7.60270108969001e-05,0.00394083641578593
"FLJ37453",729614,0.52562262718179,0.382189652049432,0.722884946580797,7.62666278779319e-05,0.00394257240924649
"INPP5K",51763,0.342693923333177,0.201530719720538,0.582735601065376,7.69780216890354e-05,0.00396862161953148
"AHNAK",79026,1.91227322632957,1.38589999414556,2.63856620794012,7.92171738451878e-05,0.00400152615788586
"ATOH8",84913,0.647669866744658,0.522047075387044,0.803521896905647,7.86896434522196e-05,0.00400152615788586
"ITGB5",3693,1.79857884106294,1.34394647764514,2.40700496733135,7.86949403806977e-05,0.00400152615788586
"SMG6",23293,0.353092630621047,0.210632858101964,0.591903879206435,7.83115005876574e-05,0.00400152615788586
"ZER1",10444,0.347226395029801,0.205347918455808,0.587131198173496,7.91607713339246e-05,0.00400152615788586
"ACACB",32,0.621994552346171,0.491186402840483,0.787638299657809,8.09456541786774e-05,0.0040636418043978
"NRAS",4893,2.31816491491441,1.5256572007093,3.52234340075986,8.18159233464325e-05,0.00409657896818643
"BACH1",571,2.0209071357862,1.42360223777586,2.86882497308535,8.29254584635195e-05,0.00411801417613246
"BAT5",7920,0.347765086499427,0.20548812156938,0.588552537559308,8.33205147782329e-05,0.00411801417613246
"TOM1L2",146691,0.471272995557284,0.324056863278348,0.685368098964673,8.24733650263744e-05,0.00411801417613246
"ZNF821",55565,0.594129332782696,0.458409969307301,0.77003051352965,8.32025526039553e-05,0.00411801417613246
"NFE2L3",9603,1.55116519684512,1.24635638451183,1.93051802662846,8.39446619764006e-05,0.00413816894232633
"CNBP",7555,5.11120725743374,2.26473806504659,11.5353029260388,8.55436010622322e-05,0.00417396035080948
"FLRT3",23767,1.4384802052389,1.19983713896679,1.72458847427076,8.5511351908846e-05,0.00417396035080948
"KLF3",51274,2.2984498325719,1.51757049999922,3.48113753717043,8.51910290980702e-05,0.00417396035080948
"ARVCF",421,0.670351621685849,0.549059857783309,0.818437717357579,8.5861605792093e-05,0.00417547726794609
"C7orf41",222166,0.540388037163372,0.397446440368758,0.734738573676345,8.62295979943904e-05,0.00417547726794609
"TCEAL6",158931,0.574121566001227,0.43522375238161,0.757347389116507,8.613113862201e-05,0.00417547726794609
"SNAP47",116841,0.488091040680844,0.341159061919374,0.698304370555487,8.66898135917677e-05,0.00418084442323
"LINC00653",100270804,0.650386799161309,0.5245875533456,0.806353459638066,8.76478503827664e-05,0.00420841163415813
"ZNF143",7702,4.58955032538335,2.14321706915376,9.82820288826059,8.77898385543521e-05,0.00420841163415813
"EIF2AK2",5610,1.80736774901741,1.34437262220218,2.42981605415124,8.86158517954553e-05,0.00423738849322918
"ZNF764",92595,0.252355535777589,0.12672141132608,0.502545826874698,8.93940666254146e-05,0.00426394092853941
"BUB1",699,1.59456115939686,1.26252625993392,2.01391873717552,8.97214354805381e-05,0.00426891019013993
"GJB3",2707,1.41976130950192,1.19122418657803,1.69214342578879,9.07583209333642e-05,0.00429347590267376
"TTK",7272,1.43648997079159,1.1981884939582,1.72218598875713,9.09111591249475e-05,0.00429347590267376
"ZNF688",146542,0.514431118600276,0.368810492174715,0.717548392465377,9.04640904075188e-05,0.00429347590267376
"RFXAP",5994,0.486912186191173,0.339485668440323,0.698360782505738,9.18936723904018e-05,0.00431855103639119
"ZWILCH",55055,1.9856474410403,1.40807945643177,2.80012306272927,9.17542070719741e-05,0.00431855103639119
"FMN1",342184,1.43074041703869,1.19544991360336,1.71234120112808,9.32880049663255e-05,0.00436998984793907
"HDAC5",10014,0.474416367517569,0.326365423992609,0.689628475391627,9.34451742462006e-05,0.00436998984793907
"HJURP",55355,1.52197466256308,1.23264551486604,1.87921575631234,9.45059152475611e-05,0.00440521214920005
"ANO6",196527,2.07721377447453,1.43842765445227,2.99967610571957,9.65959321579362e-05,0.00444621797871551
"DTX3L",151636,2.49684265150598,1.57615386475783,3.95533923798567,9.68282491353549e-05,0.00444621797871551
"LRRC37A3",374819,0.597626347254391,0.461366101868923,0.774129805995362,9.65757225737481e-05,0.00444621797871551
"MED9",55090,0.353058194755893,0.209156764944652,0.595964892253307,9.71673087835564e-05,0.00444621797871551
"NCAPG",64151,1.55482961552384,1.24535603117113,1.94120803432943,9.71317760221407e-05,0.00444621797871551
"SLC30A1",7779,1.95374738987576,1.39533782786185,2.73563060301713,9.63168492112796e-05,0.00444621797871551
"BUB1B",701,1.65257021646141,1.28353712589642,2.12770496874252,9.78171959509695e-05,0.00444759559500873
"C16orf5",29965,0.605979529575038,0.471021742655978,0.779605604177355,9.74778741238065e-05,0.00444759559500873
"C10orf12",84458,1.95461271143825,1.3946868300671,2.73933242169655,9.95232895320032e-05,0.0045108577224612
"CTTNBP2NL",55917,2.37202600302222,1.53502730484958,3.66541190585852,0.000100249449027813,0.0045330288689243
"SEMA3C",10512,1.4148354256833,1.18779378291162,1.6852750962053,0.000100927171732088,0.00455291040971616
"CENPF",1063,1.57301385046882,1.25165197609078,1.97688544502189,0.000102302277090479,0.00459327618288639
"IL1RAP",3556,1.58640027744702,1.25693061980772,2.00223130905107,0.000102235732455409,0.00459327618288639
"FAM83B",222584,1.43017073630077,1.19386629920291,1.71324740160327,0.000103162298331254,0.00461024598173338
"PLEKHA7",144100,1.69706290030579,1.29947939088013,2.21628946777192,0.00010299572922691,0.00461024598173338
"CCNB2",9133,1.47567835079275,1.21249573832368,1.79598700941338,0.000103408875279654,0.00461049314096489
"MKI67",4288,1.50805762158063,1.22552960306902,1.85571836397277,0.000103850343969363,0.00461940820721395
"ERCC6L",54821,1.56574254854712,1.24844328845384,1.96368529592321,0.000104277904827916,0.00462766469986901
"ESRP1",54845,1.70050977005954,1.30002881927589,2.22436105660997,0.000106622987191043,0.00463494971818881
"FAM69B",138311,0.659550114238116,0.534380902354507,0.814037985404892,0.000106123130374639,0.00463494971818881
"MRPS10",55173,2.65258530842169,1.62000676331086,4.34332064396722,0.00010553483557871,0.00463494971818881
"NISCH",11188,0.475229562608287,0.326288302195226,0.692158240603232,0.000105391196644895,0.00463494971818881
"PRPSAP2",5636,0.41621627661426,0.267292069599811,0.648114959706836,0.000104749478751108,0.00463494971818881
"TYK2",7297,0.367918470442938,0.221922443520208,0.609960843733883,0.000105921736723279,0.00463494971818881
"UHRF1",29128,1.56344915350364,1.24720988676686,1.95987321903595,0.000106231251055666,0.00463494971818881
"UPF3A",65110,0.442910717551536,0.293385729655513,0.668641600095393,0.000106481917727269,0.00463494971818881
"SGMS2",166929,1.59649205975269,1.259706540087,2.023317983788,0.000108893147270082,0.00471221544759019
"BTNL9",153579,0.705407139276987,0.59107724626921,0.841851442063983,0.000109690565575122,0.00471472235450641
"C17orf59",54785,0.469571876020122,0.320150740898741,0.688731021299735,0.000109678355845637,0.00471472235450641
"LRRC1",55227,2.25616575201917,1.49405559436072,3.40702442385502,0.000109215023869778,0.00471472235450641
"PITPNA",5306,0.252073210943551,0.125360090340478,0.506867085870906,0.000110384472869203,0.00472331949120637
"RBM14",10432,0.235665701797691,0.113278948160936,0.49027929642227,0.000110180486754135,0.00472331949120637
"C9orf86",55684,0.456180425395297,0.306357292012559,0.67927412188153,0.00011164634345592,0.0047375332475094
"GADD45G",10912,0.680714583279325,0.560094565719593,0.827310908281744,0.000111074733610596,0.0047375332475094
"NCEH1",57552,1.66624443124891,1.2860394585675,2.15885328103427,0.000111707402866458,0.0047375332475094
"SOCS2",8835,0.592911194887805,0.454823047490666,0.772924078853985,0.000111531809332885,0.0047375332475094
"ANGEL1",23357,0.473092572047228,0.323605060875146,0.691634985933099,0.000112097306913291,0.00474355130382857
"CCNA2",890,1.68590401522416,1.29314514488302,2.19795307572071,0.000113516402610459,0.00476146542265407
"OAS3",4940,1.50648014585085,1.2235766510862,1.85479383561964,0.000112774921870822,0.00476146542265407
"ZNF554",115196,0.479682443063864,0.330340021710681,0.69654062802369,0.000113308381971866,0.00476146542265407
"GSK3B",2932,3.29186694286299,1.79665836374435,6.03141264259637,0.00011502512428615,0.00481419158035271
"RAMP2-AS1",100190938,0.681579539234095,0.56087160254236,0.828265624782592,0.000115931504246449,0.00484153249284244
"CASP4",837,2.52697681524257,1.57693360996098,4.04938532886715,0.000116594715914715,0.00484581437427046
"FBXO31",79791,0.287136425432126,0.152223244788188,0.541621136276923,0.000116312459807755,0.00484581437427046
"POLQ",10721,1.5153711143454,1.22654893150745,1.87220383565959,0.000116815160072877,0.00484581437427046
"C17orf86",654434,0.586686927826032,0.447162327645191,0.769746309119004,0.00011876776912747,0.00486903891627961
"CHRNA10",57053,0.654896058095772,0.52791379015176,0.812422132003955,0.000118636913150907,0.00486903891627961
"MPZL2",10205,1.43445013563556,1.19372748716271,1.72371601873352,0.000118457741918556,0.00486903891627961
"ZNF324",25799,0.384700263589581,0.236499039034812,0.625771222622636,0.00011888122412833,0.00486903891627961
"TRIM39",56658,0.267293218988813,0.136488902589765,0.523454021255785,0.000119272711000118,0.00487463492157959
"C6orf122",401288,0.625195786813127,0.492030191518324,0.794402007410817,0.000121368788088387,0.0049391932122693
"RNF24",11237,1.82251678699963,1.34186085049098,2.47534417423394,0.000121815625661682,0.00494685238223141
"DR1",1810,2.94295326686791,1.69658414642864,5.10494805058746,0.000122532582253315,0.004947752900143
"NUP37",79023,2.60022098376026,1.59677822741491,4.23424433544104,0.000122502825532109,0.004947752900143
"TMEM43",79188,2.3915978274974,1.53265797215391,3.73190905760408,0.00012261383775123,0.004947752900143
"CAPRIN1",4076,3.52982948992871,1.85338038915405,6.72268698907378,0.000124498362334843,0.00500007576051609
"FAM53B",9679,0.525978740112066,0.378814078217158,0.730315083198367,0.000124694731937375,0.00500007576051609
"PLS3",5358,2.23682463444366,1.48275013463158,3.37439486828791,0.00012421734496489,0.00500007576051609
"ROD1",9991,2.43390514290033,1.54494844296942,3.83436371070795,0.000125171735567626,0.00500609129307789
"ZNF763",284390,0.557400892033754,0.413479383376356,0.751417765749216,0.000125368208782575,0.00500609129307789
"CACNA1H",8912,0.66343421229214,0.537910509795096,0.818249403989809,0.000125856672243097,0.00501512618748692
"ZNF814",730051,0.529090070584251,0.382046873257708,0.732727637328466,0.000127187855244616,0.00505763431863572
"MTMR4",9110,0.425573731542004,0.274843110103148,0.658968678205593,0.000128369802974486,0.00508349735298756
"RBBP8",5932,2.03026736833376,1.41306499869712,2.91705306601004,0.00012819167995574,0.00508349735298756
"KLF5",688,1.46823005655181,1.206138982644,1.78727288478528,0.000129117086720587,0.00509939349869676
"NOVA2",4858,0.605736452329099,0.468602887731891,0.783001256044697,0.000129304430745435,0.00509939349869676
"PPP1R3F",89801,0.576112187254979,0.434319345583126,0.764196335436297,0.000130434583256848,0.00513337916451387
"UBE2L6",9246,1.973439079031,1.39293441768119,2.79586874242781,0.000131011106992371,0.00514548140337387
"GBP2",2634,1.94640132206032,1.38315626211708,2.73900947440275,0.000132922044089173,0.00519918187585607
"PTGER4P2-CDK2AP2P2",442421,0.661199494426859,0.534740884502096,0.817563766117121,0.000133572889630457,0.00521397685706481
"BCL2L1",598,1.96838793864381,1.39035724280007,2.78673060255751,0.000134580019095197,0.00523193501063785
"TMEM87A",25963,2.6570987226072,1.60902247024175,4.38786514934129,0.000134314463642796,0.00523193501063785
"EIF4G1",1981,3.22899473479135,1.76796649427867,5.89740078844889,0.000136657665714026,0.00527927769073605
"INTS3",65123,0.340292567902395,0.195536265658837,0.592212556476083,0.000137177864395661,0.00527927769073605
"ARL6IP1",23204,1.8965303807405,1.3646686549047,2.63567824478456,0.000138111796178281,0.00530454683835741
"SLC5A3",6526,1.69554438826331,1.29233488585642,2.2245555730441,0.000138449154943005,0.00530684766852676
"NMI",9111,2.14050092824531,1.44707805335633,3.16620393294765,0.000138937290458337,0.00531490710919324
"CSDAP1",440359,1.60639428554664,1.25869221104903,2.05014584024973,0.00013971380242844,0.00531646900021218
"FANCB",2187,1.69987868854611,1.29379971507365,2.23341180408961,0.000139289570193587,0.00531646900021218
"LOC653501",653501,0.570915335109396,0.427843681306111,0.761830392979134,0.000140007758742138,0.00531646900021218
"TMEM48",55706,1.86985575776296,1.35485174830332,2.58062224093357,0.000140367901140124,0.00531646900021218
"ZCCHC3",85364,0.343859514456696,0.198491398601851,0.595690123175402,0.000140242987492984,0.00531646900021218
"TAF6L",10629,0.455449138829455,0.303787313756992,0.682826137454917,0.000140962157582855,0.00532842527289972
"TPM4",7171,2.21240518793617,1.46955269590894,3.33076638165697,0.000142282746736203,0.00535716948193573
"FAM110B",90362,0.645826490592264,0.515516144481384,0.809076224703534,0.000143232741611526,0.00537331016984869
"SLC25A44",9673,0.304640170173346,0.165084514367584,0.562170435178433,0.000143273288368423,0.00537331016984869
"ERO1L",30001,1.43234354196538,1.19003640752975,1.72398761015103,0.00014472158447255,0.0053958864448469
"NDUFS7",374291,0.653120253936258,0.524290638363816,0.813606108689966,0.000144654643783902,0.0053958864448469
"OIP5",11339,1.46067124708387,1.20143272846643,1.77584682147035,0.000144177761846303,0.0053958864448469
"DHX32",55760,2.61798647672406,1.59312420034537,4.30214617970416,0.000146127695613816,0.00539644961789672
"DNAJC5",80331,0.359255659707515,0.21179290750863,0.609390704108556,0.000146429515955895,0.00539644961789672
"ATP2B1-AS1",338758,0.641713298109207,0.510440136167729,0.806746820620079,0.000145290692528219,0.00539644961789672
"RAB4B",53916,0.475862506926523,0.324343353824705,0.69816483929182,0.000146410068795656,0.00539644961789672
"C7orf26",79034,0.340191072779739,0.194971209176019,0.593574643600582,0.000146770168235741,0.00539860193816349
"C3orf62",375341,0.533901498292735,0.386121451190767,0.738241320186055,0.000147353493510137,0.00540965502949788
"AMZ2P1",201283,0.48386025246367,0.332390301262142,0.704354919578609,0.000151033918696774,0.00551098318122572
"KRT19",3880,1.42260948648703,1.18548905209107,1.7071585329895,0.000151266072575077,0.00551098318122572
"GUSBP1",728411,0.542853464059222,0.395750727972982,0.744635101369201,0.000151561209736725,0.0055112381342858
"DMAP1",55929,0.486839524809948,0.335382444096069,0.706693886604523,0.000153223231018545,0.00556110197284955
"ZNF658",26149,0.533163263670486,0.384943901339603,0.738453225881823,0.00015411307112201,0.00558280437755813
"ATP11B",23200,2.06212103607201,1.41708169696289,3.00077488582652,0.000156019971142087,0.00559183593927112
"EIF2A",83939,3.49407166498963,1.82666569196441,6.68350911378552,0.000156408858028444,0.00559183593927112
"FXR2",9513,0.307869474868959,0.167173395114248,0.566977858476298,0.000156048814353275,0.00559183593927112
"LHFPL1",340596,0.59299881229104,0.452288352081094,0.777485402311521,0.000156117198690071,0.00559183593927112
"TFG",10342,2.45807504525925,1.54209841069112,3.91812408743642,0.000156311284492918,0.00559183593927112
"TTC9C",283237,3.92932065766446,1.93316751716653,7.98666473217933,0.000155972869306153,0.00559183593927112
"VPS26A",9559,2.94541468439157,1.68304092231585,5.15463857592489,0.000154833415054411,0.00559183593927112
"SF4",57794,0.302493125889394,0.162732315255581,0.562285929912735,0.000156722537519113,0.00559259696852251
"KYNU",8942,1.4612063289576,1.20029740045637,1.77882909266816,0.000157338149631014,0.00560410947484619
"FAM117A",81558,0.550579413819102,0.403944169880263,0.750444525567091,0.00015881296529507,0.00562521405036814
"PLA2G16",11145,1.51646646785103,1.22168634182464,1.88237395261531,0.000159632875889074,0.00564380409820762
"GIGYF1",64599,0.549177447798883,0.402319796359804,0.749642130215164,0.000160029663226113,0.00564739366886691
"JAG1",182,1.87983799445907,1.35449743972353,2.60893138796423,0.000160349728159949,0.00564826749634503
"DIAPH1",1729,2.25433177502404,1.47726453801929,3.44015010249755,0.000163666055274663,0.00574392777841922
"ZZEF1",23140,0.460432498382487,0.307637474543361,0.689116583996851,0.000163416496013974,0.00574392777841922
"CDC6",990,1.53482246155323,1.22826007507384,1.9178999922689,0.00016424664725698,0.00574902389866223
"PERP",64065,1.60065449923193,1.25313054969761,2.04455539491052,0.00016535168834146,0.00576080463188909
"TRMU",55687,0.490703509236236,0.33881277042989,0.71068730281695,0.000165114222720814,0.00576080463188909
"SAMD9L",219285,1.53001338081333,1.2261350243446,1.90920322720503,0.000166790805218004,0.0058003776934632
"NRIP2",83714,0.608073637206723,0.469264865563975,0.787942109881662,0.00016814333251352,0.00581569171968554
"RASA4",10156,0.65630466042372,0.526987743150239,0.817354507562231,0.000169060506463177,0.00583685976014655
"CCDC183-AS1",100131193,0.607096345842097,0.468016404577429,0.78750652654495,0.000170272802726388,0.00584943888081456
"MAST3",23031,0.540769815983675,0.392465270517028,0.745115595817618,0.000170637650172432,0.00584943888081456
"MOCOS",55034,1.43567307414609,1.18892483200235,1.7336311937877,0.000170953956939161,0.00584943888081456
"MRPL19",9801,4.12843272335729,1.97126978441969,8.6461817078502,0.000170316526598,0.00584943888081456
"SLC35F2",54733,1.66308138205347,1.27559532439366,2.16827361345777,0.000170928423187708,0.00584943888081456
"PGS1",9489,0.44749169598001,0.294193663466476,0.680670057986767,0.000171566772875656,0.00585992440141548
"TCEAL3",85012,0.541992863366756,0.393722402465325,0.7460999478341,0.000172564778414079,0.00587303650663005
"CHMP4C",92421,1.71611674581323,1.29433355554969,2.27534600538874,0.00017496714320543,0.00591271474927608
"CLEC3B",7123,0.702211313120375,0.583835876416351,0.844587919640959,0.000174616996088594,0.00591271474927608
"GALNT10",55568,1.82055314539089,1.33139978764848,2.48942037240866,0.000174855379944314,0.00591271474927608
"SLC44A1",23446,1.96907736433907,1.38229146733592,2.80495521991836,0.000174519336087065,0.00591271474927608
"FAM3C",10447,1.82743623779511,1.33371938771592,2.50391741618596,0.000175372369918757,0.00591595647166856
"DNMBP",23268,1.92348523556446,1.36666080209188,2.70717902040606,0.000175893925122328,0.00592310405953305
"C22orf32",91689,0.437082311378322,0.283550429731676,0.673745926255863,0.000177832833521318,0.00595924242275656
"MFN1",55669,3.3333738469782,1.7762638810899,6.25547888577254,0.000177683002806172,0.00595924242275656
"TMEM86B",255043,0.68526522775906,0.562386057322133,0.834993019940211,0.000177901784043185,0.00595924242275656
"GOLGA1",2800,0.278406799126351,0.142650334743222,0.543359017974289,0.000178343429745355,0.00596359227401995
"DIAPH3",81624,1.48504932076088,1.20733228183741,1.82664832065622,0.000181373096657038,0.00602711452159262
"PPP2R3B",28227,0.627009711616915,0.491044404374861,0.800622458904562,0.000181818637473673,0.00602711452159262
"ZBTB48",3104,0.484068968587385,0.331077064304811,0.707758983067223,0.000181585176043293,0.00602711452159262
"SDR39U1",56948,0.58390773116611,0.440432871737962,0.774120780699592,0.00018438123704366,0.00610148775248111
"ZFP36L1",677,1.9398578134801,1.37049177171746,2.74576499777454,0.000185593306352562,0.00613098993196107
"LMNB1",4001,1.78436080710702,1.31691887228045,2.41772181791742,0.000186800537882561,0.00616023084151681
"TMEM198",130612,0.644500409607747,0.511830603515059,0.811559088362194,0.000187316454420957,0.00616661243323517
"CENPI",2491,1.43019914439012,1.18528325864762,1.72572216614961,0.000188711403286603,0.00620104639655889
"UACA",55075,2.04962746247782,1.40619569154264,2.98747376358029,0.000189010824969615,0.00620104639655889
"TPCN1",53373,0.44549104160029,0.291328941508302,0.681230869540834,0.000190474797117789,0.00622027428709951
"C19orf25",148223,0.547576747624674,0.399033145168346,0.751417014275136,0.000191468685318516,0.00622826793212118
"DDX60",55601,1.48698423991342,1.20717949666827,1.83164321118229,0.000191307512740782,0.00622826793212118
"DUSP28",285193,0.448476391559633,0.294111749727532,0.683859362887335,0.000195076580201972,0.00631341751188346
"NEK2",4751,1.45470448372959,1.19436939293284,1.77178446425741,0.000194970270542519,0.00631341751188346
"SLC38A10",124565,0.44068355355155,0.286262810225897,0.678404554952745,0.000197077077415117,0.00636738726303875
"DOM3Z",1797,0.483004275613881,0.329195726893454,0.708676058656122,0.000198859889414619,0.00640373641356061
"MED16",10025,0.540486466505374,0.390853022399073,0.747405300034229,0.000198871722154807,0.00640373641356061
"CYB5D2",124936,0.540011742951931,0.39029671643839,0.747156381911336,0.0001996193020054,0.00641700569656687
"BCAR3",8412,1.62406905736413,1.25764659099368,2.09725078728487,0.00020146094419769,0.00645451169123821
"YAP1",10413,2.0590965004201,1.4070230766202,3.01336805948262,0.000201147722404768,0.00645451169123821
"APBA3",9546,0.528316706188759,0.377357488862217,0.739666099855917,0.000202096255169523,0.00646403858298907
"MYO5B",4645,1.68436073456744,1.27916008332063,2.21791714824908,0.000204388848991393,0.00651557585776396
"GPS2",2874,0.3930347026479,0.240043426861054,0.643534711637574,0.000205593282323164,0.00652136436317606
"KIF4A",24137,1.51058888213249,1.21487657276997,1.87828033066726,0.000206379693790845,0.00653547086612168
"MLYCD",23417,0.424745036029465,0.270172002508852,0.667753667872232,0.000207739972626862,0.00656257830400355
"ZSWIM7",125150,0.470723748403905,0.316120990765963,0.700936836793188,0.000207921914164592,0.00656257830400355
"ATP2C1",27032,2.84774230924787,1.63773665035884,4.95173400320712,0.000209131284648845,0.00658946431603825
"RNF141",50862,2.19369491118183,1.4480288659398,3.32334353032511,0.000209940151784489,0.00659363757501135
"RAD51",5888,1.52906769021518,1.22147913147594,1.91411211293875,0.000210694407636816,0.00660647858175308
"MGC23284",197187,0.605575547758415,0.464402626902262,0.789663371391922,0.000212454541254325,0.00664943279432284
"TUBGCP6",85378,0.568234637577128,0.421301969580227,0.76641133119821,0.00021325592755337,0.0066540719841979
"FAM108A1",81926,0.61397948654418,0.474136214081055,0.795068587257523,0.000216486018349255,0.00673278900479611
"PGPEP1",54858,0.55491565953145,0.406171176350126,0.758132056440614,0.000216291660332074,0.00673278900479611
"ZSCAN21",7589,0.378096757200866,0.225820342847882,0.633057039959017,0.000216834737645967,0.00673278900479611
"C2orf42",54980,0.361361409791744,0.210555027379944,0.620180245095943,0.000221147067076174,0.00682238701929997
"C12orf11",55726,2.39425176817476,1.50578000580629,3.80695819263349,0.000224417836380776,0.00683332305572399
"COG1",9382,0.388649873319623,0.235298401939874,0.641945388434709,0.000223230679821227,0.00683332305572399
"DPYD",1806,1.58136008330416,1.23948627838133,2.01752916243128,0.000226501504040051,0.00683332305572399
"IL15RA",3601,1.87767794294158,1.34388920650417,2.62348595430764,0.000222519705684537,0.00683332305572399
"MAP3K13",9175,1.57494753591892,1.23716637860934,2.00495243306344,0.000226091801643794,0.00683332305572399
"METAP1",23173,3.30910374589278,1.75167890568403,6.2512413465444,0.000226725670515899,0.00683332305572399
"PALB2",79728,2.37238412503097,1.4987279197216,3.75532233879011,0.000227217726953545,0.00683332305572399
"TBL1XR1",79718,3.19979099315238,1.72569323480606,5.93307210885005,0.000222560208522656,0.00683332305572399
"YWHAG",7532,3.0722955980068,1.69209716292524,5.57828501125441,0.0002257533801159,0.00683332305572399
"KIAA0101",9768,1.49011706351478,1.20522180041468,1.84235703520623,0.000229479412195935,0.00687359119650687
"MCM4",4173,1.71377613791735,1.28673177384568,2.28254925431503,0.000229539935624657,0.00687359119650687
"SMNDC1",10285,3.830994255195,1.87474665756315,7.82853348431304,0.000229978694929592,0.00687359119650687
"CXorf38",159013,2.19279481180952,1.44366457473158,3.33065531347044,0.000231691215583458,0.00691350683379843
"TSC1",7248,0.357622615414553,0.206850076435131,0.618292906921181,0.000232159278835481,0.00691668306275116
"TNRC6C",57690,0.544720827840209,0.394116516360549,0.752875781565758,0.000234095071513243,0.00696350922680216
"KIAA1524",57650,1.64795297290509,1.26279943944397,2.15057824392328,0.00023515886165859,0.0069842912219625
"RUFY3",22902,0.501388883889673,0.347014282925613,0.724439382634923,0.00023621521499777,0.00700478824381759
"IRF6",3664,1.65446863441989,1.26493336044029,2.1639610021246,0.000237120682334838,0.00700946111819185
"LY75",4065,1.4760203052783,1.19928825049209,1.81660742586272,0.000237387870165699,0.00700946111819185
"MBD3",53615,0.6373679000984,0.501277685424341,0.810404795361987,0.00023747220183972,0.00700946111819185
"TATDN1",83940,1.88971533138696,1.34556246656717,2.65392660869131,0.000239802666305338,0.00705330787272294
"PRPF40A",55660,3.33375292197427,1.75317428228036,6.33930617001528,0.000240508184408983,0.00705552153863593
"B3GNT2",10678,2.41194672474156,1.50744923411959,3.85915948034509,0.000241214544465685,0.00705680939698323
"CKS2",1164,1.54823239412469,1.2260012202487,1.95515592205594,0.000241289974675957,0.00705680939698323
"CD99L2",83692,0.581471836648611,0.435225034914866,0.776861323893389,0.000244253533032196,0.00707205241122846
"PPP1R10",5514,0.458878907702466,0.302648698891754,0.695756673348599,0.00024427285535853,0.00707205241122846
"SPATS2L",26010,2.17378024182786,1.43558944082741,3.29155426013562,0.000244399364449313,0.00707205241122846
"SPPL2B",56928,0.66403565668499,0.533575019728494,0.826394297044559,0.000243917926727727,0.00707205241122846
"TMCC1",23023,2.6307770287872,1.56920295968549,4.41051154822036,0.000243467425537305,0.00707205241122846
"TMEM133",143872,1.78396013315373,1.30944664895513,2.43042643945924,0.000243721690981904,0.00707205241122846
"MAL2",114569,1.49386782151311,1.2054052657235,1.85136163878698,0.000245846987337813,0.00710319535771957
"LOC339047",339047,0.621658473778789,0.482125085516725,0.801574673524362,0.000246955671074513,0.00711373662747321
"C17orf107",100130311,0.575919434469081,0.428657165563898,0.77377265946985,0.000250064662063194,0.00711753986798022
"CABIN1",23523,0.310117610345293,0.165799970973453,0.58005397517032,0.000247614021829709,0.00711753986798022
"EGFR",1956,1.48234227521569,1.20088711748151,1.82976283857544,0.000248374487872364,0.00711753986798022
"FIG4",9896,0.432938180811015,0.276624315253305,0.677581319025828,0.000249236020120981,0.00711753986798022
"GNG12",55970,2.04454893554948,1.39443575278869,2.99775758151404,0.000249436774363143,0.00711753986798022
"TTC21A",199223,0.586817977664295,0.441183977640678,0.780525486785636,0.000249757833411619,0.00711753986798022
"PLCD4",84812,0.521443503498226,0.367995266240443,0.738877241868775,0.000250480878394013,0.00711879310704648
"NIP7",51388,2.56911121924936,1.55020009974173,4.25772934601964,0.000251437964512249,0.00713539161309463
"CMTM7",112616,1.48700745556053,1.20224010137936,1.83922593361812,0.000254041607788768,0.00716617329269735
"FOXP4",116113,0.556439331685907,0.406434329050513,0.761807523912622,0.000254770629948983,0.00716617329269735
"PMS2",5395,0.27084805458102,0.134511620380436,0.545370492622458,0.000254420014378586,0.00716617329269735
"RSAD1",55316,0.407598361599902,0.252012430926842,0.659239005662991,0.000253708489728691,0.00716617329269735
"TRIM59",286827,1.79237062774832,1.31115410689047,2.45020203981504,0.000253842080761902,0.00716617329269735
"BCAS3",54828,0.37394186099653,0.220699526551905,0.633587745249021,0.000255942462367641,0.00717802269458338
"BATF2",116071,1.49061816827162,1.2033471901024,1.84646836910995,0.000257542262143598,0.00718077383093382
"RXRA",6256,0.502757402775255,0.347696199935833,0.726970861608402,0.000257512605222825,0.00718077383093382
"WDR85",92715,0.525525825485203,0.372192321275621,0.742028724035348,0.000257120747019733,0.00718077383093382
"CKLF",51192,1.87699310354924,1.33877651227733,2.63158419531758,0.000260004120445762,0.00722834129617164
"KLF6",1316,1.82837837729975,1.32223265541783,2.52827479103584,0.00026316551668289,0.0072820795530577
"QRICH2",84074,0.671593592921295,0.542263321472102,0.831769246034354,0.000264520092629849,0.0072820795530577
"RNASEK",440400,0.467134024786491,0.310355825255366,0.703109719089936,0.000263913024957586,0.0072820795530577
"RND2",8153,0.705566789292448,0.585031822231925,0.850935752953111,0.00026348827122583,0.0072820795530577
"UBE2O",63893,0.40269115125414,0.247054404821875,0.656374305146681,0.000263274972365264,0.0072820795530577
"GNA15",2769,1.46552655921749,1.19333273526732,1.79980656886174,0.000266339098070312,0.00728424507486693
"SHCBP1",79801,1.56082729856461,1.22859173517933,1.98290594522754,0.000266585013457775,0.00728424507486693
"SKIL",6498,1.58932236048978,1.23902834567275,2.03865034595418,0.00026517286969204,0.00728424507486693
"TGIF1",7050,1.65795002481468,1.26345561500296,2.17561919242929,0.000265631787534455,0.00728424507486693
"TUBA1C",84790,1.75128431426568,1.29584044036498,2.36680123096728,0.000265920419033079,0.00728424507486693
"C11orf82",220042,1.55825629779007,1.22759082272323,1.97799025917764,0.000267421679162896,0.00728940965377301
"FAM59A",64762,1.5770836929347,1.23440474219236,2.01489259519789,0.000267680029302556,0.00728940965377301
"VPS16",64601,0.344959909050338,0.194612794219783,0.611456915405209,0.000268145948183012,0.00728940965377301
"KRAS",3845,2.03048326690008,1.38718834937934,2.97209985868602,0.000268856124325771,0.00729420012762983
"ACTN4",81,1.83438814586444,1.32352106335207,2.54244527183081,0.00026947680961328,0.00729929358570325
"CCDC92",80212,0.396941754486599,0.241386081677279,0.652741679885061,0.000271717735990219,0.00730962747719398
"ZNF564",163050,0.336787074402997,0.187470603625544,0.605031035753673,0.000271518958644982,0.00730962747719398
"ZNF839",55778,0.490559166735772,0.334341350344323,0.719768272218386,0.000271565425763681,0.00730962747719398
"WDR88",126248,0.615468403201156,0.473932212539492,0.799273282795515,0.000272197910320955,0.00731226043638892
"KIF2C",11004,1.43739427129826,1.18193660450239,1.74806523741679,0.000278812480510649,0.00732112627379297
"MTFR1",9650,2.07832720748589,1.4009162247203,3.08329927597098,0.000277817297059946,0.00732112627379297
"NCAPH",23397,1.48955255585957,1.20155054078373,1.84658634102944,0.000278124215140877,0.00732112627379297
"RRM2",6241,1.48241808799222,1.1990748892816,1.8327157104617,0.000275367603245724,0.00732112627379297
"SARM1",23098,0.577451218779065,0.429429281719536,0.776495512216159,0.000279034927254409,0.00732112627379297
"TATDN3",128387,0.424902370004806,0.267877709347223,0.673971807791154,0.000276594004591251,0.00732112627379297
"TMCC2",9911,0.69678297450296,0.573445469598713,0.846648093491682,0.000278203180772463,0.00732112627379297
"WDR6",11180,0.429783933941509,0.272723251228493,0.677295496596594,0.000273634181577249,0.00732112627379297
"ZNF222",7673,0.433213811175203,0.276013267425472,0.679946322665883,0.000275687421894165,0.00732112627379297
"ZNF594",84622,0.62161473003507,0.481123497348311,0.803130328753896,0.000275629961950189,0.00732112627379297
"ZNF746",155061,0.353004106938843,0.201431903444111,0.618630402558177,0.000275064637113994,0.00732112627379297
"C7orf27",221927,0.613983900544324,0.471940900894506,0.798778468687733,0.000279536607211862,0.00732424203580997
"ITGB1",3688,1.90848473381401,1.34667484522536,2.70467217243642,0.000280078497773862,0.00732840140481622
"STIL",6491,1.60286015092289,1.24261899471284,2.0675369315518,0.00028081243836769,0.00733756763477978
"QSER1",79832,2.36630988016635,1.48617069604445,3.76768460303799,0.000283985506012596,0.00740025990940454
"C7orf55",154791,0.561029364728422,0.410580390860517,0.766607356546906,0.000285069862099036,0.00741840986716769
"IL18",3606,1.57858984089084,1.23341948619908,2.020355534874,0.000287388456438601,0.00745845184030004
"TRIM16",10626,1.5097722648664,1.20837816737219,1.88634018166413,0.000287906426609489,0.00746032657694907
"RPAIN",84268,0.502007790177899,0.345779439347672,0.728822459411491,0.000291260644483629,0.00751814081921509
"ZNF407-AS1",400657,0.575937886251531,0.427287002601762,0.776303624496238,0.000291975217933934,0.00752411601534631
"MGLL",11343,1.5954557266166,1.23905094254717,2.05437798252334,0.000292672259916226,0.00752411601534631
"FAM123A",219287,0.64103099308879,0.503863860432693,0.815539208840106,0.000294800270685589,0.00756865070792385
"PLCD3",113026,1.43840019972825,1.18136844276093,1.7513546660709,0.00029528323138036,0.007570887890901
"ANXA1",301,1.41961604367313,1.17424670056448,1.71625750405376,0.000295714788785009,0.00757180289838136
"DENND1A",57706,0.372890287169142,0.218534703281244,0.636270414617571,0.000296442907508805,0.00758029878599052
"NUDCD1",84955,2.29096126562798,1.46193757531766,3.59010097915248,0.000298124625684713,0.00760297295396202
"YY1",7528,3.24661248374323,1.71517532992351,6.14543156941713,0.000297890973635837,0.00760297295396202
"C19orf73",55150,0.652111296372476,0.51721130616441,0.82219614650383,0.000299662332394861,0.00762805091335227
"THAP7",80764,0.546618025691598,0.393983155859385,0.758385889262792,0.000299905593498244,0.00762805091335227
"EGLN2",112398,0.415303920752739,0.257864257543988,0.668868761554422,0.000301612459828533,0.00764098214455677
"KANK3",256949,0.667619073993137,0.536257555609128,0.831158877478512,0.000301190552644494,0.00764098214455677
"CEP83-DT",144486,0.610303183251682,0.46691604072805,0.797723665493164,0.000301610035496741,0.00764098214455677
"MOBKL1B",55233,1.94003757144779,1.35425851545196,2.77919299431022,0.000302097267430194,0.00764314078589593
"C3orf52",79669,1.4644306608018,1.19059388871788,1.80124993133117,0.000304269100311208,0.007651743952587
"DHX30",22907,0.313383816365746,0.166965702068783,0.588201140372536,0.000303960639260485,0.007651743952587
"FLYWCH2",114984,0.542101734392257,0.388811235821396,0.755827669975275,0.000305237655451659,0.007651743952587
"LIN7B",64130,0.645204515566832,0.508636054242004,0.818441523041864,0.000304960262786421,0.007651743952587
"LOC100129637",100129637,0.60161443112177,0.456636661592863,0.792621254875669,0.000303840321909152,0.007651743952587
"NAT9",26151,0.465568750312868,0.307457438959053,0.704989484078648,0.000304745780970157,0.007651743952587
"RFX1",5989,0.484538733089542,0.327037806444723,0.71789187438701,0.000303391114784038,0.007651743952587
"RBM7",10179,2.51216635220026,1.52330950698323,4.14293992927638,0.000307443787046027,0.00768689845075734
"RBM41",55285,1.96971245156787,1.36297849193067,2.84653585132205,0.000308196013467718,0.00769564640939561
"PIN1",5300,0.472869193201061,0.314804342305503,0.710299204391608,0.000308827838959054,0.00770136906880029
"AURKA",6790,1.51058449815054,1.2072135289129,1.89019214198797,0.000310531708041065,0.00773377601523626
"APBA1",320,0.636195837540862,0.497376931421945,0.81375938073203,0.000317117162879202,0.00773660711019197
"CBX3",11335,2.58254953276331,1.54120160715632,4.32750787321202,0.000315393732279867,0.00773660711019197
"CDK3",1018,0.69997592848222,0.576461192627689,0.849955394605364,0.000316701885723944,0.00773660711019197
"ESYT2",57488,2.41070445020128,1.49410310410904,3.88962176053155,0.000312145091476614,0.00773660711019197
"FAM113A",64773,0.558820556961978,0.407273560152754,0.766758379223462,0.000311628855744331,0.00773660711019197
"FIZ1",84922,0.4639883237829,0.305534851738679,0.704617373048482,0.000315345977317104,0.00773660711019197
"INTS1",26173,0.512264883532503,0.355973435889727,0.737176666693354,0.000315879730154453,0.00773660711019197
"ISCU",23479,0.421870895866208,0.263746040662525,0.674797059822726,0.000316675683516307,0.00773660711019197
"KCTD14",65987,1.4274447894336,1.17608034643521,1.73253352379985,0.000316905716578972,0.00773660711019197
"KPNA1",3836,4.26701204162686,1.93755204587366,9.39711106195279,0.000315776314474565,0.00773660711019197
"MCM10",55388,1.43034857499555,1.17740799842664,1.73762794946674,0.000312376773396145,0.00773660711019197
"RAB11A",8766,2.87108022008155,1.61721654431497,5.0970920741076,0.000316480759909592,0.00773660711019197
"SLC25A14",9016,0.398195997743344,0.241336331927368,0.657008629212684,0.0003132531448728,0.00773660711019197
"STK38L",23012,1.77147537863261,1.29807983858293,2.41751310191163,0.000312764584969578,0.00773660711019197
"ZNF580",51157,0.616861601889013,0.474388422686192,0.802123782301475,0.000311510175425522,0.00773660711019197
"GRIN2C",2905,0.661810431446548,0.528596289380619,0.828596522470263,0.000318700496439767,0.00773804080578082
"MAP3K5",4217,1.90801644533045,1.3421722477839,2.71241397045901,0.000318658487289542,0.00773804080578082
"MKS1",54903,0.445074990582115,0.286419817188403,0.691613273083571,0.000318794173417435,0.00773804080578082
"DNAH10",196385,0.622937894642302,0.481388085362308,0.806109732211848,0.00031971817816782,0.00775063319875271
"MARCH5",54708,3.84697401606113,1.84673361348047,8.01372161757429,0.000320379438122759,0.00775683229490381
"CAPN1",823,2.08211540510625,1.39615246419967,3.10510826814738,0.000322481798573556,0.00778801687034899
"KRT18",3875,1.54959577691005,1.22038972730208,1.96760675552875,0.000325013354498221,0.00779991271202946
"SCN11A",11280,0.697529155906885,0.573142566814793,0.848910814710776,0.000324980690516906,0.00779991271202946
"TBL1X",6907,0.550286138062892,0.397331464948388,0.762121453893683,0.000324602894837316,0.00779991271202946
"C10orf119",79892,3.52653022938588,1.77295876766222,7.01449784710489,0.000328004442097616,0.00786183078195627
"ABHD14A",25864,0.580152296322869,0.431028168064885,0.78086935348047,0.000328633180237763,0.0078664190780488
"ARFGAP1",55738,0.522300214999577,0.366271096764385,0.744796728430061,0.000334117070505988,0.0078664190780488
"ASF1B",55723,1.55113826371736,1.22025164994235,1.97174895299817,0.000335752357669275,0.0078664190780488
"BHLHE40",8553,1.4883142875178,1.19740687958789,1.84989702012734,0.000338975094502833,0.0078664190780488
"BTBD10",84280,2.46726808420977,1.50544614811873,4.04359319459368,0.000339711515578413,0.0078664190780488
"CCDC159",126075,0.476018880996178,0.317267197225704,0.714205493181364,0.000335822855281099,0.0078664190780488
"FRMD6",122786,1.48388857491735,1.19633908702297,1.84055283878555,0.000329234870008098,0.0078664190780488
"GART",2618,2.29313165967977,1.45685392934159,3.60945782052575,0.000336185740857033,0.0078664190780488
"LANCL2",55915,0.430198055315333,0.271444248070344,0.681798815457432,0.000330421412720421,0.0078664190780488
"LGALS3",3958,1.55165003811935,1.22047498294195,1.97268921890741,0.000335110513660953,0.0078664190780488
"LOC728743",728743,0.543552703921488,0.389427784490505,0.758676072193727,0.000339260819918718,0.0078664190780488
"LRPAP1",4043,0.432317302247039,0.273381500070338,0.683653611433366,0.00033527437807329,0.0078664190780488
"PACS2",23241,0.456836179556558,0.297684419252654,0.701075640692846,0.000336859836747153,0.0078664190780488
"PPP3CA",5530,2.26378549034416,1.4480393215614,3.53907844212879,0.000338562286152269,0.0078664190780488
"RBM6",10180,0.477554849352395,0.318936856004658,0.715058889702789,0.000332788064240879,0.0078664190780488
"SENP3",26168,0.33780579604859,0.186678664919429,0.611279044090407,0.000335085900400242,0.0078664190780488
"TMEM159",57146,1.64389725104908,1.25298202562868,2.15677329501258,0.000333502276483649,0.0078664190780488
"TP53I13",90313,0.658692699584345,0.52434015588442,0.827470617339769,0.000334349581732541,0.0078664190780488
"TTC23L",153657,0.677216069894148,0.547385383764589,0.83784043002528,0.000331637028056271,0.0078664190780488
"UCHL5",51377,2.62886862397373,1.55115530568442,4.45535673751521,0.00032949465873308,0.0078664190780488
"ZNF428",126299,0.49903640392291,0.341216968351362,0.729850375388918,0.000338955099605473,0.0078664190780488
"ZNF789",285989,0.634872746968086,0.495269258808937,0.813826817784173,0.000335864121404226,0.0078664190780488
"PANX1",24145,1.95758547418485,1.3554417597736,2.82722651940399,0.000341529415101072,0.00789895178069916
"FAM186A",121006,0.664373870040156,0.531118224889095,0.83106287547241,0.000343423489839927,0.0079331655678361
"ARIH2",10425,0.378314008452822,0.222121734900172,0.644338065592568,0.000346572167575666,0.00798656579520445
"ZNF674-AS1",401588,0.586353705538476,0.437664664936062,0.78555728973215,0.000346989007185301,0.00798656579520445
"SPTLC3",55304,1.65878081310249,1.25707968336677,2.18884595966709,0.000347405382005024,0.00798656579520445
"TM4SF1",4071,1.43259600176393,1.17639777712786,1.74458958030395,0.000348888160630412,0.00801102502806469
"FBRSL1",57666,0.589706935909246,0.441454719503847,0.787746183006752,0.000350353414557587,0.00802646094171643
"TRIM5",85363,2.17915217354481,1.42169897491208,3.34016151046233,0.000350655693099257,0.00802646094171643
"CXXC1",30827,0.44784962041376,0.288257671298563,0.695798594365972,0.00035242203206731,0.00805349606613074
"LOC286367",286367,0.689782616627358,0.562621208187515,0.845684540997087,0.000354113232079825,0.00805745885810378
"MINK1",50488,0.361061516811503,0.206474095088762,0.631388740878995,0.000353459744920725,0.00805745885810378
"TMEM123",114908,2.07676498188206,1.3907692840896,3.10112744026762,0.000353742513957955,0.00805745885810378
"DPP7",29952,0.603266800450641,0.457153623783923,0.796079946853858,0.000354759872566195,0.00805877919545559
"AGPS",8540,2.46316148592284,1.5008801402575,4.0424044152471,0.000361840921935377,0.00819000995168216
"ITGA6",3655,1.58056388114477,1.22898003139804,2.03272804972882,0.000362249616726256,0.00819000995168216
"ATR",545,2.86105460885743,1.60541395905045,5.0987680957414,0.000362879605146633,0.00819230793874602
"TECPR1",25851,0.579891146748316,0.429760687324454,0.782467433609632,0.000364332865512185,0.00819834672782538
"CENPN",55839,1.84332155847438,1.31681591053074,2.58034121608306,0.00036568845126129,0.00821918097212067
"ARHGAP18",93663,1.94906341298462,1.35018388253972,2.81357838510822,0.000366741429738297,0.00822352089871559
"MYL12A",10627,1.73294099387379,1.2804673160639,2.34530350800335,0.000369040573269261,0.00825571818119433
"TJP1",7082,2.43006459225176,1.49076871948203,3.96118716830034,0.000368610675443428,0.00825571818119433
"PARP14",54625,1.74174250214408,1.28326594334973,2.36402045850004,0.000370595763757354,0.00827116122915624
"CD58",965,1.50505543563504,1.20137885257192,1.88549337245719,0.000377102970491615,0.00829063047884267
"CDK2",1017,2.252570426227,1.43986779951086,3.52398569287834,0.000375750032124665,0.00829063047884267
"ESCO2",157570,1.4679892959917,1.18811276457727,1.81379464760901,0.000375017137756587,0.00829063047884267
"NPIP",9284,0.62719141184881,0.485003360693215,0.811064621355741,0.000376004844687188,0.00829063047884267
"PBK",55872,1.42965192414375,1.17406146247079,1.74088383746671,0.000375416432769287,0.00829063047884267
"RHOXF1",158800,0.681836801475985,0.552086293026927,0.842081083553231,0.000376708493640389,0.00829063047884267
"TCTA",6988,0.46040651132221,0.300283066770576,0.705914449148218,0.000375009147555746,0.00829063047884267
"CAMKK1",84254,0.592425828594674,0.44387040362537,0.79070007713852,0.000378999291691483,0.0083151465570079
"SLC39A10",57181,1.86020640083061,1.32103057908295,2.61944568769432,0.000379087561965331,0.0083151465570079
"FGF23",8074,1.44007596650982,1.17767413925286,1.760944492366,0.000380224152550239,0.00831870900959073
"LOC100272217",100272217,0.672685225136381,0.540545354462922,0.837127557161946,0.000380568151715394,0.00831870900959073
"TAP2",6891,1.7422381143917,1.28262767035391,2.36654308759892,0.000380989652972316,0.00831870900959073
"IKBKAP",8518,0.343231507213538,0.190260085951177,0.61919381017366,0.000381918651972619,0.00832948467078709
"PLK1",5347,1.4836492707697,1.19333330894182,1.84459374607366,0.000383973450204681,0.00835524480325932
"SNHG10",283596,0.678588193862532,0.547853230314987,0.840520620066181,0.000383640410928941,0.00835524480325932
"ANKRD16",54522,0.469010160731644,0.308776815150983,0.712393288861287,0.000385129775483973,0.00837088319963858
"AQR",9716,2.62991182728017,1.54168873011262,4.48627280213879,0.000387339533636943,0.00838474495543539
"VEZT",55591,2.32292916462034,1.45833637942441,3.70010649118792,0.000387521019532853,0.00838474495543539
"PABPC3",5042,1.69285415309595,1.2656819168906,2.26419856791073,0.00038826713566069,0.00839139604947121
"SNPH",9751,0.703201043950442,0.578882141143967,0.854218282215088,0.000389033832886435,0.00839847643523571
"STRADA",92335,0.449409083415814,0.288811926048275,0.699308117293201,0.000392033762208846,0.00844417766865833
"C17orf81",23587,0.446548727581988,0.285886599079843,0.697499521652647,0.000395186960818513,0.00849296741525359
"DFNB31",25861,0.671241698481247,0.538393295742439,0.836870409314187,0.000396150257453886,0.00849458068870009
"LINC00663",284440,0.607471998224122,0.461052274326103,0.80039129872158,0.00039668088319942,0.00849643365392531
"EMP1",2012,1.44531721587524,1.17865687735049,1.77230701712029,0.000400747142957826,0.00855756650556489
"SFI1",9814,0.562736279325505,0.409265316822672,0.773757528557744,0.000402198813462643,0.00857620591426975
"SLC44A2",57153,2.23314100600546,1.43087723674238,3.48521775638598,0.00040381066226764,0.00860098723518168
"ZNF672",79894,0.376471906065542,0.219003072601396,0.647164874780475,0.000408919755823164,0.00868080817938918
"APBB3",10307,0.666297716575702,0.531944416088505,0.834584655251141,0.000409777110969797,0.00868936452496597
"ATP6V0D1",9114,0.326762410418353,0.17560665856873,0.60802747306203,0.000415105730815965,0.00876349593081342
"UBASH3B",84959,1.52970246582267,1.20811059817698,1.93690017906885,0.000415604965902821,0.00876436183332222
"PIP5K1C",23396,0.401624836121976,0.241981238631786,0.666590971688727,0.000417274464418165,0.00876883749653697
"SERTAD3",29946,1.96089958268941,1.34900657758178,2.85033982583262,0.000417651014761603,0.00876883749653697
"WDR24",84219,0.465942131242735,0.304886749021616,0.712074468187627,0.000416801669131905,0.00876883749653697
"NEK7",140609,1.80422757712775,1.29970361592619,2.50459959499961,0.000421287216894932,0.00880651431426159
"WDFY1",57590,1.93887335189583,1.34195759943199,2.80130301902454,0.000420948888620764,0.00880651431426159
"UEVLD",55293,1.90552840821479,1.33136717951955,2.72730060524996,0.000424349268008477,0.00886083891833858
"MRPL34",64981,0.497145808884834,0.336989257336809,0.733417905499384,0.00042707424129973,0.00889998032024355
"FIGNL2",401720,0.663473712879514,0.528052676950921,0.833623967638822,0.000427893421595831,0.00890567733935089
"PLSCR1",5359,1.88248344788431,1.32364246725116,2.67726672363254,0.000431096822278176,0.00895286527656317
"R3HCC1",203069,0.455873188018449,0.294336190214374,0.706064597094711,0.000432815773364098,0.00895938019170465
"ZNF226",7769,0.460663531716923,0.299168993461737,0.709334503547239,0.000432669189147086,0.00895938019170465
"DSC2",1824,1.61910965332618,1.23769721433154,2.11805927907001,0.000438230043491466,0.00906164977498515
"LOC100128288",100128288,0.645182200558747,0.505334864390296,0.823731155814985,0.000438768115561421,0.00906297812780053
"DERA",51071,2.35298853037068,1.46013789782599,3.79180283745761,0.000440055536487739,0.00907976509859868
"SDC4",6385,1.56408908017622,1.21874986173598,2.00728199241957,0.000441190634267988,0.00909337635952997
"GRK6",2870,0.330036248733649,0.17782017048121,0.612551012539317,0.000442592658176593,0.00909893735693188
"VCL",7414,1.86951323724973,1.31865554204207,2.65048728255408,0.000442887576687593,0.00909893735693188
"SAV1",60485,1.93498767611912,1.33867927597008,2.79691885423387,0.000445238647392993,0.00912763087747672
"ARAP2",116984,1.7418997496224,1.27785093955681,2.37446688327116,0.000446220068325835,0.00913795636709663
"MBLAC1",255374,0.616835021130991,0.470884468661604,0.808022919879105,0.000452476858032128,0.00925617632468504
"ALKBH4",54784,0.438447165720473,0.276525765285682,0.695182660211479,0.000454960571355845,0.00926733849661687
"KIF18B",146909,1.41492410196635,1.16539094975497,1.71788721608506,0.000454678167845121,0.00926733849661687
"SAT2",112483,0.508976495750722,0.348941238403927,0.742408877814565,0.00045417420484507,0.00926733849661687
"MCM3AP",8888,0.362674633110475,0.205691532473105,0.639466719511247,0.00045628515904188,0.00928443216701493
"SEMA6C",10500,0.645370207144755,0.505172092879487,0.824476866677242,0.000457537423675376,0.00929014681808801
"KIAA0114",57291,0.559222318830832,0.403992056026773,0.774098394295675,0.000459306212022562,0.0093063028785546
"STAT1",6772,1.52822851276073,1.2054607597542,1.93741884032051,0.000458876587647678,0.0093063028785546
"C6orf132",647024,1.44488193125442,1.17591826055247,1.77536472159611,0.000461906168290444,0.00934907860411781
"BIRC2",329,2.80530305531894,1.57473350586497,4.99749653060125,0.000463037771413472,0.0093521894971758
"TSEN54",283989,0.559599665824528,0.404259202852383,0.774631186578756,0.000466622454694925,0.00941464946302725
"MASTL",84930,2.26013041346228,1.4313053316959,3.56890271609948,0.000468039907375675,0.00941598740802771
"RCC1",1104,1.59155256880599,1.22673187897548,2.06486814493519,0.000468165631046916,0.00941598740802771
"CCDC52",152185,2.09681680317866,1.38480920416226,3.17490719506888,0.000468659657863356,0.00941602234868951
"CCDC96",257236,0.562434630474429,0.407342580754365,0.776576593026648,0.000472069282773767,0.00947305339686976
"CEMP1",752014,0.623974891874043,0.47899155119401,0.812842449347346,0.000472488782381647,0.00947305339686976
"C20orf96",140680,0.557747612202324,0.402013224609766,0.773811357124784,0.000474148014550256,0.00948643208609073
"NT5C3L",115024,0.538820392165847,0.380874149347735,0.762266001803893,0.000476490031627268,0.00952332793619096
"NCRNA00235",64493,0.592408736078869,0.44160160406092,0.79471656659596,0.000477920223377608,0.00954194166236275
"GBP4",115361,1.42233319739124,1.16716439017079,1.73328773687583,0.000478969639903563,0.00955292210890037
"NAIF1",203245,0.229684554086964,0.100576319215763,0.524526994002975,0.000480412217353686,0.00957171300137913
"DENND1B",163486,1.50630685729813,1.19682365566644,1.89581843373567,0.000481010720731782,0.0095736649900487
"ZNF404",342908,0.693698747764688,0.564923991120527,0.851827786063396,0.000481846737417034,0.00957971627307852
"NAGLU",4669,0.419946931452142,0.25796423962136,0.683642916921062,0.000483708007109132,0.00958962329085005
"SPHK2",56848,0.59870504204689,0.448829258526589,0.798628254648719,0.000483817978547096,0.00958962329085005
"CNNM3",26505,0.426034846340161,0.263764657139641,0.688134992248004,0.000486882948003799,0.00962065721142373
"PAWR",5074,2.02988900884721,1.36361556604624,3.02170897050244,0.000486892674264557,0.00962065721142373
"FLYWCH1",84256,0.538453746216286,0.380232622322454,0.762513313674798,0.00048778115592886,0.00962826642874231
"USP22",23326,0.496216367920895,0.334627047728335,0.735836165857418,0.000490471352348323,0.00966142693755548
"FBXO10",26267,0.638830664876984,0.49648569716331,0.821986656854148,0.000493776714591635,0.00969970140343156
"FERMT1",55612,1.41446056519776,1.16373689287277,1.71920191131923,0.000495456954826505,0.00971959505124775
"CD160",11126,0.614641497905671,0.467233068014366,0.808556150687759,0.000503520673133336,0.00983150008887364
"LASS3",204219,0.582309625866788,0.429357474998858,0.789748682908154,0.000504759402272908,0.00983150008887364
"PLS1",5357,1.45386421472367,1.1775152616145,1.79506900993872,0.000503021335493064,0.00983150008887364
"THEM4",117145,0.417090468558164,0.254827564182731,0.682675202425602,0.00050429757416191,0.00983150008887364
"TIPARP",25976,1.80665461934478,1.29463634258309,2.52117201274251,0.000503813182899701,0.00983150008887364
"APOL6",80830,1.74552628775916,1.27513285820807,2.38944671658764,0.000506985680723174,0.00986481700426464
"PIGA",5277,2.0947713575298,1.38068199997042,3.17818805519394,0.000507791234696523,0.00987045014841504
"C15orf42",90381,1.44827851919342,1.17532950365257,1.7846150059525,0.000508589527683906,0.00987593085889347
"OXSR1",9943,2.30419918352111,1.4389675959625,3.68968272269399,0.000510886973598955,0.00989042018626236
"CAPZA1",829,2.24645914823182,1.42301907909787,3.54638864566296,0.000512061559153389,0.00990313593723647
"USHBP1",83878,0.693090204210861,0.563529127495528,0.852438689918233,0.00051646965517111,0.00995818053876796
"NAALADL2",254827,1.53010728246553,1.20348017738071,1.94538168542965,0.000517004927138708,0.0099584624787332
"ABLIM3",22885,1.51520243797526,1.19831136012693,1.9158947369096,0.000518189076972965,0.00997122985438822
"GGA1",26088,0.432927119587561,0.269837636861332,0.694587652984447,0.00051875885964803,0.00997216151606822
"AP3S1",1176,2.74763902445908,1.55259432013021,4.86251953317548,0.000519471889782952,0.00997279318633082
"NDC80",10403,1.42462866395915,1.16652529156927,1.73983954299332,0.000519841216750694,0.00997279318633082
"ASCC1",51008,2.21491486007332,1.41314601778072,3.4715788571361,0.000523969494411485,0.0100219645196085
"ANXA3",306,1.50007456778981,1.19277669541925,1.88654231556635,0.00052586638555414,0.0100481981583357
"PPOX",5498,0.459484373030827,0.295988957889885,0.713289747579287,0.000528801687736828,0.0100841374689355
"CRY2",1408,0.534624691682283,0.375151240002181,0.761888887678244,0.000530879819752003,0.0100872053385811
"PRELID2",153768,1.60299618771627,1.22744328485565,2.09345458933778,0.00053092590878997,0.0100872053385811
"TNFRSF10A",8797,1.43465484699829,1.1693914099007,1.76009034493459,0.000539848745864671,0.0102335846998549
"OSGIN2",734,2.13712452325618,1.38990925350173,3.2860427516373,0.000540427927533852,0.0102344207623168
"ASB16",92591,0.705733976635422,0.579262575706048,0.859818097467411,0.000542300379382091,0.0102420130256098
"ATPAF2",91647,0.420332167673026,0.257181288775439,0.686982836200712,0.000544491893358532,0.0102420130256098
"BAZ1A",11177,1.89580038137364,1.31943415065492,2.72393971630374,0.00054218485278994,0.0102420130256098
"C6orf70",55780,0.505155658370884,0.343035610874218,0.743894310371439,0.000543787606591312,0.0102420130256098
"EFNB1",1947,1.48707923480568,1.18752816179793,1.86219133299722,0.000545112629271227,0.0102420130256098
"RANGRF",29098,0.620398004494221,0.473355607261331,0.813117407032042,0.000542436321026813,0.0102420130256098
"SMAGP",57228,1.48536311946514,1.18693775680294,1.85881996256481,0.000545024096057782,0.0102420130256098
"FN3K",64122,0.58877743286262,0.436003239106866,0.795083234148474,0.000548057148897384,0.0102477081390191
"KIFC1",3833,1.45434217407871,1.17604027481136,1.79850231714493,0.000547726008059384,0.0102477081390191
"PARP4",143,1.83590714689259,1.30095660201977,2.59082820040147,0.000546055321693787,0.0102477081390191
"ZFP2",80108,0.688035346745115,0.55656871779331,0.850555597604521,0.000548094600628248,0.0102477081390191
"ZNF547",284306,0.644533508908783,0.50244559069636,0.826802845519087,0.000546692435532612,0.0102477081390191
"ZNF747",65988,0.401079435807489,0.238843987668225,0.67351376686571,0.000551399320502792,0.0102994285188056
"CALU",813,1.68410942178622,1.25252929527229,2.26439777117751,0.000559484212204255,0.0103393763544259
"MAVS",57506,0.425399813146956,0.26183033720141,0.691153679744376,0.000557029278774463,0.0103393763544259
"NRSN2",80023,0.676135749711036,0.541367820762199,0.844452762991461,0.000559310393206457,0.0103393763544259
"P4HA1",5033,1.50402884597432,1.19297276649243,1.89618978157721,0.000555301031650689,0.0103393763544259
"PEMT",10400,0.622491424879103,0.475562738843542,0.814814833875157,0.000558848366917302,0.0103393763544259
"ZBTB40",9923,0.504459922833894,0.342068698952845,0.743943583626921,0.000555829544310616,0.0103393763544259
"ZNF682",91120,0.659172176611611,0.520289783907674,0.835126830966169,0.000555437458314624,0.0103393763544259
"CBX8",57332,0.517526903406855,0.355970759453628,0.752404765382924,0.000560689287019323,0.0103416624810208
"S100A16",140576,1.47023256091704,1.18113000220653,1.83009810871159,0.000560240600029404,0.0103416624810208
"COQ10A",93058,0.530918200516561,0.370460749956982,0.760874493917303,0.000563900089073559,0.0103808633336958
"CHML",1122,1.71095243518197,1.26072730171038,2.32195989686562,0.000566723297142783,0.0104228043312019
"ORAI2",80228,0.529597130248958,0.368868532199727,0.760360659380038,0.000571912009746729,0.010468101962823
"RACGAP1P",83956,1.69482610574125,1.25531729669764,2.28821472966123,0.00057192275585037,0.010468101962823
"ZNF37B",100129482,0.655094792978503,0.514982909178794,0.833327048604159,0.000571145933108595,0.010468101962823
"PICALM",8301,2.7263317289272,1.54035205787331,4.82544536371603,0.000575327284448641,0.0105002719176042
"ARMC2",84071,0.568592366114088,0.412293050428384,0.784144380962284,0.000575977191282665,0.0105021122380015
"NFYC-AS1",100130557,0.650567994736957,0.509260508645955,0.83108489386187,0.000579971997175982,0.0105548281541247
"ABTB2",25841,1.44731721269856,1.17230640078169,1.78684268274638,0.000584977376779035,0.0105555304581628
"ADCK1",57143,0.465775975493029,0.301354568562467,0.719906986581862,0.000583314805454014,0.0105555304581628
"C10orf46",143384,3.73121017873869,1.7617275905373,7.90243024670871,0.000583886690959625,0.0105555304581628
"ITGAV",3685,1.63268419897084,1.23465966781171,2.15902224966464,0.000584916216457481,0.0105555304581628
"MAP4K4",9448,2.05116550669036,1.36202565507977,3.08898728900219,0.000583831738924187,0.0105555304581628
"OSBPL3",26031,1.54920941014793,1.20717685833052,1.98815093242433,0.0005832622180443,0.0105555304581628
"SPIN2B",474343,0.523721449503608,0.362230822713898,0.7572082204799,0.000584975022764424,0.0105555304581628
"TSKU",25987,1.68491377387979,1.25161667901352,2.26821396120046,0.000582408978842576,0.0105555304581628
"C20orf29",55317,0.427321657616819,0.263043829189325,0.694195334789463,0.000594002190032804,0.0106169240442088
"HDAC4",9759,0.476111325919904,0.311721074807112,0.727194960460972,0.000594485578049228,0.0106169240442088
"NAMPT",10135,1.65708875663961,1.2421931816303,2.21056047319269,0.000592609946164783,0.0106169240442088
"NET1",10276,1.53408696210847,1.20173979702177,1.95834640172823,0.00059227630904456,0.0106169240442088
"NRL",4901,0.592229767791059,0.43922363099598,0.798536492816938,0.000592008750524721,0.0106169240442088
"SGTA",6449,0.450346681714687,0.285651205055013,0.70999922332682,0.000593677339347937,0.0106169240442088
"UCK1",83549,0.411417625837649,0.247870128294247,0.682875601084749,0.000591660225177273,0.0106169240442088
"CAPN2",824,1.9305863040074,1.32616803757279,2.81047602688614,0.000596262972814736,0.0106295777683195
"ZNF335",63925,0.375779497449821,0.214919025614196,0.65703922814692,0.000596305586103773,0.0106295777683195
"TMBIM1",64114,1.65077299787386,1.23979365582255,2.19798792945225,0.000600365016985645,0.0106825876543938
"KRT8",3856,1.52555471451571,1.19846571636512,1.94191386136579,0.000602724221590392,0.0107140392066537
"AMACR",23600,0.580654390579761,0.425594538824777,0.792208288740207,0.000604712306201694,0.0107393985893406
"KDELC2",143888,1.90231696609887,1.31719464578264,2.74736148609032,0.000605766316006503,0.0107409072891676
"ILF3-DT",147727,0.612753850618879,0.463117646512991,0.810738446861863,0.000606481929853142,0.0107409072891676
"LRRC14",9684,0.521390675633336,0.359322105818062,0.756558620345594,0.00060648052904978,0.0107409072891676
"KDM5B",10765,2.44494728346859,1.46647226166132,4.07629068426319,0.000608114493670744,0.0107519420514248
"LPCAT1",79888,0.52715227165606,0.365513563659314,0.760271423938615,0.000610421981000169,0.0107807398251064
"INADL",10207,2.07958451446694,1.36738728525322,3.16272631715296,0.000620022450734643,0.0109099994620069
"C16orf86",388284,0.637662087640725,0.492812363823867,0.825086722377063,0.000620749538497912,0.0109127540651191
"IP6K1",9807,0.397142151073486,0.234012550767816,0.673989013160941,0.000621676444954073,0.0109190131888306
"B3GNT3",10331,1.46799613960565,1.17814056728167,1.82916429986735,0.000624532920851353,0.0109328167615864
"LPPR2",64748,0.525023440929869,0.362939614771055,0.759491668330892,0.000625320308316807,0.0109328167615864
"MSH2",4436,2.26143783911969,1.41682890947164,3.60954033759055,0.000625178509532379,0.0109328167615864
"KIAA0415",9907,0.577789605980359,0.421924432905814,0.791233696706683,0.00062666859155742,0.0109463836992866
"EXT1",2131,1.97980188214103,1.33845875330693,2.92845445019875,0.000627422067156241,0.0109495455095779
"ADAM10",102,1.75452276324354,1.27101251198536,2.42196681599245,0.000630972148022024,0.0109714584320157
"PLBD1",79887,1.42054629471365,1.16154363638021,1.73730173557091,0.000630672297320381,0.0109714584320157
"SCAMP4",113178,0.459813484203048,0.294515798918457,0.717884884380974,0.000630392351770982,0.0109714584320157
"CD44",960,1.66905574973329,1.24416622207264,2.23904736063081,0.000632215015861978,0.0109751822034563
"CHMP1B",57132,2.49748365824887,1.47748065881554,4.2216624535854,0.000632333914791072,0.0109751822034563
"EPM2A",7957,0.624889715599176,0.477167359958335,0.818344231876455,0.00063363412433172,0.0109877786909273
"GRHL2",79977,1.48017160018519,1.18195339694086,1.85363312264706,0.00063495002213676,0.0110006241606973
"NHEDC1",150159,0.645025824171144,0.501528216444844,0.829581068831888,0.000637286527877099,0.0110211387149234
"DIAPH2",1730,1.87098899321356,1.30588515070759,2.68063375315163,0.000638689201492378,0.0110254588059068
"SERBP1",26135,3.28490011696935,1.65975574785293,6.50129923780893,0.000638669530349384,0.0110254588059068
"AHI1",54806,0.506226705587661,0.342453062506931,0.748322925116051,0.000640622143665956,0.0110407541696833
"NICN1",84276,0.528403189742716,0.366361472086972,0.762115976169006,0.000640729708179458,0.0110407541696833
"S100A10",6281,1.49013599922122,1.18506631192654,1.87373927840814,0.000642989019234167,0.0110597580673488
"PYGL",5836,1.48057863517252,1.1815938135735,1.8552171395513,0.000649998245827628,0.0111502389667669
"UBE2E3",10477,2.43116849682245,1.45902401997403,4.05105068801207,0.000649551516597205,0.0111502389667669
"FAM104A",84923,0.34606656464175,0.18799916777278,0.637035092132373,0.00065352403576573,0.0112006758352071
"STS",412,1.61850242000818,1.22696398278581,2.1349853136069,0.000655703015538507,0.0112279602311594
"LPP",4026,1.42815496001114,1.16339548549482,1.75316701434244,0.000657685127882149,0.0112518277647602
"TIMM22",29928,0.442588511811056,0.276895474799002,0.707431535056026,0.000658293820621973,0.0112521768606224
"CUL9",23113,0.422868492967631,0.257626490335283,0.694096954517359,0.000663696224544266,0.0113343907918377
"CROCCL2",114819,0.688829027814394,0.555734171712605,0.853799268987729,0.000666888445288612,0.0113660952832438
"EID2B",126272,0.682164096523392,0.547265288979374,0.850314945889277,0.000668148025540623,0.0113660952832438
"NEURL2",140825,0.652563806688988,0.510320242441245,0.834455477923652,0.000667433206693053,0.0113660952832438
"OTUD5",55593,0.308908797388396,0.156998103324422,0.607807630049894,0.000669409109972531,0.0113660952832438
"SLC16A1",6566,1.5059902368054,1.18932484880173,1.90696982043067,0.000675028551536954,0.0114259036329622
"SPTBN2",6712,1.50072991266309,1.18757080212406,1.89646820781846,0.000674820937644734,0.0114259036329622
"C4orf43",55319,2.73818095716561,1.53181666543924,4.89460333168166,0.000676385037797522,0.011431651994179
"ELMOD3",84173,0.493321105992054,0.328170607171401,0.74158290931313,0.000680112379011806,0.0114814734981102
"SRGAP1",57522,1.98473507764332,1.33631180661808,2.94779504971751,0.00068274706993707,0.0115157876602172
"DIRC2",84925,2.11235056496901,1.37175845056826,3.25277741680867,0.000686196398382941,0.0115621914288386
"MGC16275",85001,0.556803096401012,0.397086983364677,0.780760138584119,0.000686707244375002,0.0115621914288386
"FBXO45",200933,2.59999476260755,1.4973176940345,4.51472175378629,0.000689530908657583,0.0115893301317167
"DPM3",54344,0.621703245385508,0.472456713486339,0.818095953110102,0.000690208053940449,0.0115905262929929
"SNX7",51375,2.44805275246578,1.45957680030574,4.10595884889371,0.000691003195108119,0.0115937000989763
"DNAJC13",23317,2.207578017289,1.39700326562882,3.48846765238163,0.00069372376188896,0.0116291449549957
"PSMB9",5698,1.5594202764322,1.20623004487118,2.01602638641587,0.000696555202103524,0.0116663847203451
"C2orf66",401027,0.633301353794204,0.486316550002755,0.824710992696629,0.00069819957527091,0.0116734818847961
"DDX10",1662,2.85693147494762,1.55681158153365,5.24280365675708,0.000701570162481008,0.0116802707336
"HMGN3",9324,0.527807965328108,0.364711327886877,0.763840404623256,0.00070288030607903,0.0116802707336
"MPZL3",196264,1.42337398925836,1.16048785617198,1.74581190360775,0.000702386909266023,0.0116802707336
"NUPL2",11097,0.360991094935272,0.200275471589678,0.650676638473001,0.000699963580941181,0.0116802707336
"ZNF414",84330,0.653902836984623,0.511455547546099,0.83602362369136,0.000702365645066963,0.0116802707336
"MLLT1",4298,0.340260537739477,0.182294221688295,0.635111922201932,0.000710191281641692,0.0117608906008317
"TAL2",6887,0.572951467046219,0.415006754490262,0.791007327082234,0.000712371688311946,0.0117867934968361
"FAM63B",54629,1.52986928470833,1.19590130532499,1.95710132422503,0.00071519244866531,0.0117926603151908
"MTERFD3",80298,0.582465398262463,0.425898360247076,0.796588979530777,0.000715158092505128,0.0117926603151908
"ZW10",9183,3.16454915536172,1.62385786558455,6.16702457089474,0.00071408925324331,0.0117926603151908
"LAPTM4A",9741,3.4601711541619,1.68529131552141,7.10428179735194,0.000719613055088625,0.0118349431682546
"EXOC3L2",90332,0.647737832043203,0.503571178012928,0.833177746025127,0.000722765850324599,0.0118663883426254
"ZBTB49",166793,0.466458358621842,0.29977618027322,0.725819510175472,0.000723464555054325,0.0118676728512213
"OSMR",9180,1.50704508719748,1.18801437457976,1.91174866520404,0.000726093712516991,0.0119005950636782
"THAP8",199745,0.497633869455364,0.331946394059254,0.746022467666612,0.000729374687546715,0.011935084289578
"USP27X",389856,0.542083097323992,0.379996154272006,0.773308048254689,0.000729445994380545,0.011935084289578
"EXOC3L",283849,0.603112282676711,0.449735977705138,0.808795479008788,0.000731871117748103,0.0119645289480068
"ZNF217",7764,1.76139909093529,1.2680720559918,2.4466486292225,0.000734160466646196,0.0119917055897026
"TMEM8B",51754,0.675466642485368,0.537860576150397,0.848277797893256,0.000736334345784274,0.0120067067619913
"DDX21",9188,1.68820159858031,1.24555031752212,2.28816499611106,0.000737533146624526,0.0120160106435156
"GPR158-AS1",100128811,0.49242676264004,0.32634044933959,0.743040334273187,0.000738374037620901,0.0120194725255957
"CLDN15",24146,0.687023219200063,0.552431708003384,0.854405887428037,0.000739804424204472,0.0120325163450331
"C17orf76",388341,0.666983392782584,0.527157011760896,0.843898186541711,0.000741115987304814,0.0120436070426331
"SLC25A35",399512,0.531106227690775,0.367689758032131,0.76715170583369,0.000744098764550181,0.0120613364996198
"TBCD",6904,0.36300309430806,0.201466443515091,0.654060518358018,0.000742925669126324,0.0120613364996198
"ZNF490",57474,0.389905768032598,0.22556257098241,0.673988185552938,0.000743913221973213,0.0120613364996198
"BZW1",9689,1.81966341947793,1.28496809730404,2.57685382783684,0.000745021700765602,0.0120660711858964
"GLUD1",2746,2.78242713324594,1.5350135873623,5.04353890777382,0.000745950751119175,0.0120708967992017
"DSCR9",257203,0.655199951887252,0.512415313022425,0.837771561550251,0.000747928987811115,0.0120926777260044
"OIP5-AS1",729082,2.08028002710629,1.35857035602731,3.18538158291034,0.0007528089471985,0.0121452807186986
"NEIL3",55247,1.44342612270186,1.16597482185721,1.78689876714446,0.000751963204855449,0.0121452807186986
"MYNN",55892,3.09067365680489,1.60291776862611,5.95929737621857,0.000755918490665145,0.012170414958714
"ATP6V0E2",155066,0.703453755223052,0.573202131473093,0.863303115195487,0.000760121893087288,0.0121874670183939
"ATXN7L2",127002,0.572060409764712,0.413274732269694,0.791853667469347,0.000760404279064902,0.0121874670183939
"GABRA1",2554,0.694008298747533,0.561090743032152,0.858412876547574,0.000758738318661479,0.0121874670183939
"NAP1L5",266812,0.668653977620381,0.528980496356395,0.845207233285835,0.00076080073299327,0.0121874670183939
"BRCC3",79184,2.33107340260166,1.42394558125357,3.81608909768387,0.000764453300186418,0.0122321903309953
"NRF1",4899,0.294958071909856,0.144847343414391,0.600634172046099,0.000765694151526529,0.0122321903309953
"OBFC1",79991,2.00251100983841,1.33631057182445,3.00083710259745,0.000766150677917724,0.0122321903309953
"SFRS6",6431,0.351118420066531,0.190848423569746,0.645979372551447,0.000765853733400371,0.0122321903309953
"SKA3",221150,1.43108531239237,1.16135684553344,1.763458991284,0.000768689444645559,0.0122420674502378
"PPP1R3E",90673,0.664715516813606,0.523937372799821,0.843319719552806,0.000769931357088745,0.0122516448145062
"BCAT2",587,0.533407944647984,0.369778421260299,0.769444670253762,0.000773816097603319,0.0122523017374658
"DEPDC5",9681,0.409633502936163,0.243463239152821,0.68921947852022,0.000773721507617121,0.0122523017374658
"FAM125B",89853,0.671496324654195,0.532405421296735,0.846924723128956,0.000771172696561548,0.0122523017374658
"GOLGB1",2804,3.34050594244776,1.65373301924395,6.7477517964964,0.000773094601466582,0.0122523017374658
"S100A11",6282,1.47916920476012,1.17735028627162,1.85836072902259,0.000773411591802154,0.0122523017374658
"IQSEC1",9922,0.452648914017085,0.285125754942593,0.718598849136231,0.000775792626363463,0.0122632938549206
"SYPL1",6856,2.11342417059757,1.36613680810375,3.26948347952488,0.000775452371872102,0.0122632938549206
"TMEM88",92162,0.689245177863831,0.554754428154052,0.856340916086611,0.000778691439093228,0.0122786736649103
"ZNF589",51385,0.542031338927605,0.379223493303416,0.774735683753077,0.000778177788432246,0.0122786736649103
"SNX6",58533,2.28887985399108,1.41201205932381,3.71028770711424,0.000779802751425432,0.0122860685556131
"PLK4",10733,1.58617438265773,1.21163605830312,2.07648918580649,0.00078834603292127,0.0123640379166006
"PSEN1",5663,2.54662509683296,1.47558394130177,4.39507316547381,0.00078716031600542,0.0123640379166006
"SULF2",55959,1.59252896651842,1.21362160075947,2.0897358020104,0.000789276431022601,0.0123640379166006
"VDR",7421,1.7516903990079,1.26264442664597,2.43015308920126,0.000790302559693934,0.0123699812268951
"CDKN3",1033,1.51953257511026,1.1899899745837,1.94033504158638,0.000794846047728009,0.0124309242476645
"PPP4R1",9989,2.11057577306731,1.36391186497656,3.26599555898376,0.000798854554436626,0.0124834077309717
"ELOVL1",64834,1.90627330520769,1.30733184275789,2.77961401634765,0.000800577066666996,0.0124883568954416
"PTMA",5757,2.20561516946828,1.38896115955527,3.50242931007963,0.000800981642335733,0.0124883568954416
"FSCN3",29999,0.578530354831525,0.420056514101076,0.796791289328641,0.000805591391452686,0.0125277130782042
"GDF9",2661,0.685415877668283,0.54953903445127,0.854889090506348,0.000805910168169227,0.0125277130782042
"GGA3",23163,0.350309515743519,0.189652939446724,0.647059608875357,0.00080692960277867,0.0125277130782042
"SERP2",387923,0.671211749661837,0.531595576991178,0.847496165099923,0.000806184709468373,0.0125277130782042
"LRWD1",222229,0.562219974100637,0.401403100782229,0.78746601274814,0.000808432341192399,0.0125408640632498
"ZNF709",163051,0.570000119966831,0.410223079158254,0.792008429727727,0.000809903579236139,0.0125535054781601
"AHR",196,1.54651346534459,1.19820312436275,1.99607549827092,0.000811583505435318,0.0125693584683897
"CCDC157",550631,0.669119155202167,0.528843875345376,0.846602305011221,0.000816222752444532,0.0126008108945441
"EZR",7430,1.55084395270912,1.19942694680892,2.00522172030007,0.000816899039060592,0.0126008108945441
"ITCH",83737,2.59901867989774,1.48560026768116,4.54691497128022,0.000816908323795401,0.0126008108945441
"TMEM151B",441151,0.705151211074563,0.574713158665508,0.865193745753998,0.000815467847393343,0.0126008108945441
"UCKL1",54963,0.54878032398786,0.386148298313752,0.779907215210679,0.000819451303941932,0.0126298509995949
"PDLIM5",10611,1.96321749767438,1.32222385611571,2.91495492638998,0.00082294013336744,0.0126734105723986
"BAG4",9530,1.62590014193495,1.22271203826769,2.16203913007139,0.000829398462781611,0.0127066922088274
"PIK3CA",5290,1.81314234935188,1.27917326618407,2.57000772758504,0.000827906701053434,0.0127066922088274
"PRPS2",5634,2.51847605822942,1.46531922995092,4.32855962457222,0.000829751585132299,0.0127066922088274
"TNFRSF21",27242,1.70209552034394,1.24616220093803,2.32484114683797,0.000827749387373444,0.0127066922088274
"PHLDA1",22822,1.55917281081696,1.20162800684313,2.02310518741781,0.000831646752148863,0.012725525942681
"DNTTIP2",30836,3.00336784944493,1.57573555376203,5.72444939605755,0.000832657679854655,0.0127308101059792
"ZNF232",7775,0.469452463839929,0.301261886972668,0.731541643119873,0.000834249149220579,0.0127449548539473
"SECISBP2",79048,0.344278925761583,0.18417415077745,0.643564681705933,0.000835324742224976,0.0127512021903728
"CCNB1",891,1.57096730958752,1.20521515687098,2.04771593994885,0.000836788932321268,0.0127633667531969
"FBXO18",84893,0.319242961437309,0.163313304819176,0.624052452677427,0.000841614725717108,0.0128165325308846
"SLC2A11",66035,0.558351732140196,0.396472347676471,0.786326356960352,0.000849827614021877,0.0129005180741242
"METT10D",79066,0.483867359491751,0.315826677686401,0.741316798494125,0.000852587912135342,0.0129321562215802
"FOXD4L6",653404,0.678378352689553,0.540035055947732,0.85216169641093,0.000853706454433507,0.0129388616116876
"LRRC67",286187,0.522479351446905,0.356740119926042,0.765219994726056,0.000854706662855087,0.0129437643233802
"CSTF2",1478,2.36272939119793,1.42502845223497,3.91745874777107,0.000859388576344397,0.0129810983552519
"PRIM2",5558,2.11871505604318,1.36233035385501,3.29505503272503,0.000861503277939118,0.0129952470009002
"TNFRSF12A",51330,1.44860830102462,1.16484197417174,1.80150274142511,0.000863186885111808,0.013000138229554
"ZNF517",340385,0.545353788920454,0.381747658050723,0.779076829465128,0.000862889410949937,0.013000138229554
"C20orf132",140699,0.680328404533359,0.54236618857761,0.853384203813941,0.000865077002674911,0.0130183539183029
"ACYP2",98,0.482120164516723,0.313793627883009,0.740741150805943,0.00086976525455416,0.0130376315768707
"AKT1S1",84335,0.448331558478355,0.279584204179245,0.718928978544033,0.000869766188742984,0.0130376315768707
"IFIT2",3433,1.45554402307928,1.1669946213189,1.81543973247061,0.000868827515410131,0.0130376315768707
"NOTCH2",4853,1.55564432102532,1.19937434426614,2.0177430550418,0.000868589646433814,0.0130376315768707
"LUZP6",767558,2.50012836856175,1.45775022800677,4.28786889495737,0.000870564511693531,0.0130393793384199
"C17orf90",339229,0.597263252830804,0.440937218986339,0.809011754557931,0.00087202873166515,0.0130510904151481
"ABHD4",63874,2.24957240842531,1.39556680882967,3.62617969181446,0.000874042721822038,0.0130710048008523
"SLC25A4",291,0.548126064272365,0.384517388531041,0.781348753778033,0.000887217137179911,0.0132266579757133
"MTHFD1",4522,2.12027839974094,1.3611876617018,3.30268971641095,0.000888490251936762,0.0132353216890922
"NBN",4683,2.08069056190791,1.3505725735101,3.20550949969388,0.000890841930335285,0.0132600261490451
"AKD1",221264,0.567266683476808,0.405982562081947,0.792623920920584,0.000894888605997454,0.0133099023070865
"EI24",9538,3.06197948427433,1.58191415842855,5.92681866595756,0.000896732955994085,0.0133265893814615
"LOC100216545",100216545,0.690128642644128,0.554434639523927,0.859032804672501,0.000899269291961122,0.0133439284308304
"CCDC40",55036,0.667072385231632,0.525226252226725,0.847226438610177,0.000902956220671947,0.0133778804281892
"CCDC28B",79140,0.575212102065195,0.414866865648372,0.797530460392793,0.000910303779847607,0.0134554717134043
"C6orf226",441150,0.631595349489945,0.481392469468131,0.828664158245072,0.000911920510601627,0.0134662798632409
"PDGFC",56034,1.43983547898481,1.16076958256984,1.78599287720282,0.000912465513633309,0.0134662798632409
"TMEM201",199953,0.517094056457063,0.350163888808197,0.763603192017557,0.000913147120961129,0.0134662798632409
"LINC03062",100129066,0.696314534087279,0.562189208148344,0.862439056733453,0.00091445614530158,0.0134751946773369
"DCUN1D1",54165,2.0947720127465,1.35259929045827,3.24417572620441,0.00092207551072182,0.0135369360019908
"LRRC57",255252,2.60566878611114,1.47887510490179,4.59099608912869,0.000919937141790142,0.0135369360019908
"CORO7",79585,0.474186909951954,0.304930988403889,0.737390537927091,0.000925317594026384,0.0135517225275212
"ARSG",22901,0.675178687457955,0.535144741950271,0.851856001305547,0.000926474222227954,0.0135582803737981
"ICA1L",130026,0.690180850895007,0.554130679004331,0.859634062849699,0.000932398683548916,0.0136241326357831
"ERBB2IP",55914,2.14845519582006,1.36596371171324,3.37919645219333,0.000934296689344039,0.0136414448680026
"UBXN2A",165324,2.76758816976364,1.51429966832879,5.05814300670678,0.000937446526053877,0.0136665698962138
"LSMD1",84316,0.569707274306188,0.408203126524092,0.79510997664598,0.000939727087984488,0.0136774578351888
"RSF1",51773,2.16910845622776,1.37097050780576,3.4318984019643,0.000940157847500421,0.0136774578351888
"ZNF23",7571,0.469831038833918,0.300301606135542,0.73506501644259,0.000940338634039484,0.0136774578351888
"DTL",51514,1.49196409650273,1.17700775155607,1.89119983475926,0.000942733184272797,0.0136865979401041
"HNRNPF",3185,2.67589855687861,1.49317204599479,4.79545080281395,0.000943483789909036,0.0136865979401041
"PPP4R1L",55370,1.50020899688356,1.17954101815621,1.90805321704574,0.000947134164464764,0.0137033548893476
"ALKBH7",84266,0.626410117857659,0.474688594377694,0.826625371668894,0.00094801092604789,0.0137053779260076
"SEPTIN11",55752,1.67152147270301,1.2325722251383,2.26679133013382,0.000948707082868931,0.0137053779260076
"PARD6B",84612,1.51735260300503,1.18474762831679,1.94333279663718,0.000957184155579045,0.0138089243294006
"SHROOM3",57619,1.63819052369154,1.22218491425969,2.1957955466488,0.000958869018696029,0.0138208648987181
"NUF2",83540,1.44804438799025,1.16238035961739,1.80391257667176,0.000959805045541529,0.0138239390858982
"NDE1",54820,1.57284773861759,1.20207449993993,2.05798393443841,0.000960777742321389,0.0138275364013403
"B4GALT1",2683,1.63993738522446,1.22260203479655,2.19973020730689,0.000962411527661121,0.0138302368817237
"TBC1D23",55773,2.737062300845,1.50546871780476,4.97619774499922,0.000962352681530774,0.0138302368817237
"RFX2",5990,0.649994505875142,0.503294362500588,0.839454778648303,0.000963716606897764,0.0138385942493495
"RRM1",6240,2.19814637080615,1.3768449549056,3.50936207470039,0.000967654893018922,0.0138680109173308
"ZNF862",643641,0.595572033464073,0.437782038785052,0.810234353215869,0.000967139645087277,0.0138680109173308
"PARK2",5071,0.639801072072364,0.490706828120457,0.834195467368679,0.000969559503176028,0.0138808118392574
"ZNF248",57209,0.496449789312295,0.327466541088103,0.752633818677411,0.000971899538468906,0.0139001205638134
"YES1",7525,1.95027160398388,1.31124079934589,2.90073290215136,0.00097458545290784,0.0139173549796635
"AES",166,0.499037900520464,0.330118007435445,0.754393339795536,0.000978135733924397,0.0139362708485044
"GPSM2",29899,1.57499803314187,1.20216784901491,2.06345462194271,0.000980964396706977,0.0139362708485044
"SERPINB1",1992,1.54275050856491,1.19209710474112,1.99654803472923,0.000982176666690228,0.0139362708485044
"SP100",6672,1.89107700981153,1.29465678507832,2.76225506115228,0.000981393804565535,0.0139362708485044
"ZSCAN2",54993,0.464552178220229,0.294456997822005,0.732904050117407,0.00098158809467587,0.0139362708485044
"ATP13A1",57130,0.415544934279065,0.246430873433263,0.700714119133111,0.000987553955486372,0.0139649191878006
"NXPH1",30010,0.697230516763457,0.562587428124843,0.864097505922867,0.000986942584883872,0.0139649191878006
"RASSF9",9182,1.42807731588871,1.1552391159037,1.76535298370722,0.000987846272865277,0.0139649191878006
"ZNF259",8882,2.4224262192542,1.43093339263601,4.10092378717929,0.000987628453354994,0.0139649191878006
"SLFN5",162394,1.46212710870918,1.1661705194241,1.83319304202442,0.00099425184678119,0.014036101117461
"USF2",7392,0.401654245358586,0.233348963181146,0.69135140184591,0.00099434919298163,0.014036101117461
"LRRC37A16P",651250,0.488854564951648,0.31918811069444,0.748708293533026,0.000999776168453616,0.0140815307614229
"RAD51C",5889,0.520414973952529,0.352699180004376,0.767883115324086,0.000999472702043091,0.0140815307614229
"ATG16L1",55054,2.25727152752196,1.38971451363808,3.66641831754537,0.00100278678191254,0.0141135414110678
"NUCB1",4924,0.435635144082038,0.265505327903058,0.714780303123223,0.00100531159631312,0.0141220017461083
"PELI3",246330,0.686187015890674,0.548253244153965,0.858823227765012,0.00100483020165031,0.0141220017461083
"FAM160A1",729830,1.41873450228653,1.15179136589529,1.7475452999369,0.00100637126814633,0.0141224235112508
"SPATA7",55812,0.465783141006193,0.295398466389239,0.734445026399426,0.00100789668213148,0.0141334602926164
"MYL12B",103910,1.88257313210088,1.29105744971595,2.74509983927349,0.00101101856650182,0.0141668513710479
"C5orf55",116349,0.621746468490663,0.468323130850002,0.82543151430294,0.00101299250258088,0.0141737436699814
"HDAC6",10013,0.353647452075421,0.190279365442215,0.657278418333902,0.00101267978065176,0.0141737436699814
"ARHGAP21",57584,1.91803938329267,1.30070601688835,2.82836784645819,0.0010137868465188,0.0141742576739919
"ATP6AP1",537,0.446396282506117,0.275942954611804,0.722140709537641,0.00101473398275025,0.0141742576739919
"C17orf101",79701,0.499718573872518,0.330391568006252,0.755826350472896,0.00101612246169543,0.0141742576739919
"C3orf54",389119,0.646851534116907,0.49882136530751,0.838811118147383,0.00101750189221734,0.0141742576739919
"C1orf56",54964,0.539649632254773,0.373494368426931,0.779721865203132,0.00101944687696516,0.0141744425729735
"SERPINB8",5271,1.66167993283023,1.22732934556608,2.24974674413668,0.00101971208137249,0.0141744425729735
"SFRS16",11129,0.592470103933029,0.433529626837332,0.809681282027178,0.00102081065934689,0.0141794084831721
"RG9MTD3",158234,0.502612871306739,0.333287462359059,0.757963400768586,0.0010304378317276,0.0142923744796619
"FKRP",79147,0.522545948913778,0.354620147175239,0.769990850495217,0.00103280503634899,0.0143148274856864
"IFFO1",25900,0.682602079632417,0.543364509144768,0.85751938390654,0.00103602547823854,0.0143487795899982
"TUBB1",81027,0.682935385890222,0.543780903305119,0.857699743529474,0.00103675502657905,0.0143487795899982
"CLSTN3",9746,0.644884002909102,0.496167610473615,0.83817518199363,0.00103901752208528,0.014359312243443
"C9orf37",85026,0.588621622480061,0.428795499239946,0.808020175270493,0.00104260817643079,0.0143801738010658
"RAB5A",5868,2.52998475571622,1.45265771042844,4.40628430097866,0.00104165823025843,0.0143801738010658
"ZWINT",11130,1.57598328508095,1.20072481908452,2.06852001006211,0.00104433754494089,0.0143912422349312
"GSPT1",2935,2.30778667989944,1.39956980244335,3.80536887165143,0.00104775461192668,0.0144175557282889
"PHKA2",5256,0.47076448233841,0.29996441683206,0.738818291088934,0.0010515804230265,0.0144319260292691
"CNNM4",26504,1.67212743213328,1.22937545806565,2.27433379359305,0.00105355514844947,0.0144334320141136
"RTP4",64108,1.46788108567747,1.16671251442356,1.84679160894595,0.00105279593905066,0.0144334320141136
"PPP1R3B",79660,1.65976997175961,1.22560571408819,2.24773459154797,0.00105724820502682,0.0144649402128383
"SP110",3431,1.65350213099901,1.22364263725759,2.23436909925419,0.00106066906175475,0.0144811351314821
"WDR83",84292,0.467195691664639,0.296237819266745,0.736812790649998,0.00106070321112597,0.0144811351314821
"DUSP10",11221,1.51044725685117,1.17991677567464,1.93356935231704,0.00106421267555711,0.0145006259410376
"NUAK2",81788,0.673076704288121,0.531000985560463,0.853166495307331,0.00106525974927364,0.0145006259410376
"RLN1",6013,0.61877846653912,0.464175742742393,0.824874622681431,0.0010659214760861,0.0145006259410376
"SFRS14",10147,0.523456986389339,0.355266175990716,0.771273020392938,0.0010630430411348,0.0145006259410376
"C17orf100",388327,0.6187313706041,0.464073498170552,0.824930771696285,0.00107015915290023,0.0145066861215611
"CHST12",55501,0.556534548250667,0.391768285311257,0.790596674129698,0.00106869369149715,0.0145066861215611
"FBXO22-AS1",692224,1.85889490432396,1.28216355652684,2.69504639071314,0.00106979736176467,0.0145066861215611
"ZNF32",7580,0.493753401026847,0.323518123302707,0.753566503591111,0.00106928754155709,0.0145066861215611
"TIGD6",81789,0.39728542162384,0.228497896577252,0.690753431865709,0.00107194088892204,0.0145102713251323
"ZNF77",58492,0.48902644897323,0.318557201170872,0.750718762333333,0.00107132554806873,0.0145102713251323
"ZNF653",115950,0.586253220799586,0.425673472434036,0.807409578362083,0.00107585041680911,0.0145528931558047
"MBOAT2",129642,1.45957780659338,1.16351378192104,1.8309773434592,0.0010782083596874,0.0145539105827388
"ABCD4",5826,0.527066203799379,0.358940315909804,0.773941435035944,0.0010855936176028,0.0145804225597644
"BAK1",578,1.85080236748207,1.27925558623999,2.67770525321326,0.00108740696210393,0.0145804225597644
"FOSL2",2355,1.64287756525674,1.21961079165571,2.21303936705886,0.0010904706673212,0.0145804225597644
"GABARAP",11337,0.454526146875949,0.28320405390967,0.729488209444174,0.00108812587584347,0.0145804225597644
"GFOD2",81577,0.331402139628853,0.170821134873198,0.642937879040014,0.00108962190051917,0.0145804225597644
"KIAA0895L",653319,0.690689269519098,0.553138575246106,0.862445123840029,0.0010908446009841,0.0145804225597644
"PDCD4-AS1",282997,0.67935364494515,0.538741836540517,0.85666518469009,0.00108505561281134,0.0145804225597644
"POMT2",29954,0.485498323739028,0.314711972001515,0.748966176451245,0.00108758867888548,0.0145804225597644
"ZC3H15",55854,3.57873679913867,1.6650940576245,7.69167184211857,0.00109045775374659,0.0145804225597644
"HNRNPA1P33",728643,1.49658135987118,1.17488344379912,1.90636422577491,0.00109387879621397,0.0146005720413012
"WIPI2",26100,0.319145546966925,0.160743447834225,0.633642500028118,0.00109898393491954,0.0146482687966593
"ATG4D",84971,0.558908731694567,0.394079303048509,0.792680478137105,0.0011019138917805,0.0146661169895863
"LOC730101",730101,0.622046726807696,0.467628627361254,0.827456036033583,0.00111051329884382,0.0147300886733605
"SERTAD2",9792,1.82084380700275,1.27012165311589,2.6103579616698,0.00110981399242844,0.0147300886733605
"ZNF286B",729288,0.617125066808684,0.461697150371935,0.824876973524358,0.0011125998824061,0.0147373254506797
"PGM2L1",283209,1.58720262942563,1.20222508736377,2.09545800810042,0.00111658771100194,0.0147799122133801
"CLCN7",1186,0.464972604223577,0.293354542528871,0.736990539893132,0.00111967732240958,0.0148105588836293
"GABPB1-AS1",100129387,0.616759738797912,0.461173649557354,0.824835885066676,0.00112082832150488,0.014812717889631
"MMAA",166785,2.43355444998847,1.42526400679282,4.1551510687378,0.00112138942354712,0.014812717889631
"GINS1",9837,1.46254689498344,1.163444982414,1.8385428209828,0.00112672788886673,0.0148729636510379
"SH3GLB1",51100,2.659820578949,1.47602221712409,4.79304811954997,0.0011308321096848,0.014906564963433
"IFT88",8100,0.469710050204799,0.298015916566619,0.740321301644557,0.00113301590513223,0.0149112635582532
"PKIG",11142,0.585630848411829,0.42433771218608,0.808232407260475,0.00113295056185926,0.0149112635582532
"TSPAN6",7105,1.74152759174381,1.24694229919366,2.43228444072051,0.0011348486413868,0.0149112635582532
"GPATCH3",63906,0.415518450179965,0.244828381743818,0.705210650865724,0.00113770402707114,0.0149181719462839
"WRAP53",55135,0.513723367255125,0.343949041762956,0.767298832150337,0.00113795225961354,0.0149181719462839
"TYMS",7298,1.57668974121324,1.19847526119451,2.07426103862115,0.00113899103753692,0.0149215627225813
"SERP1",27230,2.02672581869444,1.32413790334346,3.10210706437062,0.00114298384972065,0.0149431661610437
"PHF7",51533,0.538596303622589,0.370934623031053,0.78204071624673,0.00114594281510695,0.0149613981054954
"RAP2B",5912,1.89839743209409,1.29005009668535,2.79362237128723,0.00114580701712671,0.0149613981054954
"PABPC1",26986,1.77794280881728,1.2568011657977,2.51517958245902,0.00114831433624536,0.0149821339081617
"LONRF3",79836,1.43162868524846,1.1531263286597,1.77739475848103,0.00115089802028404,0.0149992440146524
"SNX33",257364,2.44312603454204,1.42569210259917,4.18664367276447,0.00115197832684292,0.0149992440146524
"MOAP1",64112,0.497253984026741,0.326290478584818,0.757795709218624,0.0011533720244307,0.0150071746335279
"DGCR8",54487,0.433560820300938,0.261887403130781,0.717770242680024,0.00115722823964566,0.0150369824918226
"REXO2",25996,1.9691685504798,1.30848309429685,2.96345042370032,0.00115723522915056,0.0150369824918226
"KIF25",3834,0.679045377675042,0.537628920072102,0.857659637952514,0.0011592734771495,0.0150532408672359
"RAPH1",65059,1.64386829606177,1.21784835261152,2.21891581903631,0.00116337655038483,0.0150758152298175
"AIM1",202,1.41451498502816,1.14735981588813,1.74387547407735,0.00116595163834655,0.0150887395038257
"PRRT3",285368,0.676258772511855,0.534036693629147,0.856356750116545,0.00116551262241254,0.0150887395038257
"LRP2BP",55805,0.628076161635726,0.474330591789804,0.831655540762332,0.00116702106736447,0.0150923677859906
"HRH3",11255,0.543559405413589,0.376112701493445,0.785553973690311,0.00117614075236039,0.0151488512931968
"SLC46A1",113235,0.628336099746374,0.474567402797048,0.831928724808195,0.00117484437520931,0.0151488512931968
"SPG7",6687,0.53673403961767,0.368566008090657,0.781633202629587,0.00117612358052562,0.0151488512931968
"DIDO1",11083,0.381695390910341,0.213292029342092,0.683060552668514,0.00117988573526468,0.0151526711360779
"HTATIP2",10553,1.71131953143583,1.23694639936429,2.36761636573652,0.00117920370758693,0.0151526711360779
"ITPRIPL2",162073,2.02891006199162,1.32311025462236,3.11121165093361,0.00118039838933215,0.0151526711360779
"MMADHC",27249,3.24417715233873,1.59329937159351,6.60559188272984,0.00117895839973433,0.0151526711360779
"PRRG4",79056,1.63918327117697,1.21606050983971,2.20952968603559,0.00117847265781309,0.0151526711360779
"TOB1",10140,1.56599311533234,1.19419364710387,2.05354838657501,0.00118168776214579,0.0151590488441064
"FOXD4L1",200350,0.705311069381309,0.571114959335468,0.871039527962356,0.00118622057156378,0.0152069979036866
"FGD4",121512,1.64972934672894,1.21890386638616,2.23283147466567,0.00118750878152417,0.0152133157831298
"LOC90784",90784,0.575452390282436,0.412009425292543,0.80373271375198,0.00118833448570609,0.0152137039545517
"EIF2S1",1965,2.41303934455325,1.41651708020078,4.11061677952844,0.00119054978861413,0.0152310765909612
"PBXIP1",57326,0.568995781517428,0.404543361994994,0.80030036282893,0.00119555182730072,0.0152754307286445
"ABCE1",6059,2.56739663208591,1.451065450645,4.54254180162316,0.00120037945191627,0.0152794850384266
"ACY1",95,1.48067714738932,1.16752629299647,1.87782050644371,0.0012055500835335,0.0152794850384266
"AP2A2",161,0.319359560464033,0.159990533207138,0.637478523355717,0.00120944948754001,0.0152794850384266
"GALT",2592,0.489310180513495,0.317477894327522,0.754145271315017,0.00120195387137031,0.0152794850384266
"SFXN3",81855,1.81881458227924,1.2663405311131,2.61231983296296,0.00120264657929222,0.0152794850384266
"SLC23A2",9962,0.602242662247823,0.443100329637467,0.818541986931253,0.0012001218102089,0.0152794850384266
"SOX4",6659,1.56240564223248,1.19265682108446,2.04678441251879,0.00120077135778427,0.0152794850384266
"TSPYL1",7259,0.470321554294813,0.297864086619535,0.742628515390085,0.00120902858966275,0.0152794850384266
"ZNF416",55659,0.432979683960965,0.260872251288136,0.718632992958202,0.0012032817565729,0.0152794850384266
"MAP1LC3A",84557,0.641658783971662,0.490449914561621,0.839486322300629,0.00121198979993724,0.0152812978928145
"PPPDE1",51029,2.34528775204146,1.39960759505402,3.92994054856025,0.00121041806827674,0.0152812978928145
"NUDT16L1",84309,0.475832926996274,0.303438438377415,0.746171037606728,0.00121401625638672,0.0152967647799136
"C7orf50",84310,0.63480670368014,0.482023868810875,0.836015760031495,0.00121653358703826,0.0153019854521221
"DVL2",1856,0.368945419827351,0.20163657622299,0.675079518613946,0.00121808600430476,0.0153019854521221
"RAB7A",7879,3.57692154512466,1.65230747923326,7.74333342963146,0.0012192307120319,0.0153019854521221
"RNF149",284996,2.61191935394242,1.45978379027377,4.67337886401627,0.00121921740014092,0.0153019854521221
"EPX",8288,0.614786513627471,0.457773279560598,0.825654257716864,0.00122397812515563,0.0153414348622882
"MXD1",4084,1.43552493632731,1.15292699623678,1.78739143895829,0.00122836143176337,0.0153762232364777
"RAB11B",9230,0.546851602659349,0.379244013377388,0.78853367431674,0.00122825552505162,0.0153762232364777
"ATPBD4",89978,2.06113058280197,1.32850194405797,3.19778175588142,0.0012485086773984,0.015536906618477
"FKBP8",23770,0.522438933510625,0.352231774122361,0.774894428328611,0.00124699734081559,0.015536906618477
"ANUBL1",93550,0.506222610988225,0.334762342601037,0.765502266128968,0.00125351804648469,0.0155612574297199
"C9orf156",51531,0.446724352887245,0.273760834820275,0.728967120492387,0.00125860120477736,0.0155612574297199
"NCALD",83988,0.684704269945716,0.54394408777253,0.861889940199055,0.00125650246497099,0.0155612574297199
"P4HTM",54681,0.598879481843505,0.438579489036833,0.817768825808049,0.00125671054753693,0.0155612574297199
"SGOL2",151246,1.62468587408114,1.20977393908057,2.18189870369078,0.00125662974283982,0.0155612574297199
"SREBF1",6720,0.590561977819959,0.428813808208246,0.81332140656546,0.00125823986720291,0.0155612574297199
"ZNF557",79230,0.449483391799119,0.276439573232376,0.730848037207064,0.00126331825594394,0.0156094885539016
"RAB24",53917,0.589509720057211,0.427448484248458,0.813014252823813,0.00127251184598941,0.015712933555997
"LRRC29",26231,0.654616584093471,0.505865144699722,0.847108911653861,0.0012750285288031,0.0157338520454303
"MLLT6",4302,0.477428677603392,0.304465189606794,0.748650913073174,0.00127656926129119,0.0157366360530811
"EML5",161436,0.654565975342454,0.505762087821436,0.847150520754907,0.00127944829384947,0.0157376254125137
"ADSS",159,2.15982204662192,1.35163262664392,3.45125678466105,0.00128220871507893,0.0157513205480505
"FAM19A4",151647,0.691441668512644,0.552298349298897,0.865640068565209,0.00128833861027686,0.0157988599174797
"ITPR3",3710,1.45752557728437,1.15870786240557,1.83340501722992,0.00128938256554535,0.0157988599174797
"JUB",84962,1.4782631413748,1.1651702072016,1.87548729073297,0.00128708719944383,0.0157988599174797
"MYO5C",55930,1.64910872452472,1.21603600644696,2.23641370065152,0.00128917170513329,0.0157988599174797
"VPS35",55737,2.4928092383819,1.42909276830394,4.3482816768691,0.00129208322996883,0.0158218155823392
"PDP1",54704,1.64199156539878,1.21385604955968,2.22113347115479,0.00129411895990184,0.0158264791215106
"COPS2",9318,3.16967968702757,1.5692817047933,6.40220891358604,0.0012987104712586,0.0158410131071321
"KIAA0513",9764,0.569070788194974,0.403633513149271,0.802315842037345,0.00129671333846206,0.0158410131071321
"SLC2A10",81031,1.46976549110745,1.16231491015889,1.85854158797206,0.00129938401666253,0.0158410131071321
"PDCD6IP",10015,2.26501163085583,1.3758852432862,3.72871045237675,0.00130621733864436,0.0158605900545004
"UBA6",55236,2.05408943698199,1.32441448196014,3.18577263582653,0.00130543827587801,0.0158605900545004
"UCP3",7352,0.665588337832578,0.519262871294755,0.853147528830855,0.00130975766597629,0.0158605900545004
"ZCCHC6",79670,2.28454623713859,1.38031651595066,3.7811266106814,0.00131017578742671,0.0158605900545004
"FAM64A",54478,1.42779098942606,1.14890893836011,1.77436787322417,0.00131854838858516,0.0159136459887631
"TIMM44",10469,0.401597884087885,0.230160347420729,0.700732607989367,0.00131779255918799,0.0159136459887631
"NCDN",23154,0.491008159724684,0.31809977937999,0.757903741354767,0.00132029663113355,0.0159226441763502
"PRKAR1B",5575,0.595739768044474,0.434264502903604,0.817257383131,0.00132262472893083,0.0159406699371518
"PLD3",23646,0.58220609793585,0.418467436185707,0.810012706277254,0.00132481800122305,0.0159570490613308
"C10orf78",119392,1.726931452623,1.2370051220284,2.41089724605856,0.0013302178736538,0.0159818324556384
"TMEM80",283232,0.605301083692116,0.445482480444861,0.822455243476628,0.00132922165310617,0.0159818324556384
"APLP2",334,1.81290307401101,1.26059229707313,2.60720104619831,0.00133124451074011,0.0159841266521821
"PTPRK",5796,1.70121674746505,1.22959978965054,2.35372390774245,0.00133774096195183,0.0160315165026018
"TAP1",6890,1.57935840150299,1.19456481937404,2.08810180907985,0.00133746880430969,0.0160315165026018
"WWTR1",25937,1.48936693089466,1.16759085119264,1.89982120241588,0.00133854404008235,0.0160315165026018
"OVCA2",124641,0.442675793898343,0.269010368374946,0.728454667704099,0.00134275146514311,0.0160617931668494
"TCEANC",170082,0.479039285920189,0.305504721879213,0.75114595952351,0.00134214505098473,0.0160617931668494
"DNAJC28",54943,0.643693212923982,0.491717905969091,0.842639544614109,0.00134596673835838,0.0160811817457313
"EIF3J",8669,2.89777773039429,1.51210837423737,5.55324996398104,0.00134605384926626,0.0160811817457313
"NHS",4810,1.42940020515725,1.14885940696632,1.77844646099806,0.00135145355407384,0.0161154938458667
"CCDC62",84660,0.686204765524091,0.545034779087063,0.863939326985143,0.00135296247916088,0.01612055794069
"UBXN6",80700,0.487687458420342,0.31433487391963,0.75664228449976,0.00135356386536039,0.01612055794069
"NDST2",8509,0.457968316285499,0.284035507779839,0.738411124583566,0.00135442803529356,0.0161208120915121
"EFCAB8",388795,0.660157482751691,0.512007793015002,0.851174353161223,0.00136149276631911,0.0161948209834487
"C17orf56",146705,0.6545062520192,0.504952614959867,0.848353729124202,0.00136246559970737,0.0161963204012448
"PPP3R1",5534,3.64816991030944,1.65206806626946,8.05605045350254,0.00136465997551659,0.0162123300321154
"AZI1",22994,0.642767391034189,0.490362633944012,0.842539562311083,0.00137059386087335,0.0162152101463562
"C14orf148",122945,0.698351901501597,0.560531658865876,0.870058578524629,0.001369720039146,0.0162152101463562
"CTNS",1497,0.513052170995398,0.34097425513929,0.771971860619105,0.00136716765196094,0.0162152101463562
"BBS5",129880,0.571107799081513,0.405251372205523,0.804843957459363,0.00137285980285911,0.0162184643030356
"GTF2F1",2962,0.341454636256548,0.176813881134818,0.659401105121336,0.00137365567893123,0.0162184643030356
"ATP13A3",79572,1.84968712579187,1.26904950837986,2.69598817124798,0.0013766111050495,0.0162433316510066
"AKAP8L",26993,0.507620506257931,0.335078271862797,0.769010109014377,0.00137757311740261,0.0162446615391861
"PLA2R1",22925,1.48496647433155,1.16544124960716,1.89209488735014,0.00138179852382412,0.0162844487770696
"ARAP1",116985,0.514550683174101,0.342422225763533,0.773204499107986,0.00138459550698828,0.0162973281613322
"MADD",8567,0.362792565850197,0.194864974572605,0.675434085190768,0.00138678146427594,0.0163130191065226
"JOSD1",9929,2.21864035295176,1.3612022813705,3.61618921971681,0.00138799588836551,0.0163172694264088
"APH1B",83464,0.590451728584989,0.427415586193412,0.815677422749015,0.00139475408675004,0.0163376022210774
"C21orf33",8209,0.418406416494405,0.245211097081146,0.713931512266579,0.0013935631981842,0.0163376022210774
"GPR150",285601,0.688617926784933,0.547788328910913,0.8656530708355,0.00139423183942995,0.0163376022210774
"GPS1",2873,0.477352700532808,0.303319427810404,0.751239715671615,0.00139235085153538,0.0163376022210774
"HNMT",3176,1.80072420631939,1.25539054753272,2.58294733347918,0.0013948504431965,0.0163376022210774
"POMGNT1",55624,0.488237515351019,0.31450833362162,0.757931812652453,0.0013975484196538,0.0163591852036219
"ASGR1",432,0.701302412920256,0.564064861244787,0.871929999827334,0.00140607607790092,0.0164388857836253
"GNA12",2768,0.462230081130395,0.287826257505961,0.742311176725725,0.00140857470063058,0.0164580380567875
"LRRC8A",56262,1.42081014035907,1.14519983771778,1.76275038509449,0.0014119142717399,0.0164869867372216
"MAGT1",84061,2.59113964627647,1.44394859257748,4.64975325369519,0.00141573708210635,0.0164935336092023
"C17orf108",201229,0.635329584222833,0.480826657660626,0.839478581642316,0.00141902689016762,0.0164955437059876
"C2orf49",79074,2.33567927284379,1.38708410631305,3.93299702646931,0.00141954644952453,0.0164955437059876
"CCDC101",112869,0.401523152623672,0.22923649896039,0.703294819210749,0.00141906387997008,0.0164955437059876
"C19orf29",58509,0.501992742814855,0.328697091302067,0.766653312448085,0.00142336498284627,0.0165198434629251
"EIF2C2",27161,1.51670394816852,1.17407227169013,1.95932645873533,0.00143107336759433,0.0165791279842379
"UNC119",9094,0.470460061384777,0.295949109459183,0.747874084712168,0.00143061437074812,0.0165791279842379
"TOPBP1",11073,2.34310637336847,1.38818244339082,3.95491781578044,0.00143256847840532,0.0165864027157739
"PCTP",58488,2.051255471607,1.31875235131175,3.19062863138202,0.00143495872527706,0.0166040263390044
"CLPX",10845,2.44547444906547,1.41099522909231,4.23838802408938,0.00143751851554534,0.0166125022311192
"PTOV1",53635,0.58924726989718,0.42562827094031,0.815764291958823,0.00143791309227678,0.0166125022311192
"HSF2",3298,0.537588298139246,0.366937661585568,0.78760293246393,0.00144595824014148,0.0166909132523754
"SH2D4A",63898,1.4168479709177,1.14335621114914,1.75575918783526,0.0014512059108674,0.0167312932231229
"CASK",8573,1.96222618265965,1.29553311374357,2.97200554047525,0.00146090266280003,0.0167839032621131
"RBM4B",83759,0.470192316279174,0.295423586224193,0.748351941405925,0.00146001932346969,0.0167839032621131
"ZNF146",7705,2.44167409027961,1.40900864762594,4.2311822380848,0.00146103408435292,0.0167839032621131
"CEP164",22897,0.45659298515547,0.281636192585669,0.740235664241794,0.00147234399023967,0.0168834073748886
"CLPTM1",1209,0.420690432698156,0.24670152273535,0.717386898149055,0.00147439736348604,0.0168968234699805
"C22orf43",51233,0.629525478469511,0.473180913583815,0.837528134938328,0.00148712495032056,0.0169210225608456
"DOCK5",80005,1.43029154516828,1.14696217395107,1.78361061126601,0.00148645628500202,0.0169210225608456
"FAM60A",58516,1.6994308898862,1.22546684507413,2.3567062308607,0.00147919121734117,0.0169210225608456
"HIST1H1T",3010,1.59489555892162,1.1959339077603,2.12695018291741,0.00148220166660335,0.0169210225608456
"LRRC37B",114659,0.611582481610466,0.451584647638614,0.828268041813813,0.00148499099767072,0.0169210225608456
"PGM1",5236,1.86842881677719,1.27065091535592,2.74743141579963,0.00148517237412704,0.0169210225608456
"ZNF287",57336,0.67480601816155,0.529439445262238,0.860085447395216,0.00148486116721099,0.0169210225608456
"ZNF30",90075,0.598885891628426,0.436539682232408,0.821607578393359,0.00148318985433695,0.0169210225608456
"FBXO32",114907,1.45536214179383,1.15443766782451,1.83472787037361,0.00149782214053699,0.0170123777209329
"CSDA",8531,1.4971000965749,1.16684044452904,1.92083562896142,0.00150671829114639,0.0170829879992632
"RABEP2",79874,0.612498219038702,0.45248819739675,0.829091389529968,0.00150773517235347,0.0170843901905242
"MTHFD2",10797,1.70400092896646,1.22578009140406,2.36879289056867,0.00151776501459118,0.0171878575690263
"RPL34-DT",285456,0.647081005379684,0.494420694484999,0.846877633144634,0.00152162366475208,0.0172010487924146
"ZC3H10",84872,0.507778307969634,0.333975869430064,0.772028262055313,0.00152272162019152,0.0172032465619629
"FUBP1",8880,2.67392769362641,1.45546536023552,4.91244210002032,0.00152738179655524,0.017245709340444
"STAMBP",10617,2.22892241777602,1.35733397964675,3.66018623195264,0.00153883415634227,0.0173443022441712
"STAU1",6780,3.19528749146782,1.55708905062131,6.55701878390115,0.00153859176451099,0.0173443022441712
"USP11",8237,0.524184451730313,0.351477118052352,0.781755981608119,0.00153865647691995,0.0173443022441712
"RARG",5916,1.57523778371451,1.18907825261095,2.08680469077058,0.00154074199129432,0.0173555783671887
"NUDT14",256281,0.638922957568442,0.484202698770531,0.843081929829279,0.0015428561511043,0.017358946824807
"PLEKHA5",54477,1.73155217257115,1.23269109268321,2.43229868710212,0.00154253391456022,0.017358946824807
"FZD6",8323,1.66998722671194,1.21566881049985,2.29409302376881,0.00154839707147511,0.0174110469054112
"SLC12A1",6557,0.687584835435969,0.545222207412641,0.86711967981836,0.00155336278405169,0.0174310840300961
"HAUS2",55142,3.37194987907119,1.58814592201912,7.15932070808249,0.00155568779519525,0.0174417587682882
"DDX18",8886,2.32018848087058,1.37739416046417,3.90830362236356,0.00155907247422164,0.017459238415947
"PPT2",9374,0.441475248299072,0.265995113824999,0.732721710779072,0.00156134500991231,0.0174642374295864
"RPS10P7",376693,0.559171321394919,0.390045452708196,0.801631103502336,0.00156097897442852,0.0174642374295864
"FLJ10038",55056,0.538985685418337,0.367445836948456,0.790607866178181,0.00156711983399093,0.0175185862447367
"OPA1",4976,2.61829012581629,1.44150274167325,4.75576145973161,0.00157309078744536,0.0175606005189089
"TMEM144",55314,1.49813499627173,1.1660105948231,1.9248611264931,0.00157210749751344,0.0175606005189089
"XAB2",56949,0.514569234200244,0.340796503240034,0.776948983537346,0.00157521556004817,0.0175680163364672
"SLC38A2",54407,1.87395931141874,1.26920630544217,2.76686578517239,0.00158282493136855,0.0176323194305686
"AFAP1L2",84632,1.46806666454371,1.1567917522734,1.86310087991976,0.00158895459071343,0.0176500034309936
"ERAS",3266,0.635478600649863,0.479603254028275,0.842014828907103,0.00159087185209562,0.0176500034309936
"HIC2",23119,0.448885545146847,0.273071379330699,0.737895831982303,0.0015855905263962,0.0176500034309936
"PSPN",5623,0.640198673731484,0.485400956388549,0.844362452222849,0.00158947088361885,0.0176500034309936
"VANGL1",81839,1.43402678846405,1.14652303896776,1.79362538748806,0.00159026130552773,0.0176500034309936
"WIPF2",147179,2.21238909067699,1.35150982998226,3.62162773807632,0.00158930539939438,0.0176500034309936
"RBMXL1",494115,2.26350449745814,1.36288445720227,3.75927143562168,0.00159895505050769,0.0177088669664509
"ZDHHC3",51304,1.73554490900039,1.23239796075747,2.44410996047561,0.00159815556116528,0.0177088669664509
"FAM195B",348262,0.62237977406777,0.463597952291243,0.835544206470745,0.00160174518286937,0.0177288515697528
"MON1A",84315,0.477502826886308,0.301653360922308,0.755864111665378,0.00160843900361366,0.0177727399318998
"CCDC130",81576,0.630827642396845,0.473741975658831,0.840000537969098,0.00161455816867791,0.0178300543258097
"DNAJC30",84277,0.478485636655891,0.302564336005771,0.75669362591904,0.00162055509386948,0.0178653356083237
"TMEM50A",23585,2.24245092642379,1.35694311916009,3.70581941602054,0.00162768485842144,0.0179129621904643
"SLC39A3",29985,0.515115212411731,0.340845480822774,0.778486724886199,0.00164162275518401,0.0180352202403243
"CRIPAK",285464,0.67756307560553,0.531709596800625,0.863425682339471,0.00164787388077395,0.0180577826649728
"SSR3",6747,1.84540144551527,1.26012529446478,2.70251419447641,0.00164470126479766,0.0180577826649728
"TMOD2",29767,0.700879409385394,0.561720413098939,0.874513254361461,0.00164754405139491,0.0180577826649728
"LENG1",79165,0.522140893698681,0.348304248165172,0.78273840847089,0.00165622732554756,0.0181124414269572
"SPRED1",161742,1.86656698587108,1.26521064657972,2.75374881025736,0.00165731785050111,0.0181140105865912
"C1orf203",84852,0.62236262837388,0.463105578713487,0.83638647211391,0.00166245574587976,0.0181303699995675
"CCDC43",124808,2.88384003619898,1.49042850343553,5.57996128979954,0.00166124144922497,0.0181303699995675
"WASH7P",653635,0.661954820850427,0.51174424365742,0.856256206646179,0.00167943047827389,0.0182447643434252
"C17orf70",80233,0.586295361217241,0.420139328767847,0.818162516689301,0.00168737586238154,0.0182858006344316
"MAP2K7",5609,0.478034707838912,0.301583016820218,0.757725631595694,0.00168708804492934,0.0182858006344316
"C20orf186",149954,0.590320665175277,0.424785789077818,0.820362866868748,0.00169364910934632,0.0183226394312597
"ROGDI",79641,0.590485494239241,0.424959131298093,0.82048623791632,0.0016961604849926,0.018339435611336
"G6PC3",92579,0.484255730897767,0.307887140818656,0.761654456512207,0.00169956900550662,0.0183555371927302
"FBXO22",26263,2.52640938688626,1.41612813891621,4.50717997527529,0.00170114287172501,0.0183614109999289
"NECAB3",63941,0.651441445306978,0.498396747905058,0.85148219455173,0.00170867123306136,0.0184162859058203
"SLC25A24",29957,1.66959590857594,1.21196721284828,2.3000213771315,0.0017115010556719,0.0184323652544124
"FAM71F1",84691,0.596929039702112,0.432390153290494,0.824080464663808,0.00171284599519663,0.0184364689646179
"ZNF784",147808,0.570513409898814,0.401677204966538,0.810316211250991,0.00171963090580271,0.0184783035591508
"NPPA",4878,0.691730064506581,0.549348928454415,0.871013771681514,0.00172197663920994,0.0184858584004452
"PI4KA",5297,0.433687869538851,0.257209503122376,0.731252795491229,0.00172323341496282,0.0184858584004452
"SEZ6L2",26470,0.667317067914565,0.518182171595454,0.859373582381271,0.00172262637585013,0.0184858584004452
"MRPL38",64978,0.531730797837878,0.358186404885852,0.789358941357391,0.00172804506656255,0.0185167047552616
"SUOX",6821,0.560884608754715,0.390656175839807,0.805290083182843,0.00172763613251007,0.0185167047552616
"LIN9",286826,1.66770625896479,1.21102310552952,2.29660702053593,0.00173189356294954,0.0185416376153762
"SMPD1",6609,0.601171368828197,0.437247576260519,0.826550069847468,0.00173231068221244,0.0185416376153762
"SEC16A",9919,0.371545038553797,0.199966214573504,0.690345196404161,0.0017343912240932,0.0185535240174668
"ALKBH5",54890,0.441839973502161,0.264965368418116,0.736785200835488,0.00174350567080027,0.0185812518244793
"FAM156A",29057,0.632976277237162,0.475378451179679,0.842821054574009,0.00174498283009977,0.0185812518244793
"POLR3F",10621,0.419826711721272,0.243817820606326,0.722894115927978,0.00174618234492438,0.0185812518244793
"POLR3GL",84265,0.387370886285876,0.213923933521399,0.701446542571613,0.00174504935607102,0.0185812518244793
"SLAIN2",57606,2.74245974148537,1.45844818309012,5.15690959807193,0.00174072247340318,0.0185812518244793
"TOP1",7150,2.12548929832457,1.32589313416816,3.4072917649782,0.00173899851039099,0.0185812518244793
"RASAL2",9462,1.80725567500001,1.24754207097702,2.61808651652271,0.00175063073989205,0.0186023967566196
"STXBP1",6812,0.690142058316543,0.547104503969988,0.870576018294893,0.00175058563765116,0.0186023967566196
"BLZF1",8548,1.844337306169,1.2569869714329,2.7061379125108,0.00175298176790735,0.0186080799607668
"LMBR1L",55716,0.520036803225302,0.345254056081683,0.783302243507339,0.0017564200482723,0.0186284842473587
"SLC35A3",23443,1.55303850729378,1.17871623549272,2.04623346358599,0.00175698152257203,0.0186284842473587
"INPP5E",56623,0.556312670405586,0.385262127982025,0.803307059728003,0.00175798502756679,0.0186287975746648
"CARKD",55739,0.44011978851855,0.26316724690547,0.736054469252368,0.00176044069281864,0.0186346253108883
"VRK2",7444,1.90049072179978,1.2709475202511,2.84186791830197,0.00176048350168742,0.0186346253108883
"MAN1B1-DT",100289341,0.666602613852679,0.516991359192204,0.859509616349356,0.00176358487047221,0.0186571282176559
"SLC20A1",6574,1.43555867133634,1.14447260882225,1.80067979168999,0.00176538932317731,0.0186658936342799
"PTTG3P",26255,1.6440260239337,1.20386207968806,2.24512559451295,0.001766432744826,0.0186666072432525
"BAG3",9531,1.44950581402079,1.1484807500286,1.82943171213601,0.00177449255369452,0.018731081166951
"C3orf42",84657,0.600175260143963,0.435722704236592,0.826696289604601,0.00177892987208984,0.0187572170140366
"GRIK1",2897,0.633258949936087,0.475483012421627,0.843388485388327,0.00177811615856637,0.0187572170140366
"HABP4",22927,0.600379455933981,0.435949337054421,0.826828854800131,0.00178091090265809,0.0187621717610849
"TFPI",7035,1.42861513822761,1.14218688777072,1.78687151378224,0.00178136163110421,0.0187621717610849
"HNRNPK",3190,5.20441538692122,1.84865952517989,14.6516647066131,0.00178709727448041,0.0188122232080279
"ZMYND17",118490,0.548492710220433,0.376237451166088,0.799612723912885,0.00179192356664062,0.018842288102878
"TCTE3",6991,0.690710127184435,0.547535570267031,0.871323263185382,0.00179529253547196,0.0188673408384462
"GPR45",11250,0.57916316256545,0.411017336661808,0.816096886805561,0.00180002191318912,0.0188859128543984
"PRKRIP1",79706,0.501242279582515,0.324866855139673,0.773374749889632,0.00179980120942282,0.0188859128543984
"GDI1",2664,0.464605195158085,0.287072744404016,0.751927835629324,0.00180452411728232,0.0189227701706463
"CUTA",51596,0.540280601291265,0.366929346383095,0.795529523623569,0.00181652165511724,0.0190068980839319
"ENDOD1",23052,1.69125043195166,1.21560520170336,2.35300739053163,0.00181608741372998,0.0190068980839319
"WHSC1L1",54904,1.85997504733329,1.25897991871499,2.74786525605072,0.001829607416053,0.0191124527836405
"PARD6A",50855,0.673784701187943,0.525610383500033,0.863730698263302,0.00183268599209192,0.0191237233882936
"QTRT1",81890,0.594706920882389,0.428892081628396,0.824627772101996,0.00183206968323791,0.0191237233882936
"ETV6",2120,1.9629968390168,1.28420467626224,3.00057822652181,0.00183731864821947,0.0191511682749285
"PHF10",55274,0.433288063946925,0.25601703973598,0.733304886864099,0.0018366518220372,0.0191511682749285
"MAFF",23764,1.47656163255313,1.15539312027597,1.88700643656871,0.00184463178033657,0.0191926143687934
"SSFA2",6744,1.52381000742331,1.16896801732291,1.9863648143609,0.00184413983218942,0.0191926143687934
"ATL2",64225,1.92651504521096,1.27494634596976,2.91107169423756,0.00185043917006479,0.0192250679010479
"CYB561D2",11068,0.550239179361041,0.377706184007405,0.80158379005512,0.00185759258548582,0.0192784445917457
"C17orf62",79415,0.439131422687267,0.261473817255132,0.737497958364162,0.00186428312049726,0.0193269069082662
"APOBEC4",403314,0.696255846931365,0.554237652185455,0.874664870700451,0.00186762301536311,0.0193405660069573
"HOXC4",3221,1.46023820338579,1.15022758078567,1.85380323533094,0.00187427651704799,0.0193989647952256
"RFC4",5984,1.86349457731078,1.25868687791991,2.7589165348299,0.00187619650601502,0.0194083345432933
"BCL6",604,1.72171126853946,1.22234297874715,2.42508832934437,0.0018790807776316,0.0194171680355266
"PDXP",57026,0.627187567530303,0.467376892283006,0.841642476039206,0.0018781867237175,0.0194171680355266
"XRN1",54464,1.88576256943524,1.26412522098803,2.81309193839482,0.00188011219276131,0.0194173358050462
"PGM2",55276,1.99531256453943,1.29071976823412,3.0845364952114,0.00188215355363872,0.0194174493098424
"TSPYL4",23270,0.679309780561973,0.532325144452851,0.86687954303092,0.00188165225057161,0.0194174493098424
"RNASEH2C",84153,0.596137362660834,0.430184034375093,0.826110982190348,0.00188654362877606,0.0194522479717518
"PAN2",9924,0.576775740954884,0.407589295108109,0.816189873843027,0.00189288573185061,0.019496621105604
"CTDSPL2",51496,2.17815939292568,1.33280496921335,3.55969436682891,0.00189449970740377,0.0195027426821915
"CCNG2",901,1.74544496056161,1.2281041155091,2.48071647336432,0.00189925416446054,0.0195306636578692
"ACOT4",122970,1.61494320125106,1.19333450497542,2.18550752734728,0.00190283554235631,0.0195414590361032
"ZNF607",84775,0.580720057943427,0.412070810995005,0.818392802158231,0.0019033462827372,0.0195414590361032
"PEX16",9409,0.534110562317856,0.359485312329748,0.793562582378391,0.00190547423141056,0.0195525781245653
"CYFIP1",23191,2.14371811785294,1.32453634225515,3.46953663875061,0.00190866158334725,0.0195538136607836
"DPY19L1",23333,1.6623637434106,1.20605920178775,2.29130809773668,0.00190693518966139,0.0195538136607836
"PICK1",9463,0.550504291693191,0.377602180001799,0.802577398179157,0.00191343516439616,0.0195712697269547
"DYNC1I2",1781,2.3744548416864,1.37504430351633,4.10025755591301,0.00191805475652507,0.019597560538491
"SLC35E2B",728661,0.515780638610616,0.339495564110795,0.78360277802851,0.00191721537447571,0.019597560538491
"GPR39",2863,1.44443020419391,1.14497776194003,1.82220011963598,0.00192158568070621,0.0196173771201893
"SQRDL",58472,1.87323772266485,1.25996729219907,2.78500845802924,0.00192204552325168,0.0196173771201893
"BCL10",8915,1.56145116265828,1.1782555948943,2.06927066073947,0.00192385000339601,0.0196253221413096
"CDK9",1025,0.395339978226917,0.219917588653808,0.710692124905455,0.00192702775666105,0.019636792702001
"TMC3",342125,0.638443211811292,0.480777581754937,0.847813521628982,0.00192983886369281,0.0196549669573228
"HAGH",3029,0.488063264814258,0.310084771076569,0.768195579660803,0.00193889224049143,0.0197261658956806
"THOP1",7064,0.597344193734893,0.431214783209825,0.827476468067108,0.00194235008703968,0.0197508400397703
"KIAA1217",56243,1.56831560653793,1.1798146544819,2.08474596612848,0.00194465915365959,0.0197638127694192
"HIGD2A",192286,0.4769074913519,0.298544136588396,0.76183293333654,0.00194686075624893,0.0197719326037236
"GAS8",2622,0.506532887768964,0.329393071150918,0.778934315451981,0.0019496066299964,0.0197747470741704
"PMM1",5372,0.643483632036824,0.486793600296625,0.850609343358234,0.00195893053864918,0.0198295968498737
"PRMT3",10196,2.03952711368338,1.29896549154011,3.20229511448973,0.00195942584023952,0.0198295968498737
"TRIP10",9322,1.44708513297535,1.14515275188252,1.82862537651493,0.00196710249563663,0.0198862417727494
"TOR2A",27433,0.530005314892431,0.354534309945172,0.792322846997985,0.00197018650050178,0.0199068976202312
"KIAA1522",57648,1.52809932998669,1.16814023664203,1.99897879471928,0.00197506309151896,0.0199351091036851
"PHPT1",29085,0.550140065274776,0.376739663831774,0.803350749804988,0.00197839489336855,0.0199582062897997
"HDGFL2",84717,0.530760136185625,0.355264497934347,0.792948138082299,0.00198390341937995,0.0199926874091045
"NCRNA00094",266655,0.534562548489162,0.359242479264071,0.79544356456012,0.00201152058735889,0.0202071188416037
"EZH1",2145,0.535825540145624,0.360607888037386,0.796180613338618,0.00201489423238865,0.0202197701903975
"MTMR2",8898,2.54075692059049,1.40571748450303,4.59227817872004,0.00201782476242626,0.0202323911974884
"ACTR2",10097,2.01014432840158,1.29040921174161,3.1313169374787,0.00201948759720216,0.0202340174288558
"C9orf91",203197,0.507356953457967,0.329713827943205,0.780710593267838,0.00203057878164363,0.0202919960065296
"COPB2",9276,2.06058416913189,1.30184007326305,3.26154280028759,0.00203004299068824,0.0202919960065296
"LEPREL2",10536,0.674498358881407,0.525205221990996,0.866229079766292,0.00203550337584864,0.0203199755061884
"MDC1",9656,0.446912366136201,0.267910229040423,0.74551338976804,0.00203667624993988,0.0203210780556078
"MTDH",92140,1.91988381331581,1.26824193339791,2.90634914330309,0.00204756447866581,0.0203480903255186
"NCKAP1",10787,2.18603712002201,1.3297012573911,3.59385859308739,0.00204650437674237,0.0203480903255186
"NSMCE2",286053,1.98028777219425,1.28259936156707,3.05749385054329,0.00204895812029847,0.0203480903255186
"PKN2",5586,1.98201106519304,1.28306425817742,3.06170781199052,0.0020467364437799,0.0203480903255186
"RMND5B",64777,0.440323919779418,0.261433185769662,0.741624112329548,0.00204418855073135,0.0203480903255186
"RNF169",254225,1.72102215083245,1.21877264011976,2.43024592623355,0.00204452437470556,0.0203480903255186
"NAA15",80155,2.4276406995089,1.38117349177146,4.26697978278837,0.00205461818818917,0.0203831338617709
"SMURF1",57154,1.68783182082552,1.20997003151625,2.35441885434245,0.00205424529013631,0.0203831338617709
"FAM164C",79696,0.636547400017412,0.477596566668063,0.848399299215529,0.00205920050773001,0.0204074238918922
"MED21",9412,2.44426659667631,1.38444562515035,4.31540183817529,0.00205906980886448,0.0204074238918922
"C9orf142",286257,0.64176700081663,0.484003050731924,0.850955139051991,0.002061897833666,0.0204130020002741
"CCDC50",152137,2.2174644674962,1.33617515158186,3.68001804163693,0.0020609470528928,0.0204130020002741
"CTBP1",1487,0.5492308338386,0.375093998079637,0.804210438939092,0.00207095322440782,0.0204708642497408
"HIST1H2AC",8334,1.42844448842898,1.13844889383111,1.79231028075102,0.00207048893550552,0.0204708642497408
"CMTM6",54918,1.75171912265477,1.22593760938992,2.5029984080523,0.00207928013756507,0.0205213576838014
"RAVER1",125950,0.54825768229435,0.373953997361398,0.803806051855834,0.00207890841910022,0.0205213576838014
"TJP2",9414,1.69259733874364,1.21062976246294,2.36644252433845,0.00208502048540284,0.0205356265830588
"ANKRD28",23243,2.28443985651492,1.34963922030693,3.86671147334257,0.0020937182092664,0.0205776455258532
"C20orf152",140894,0.650867554255659,0.49508514447577,0.855668116706087,0.00209325786472667,0.0205776455258532
"SRFBP1",153443,2.03948733666352,1.29515269402009,3.21159706929995,0.002095741803961,0.0205776455258532
"TMTC2",160335,1.52492422119823,1.16549086934945,1.99520557522259,0.00209378485788751,0.0205776455258532
"FLJ39653",202020,0.568553875946931,0.396755330254676,0.814742702125219,0.00209719919079534,0.020581389903716
"NAPB",63908,0.57571516959071,0.404929300871131,0.818532903852131,0.00210332749678452,0.0206104018006218
"ZNF235",9310,0.561874814835566,0.389052748759909,0.811466590463104,0.0021124713128508,0.0206782184242053
"POLRMT",5442,0.556556008979695,0.382980873311789,0.808799114307808,0.00212146765877903,0.0207344465556804
"HDAC10",83933,0.653688334801713,0.498377363386568,0.857399373342713,0.00212950795628338,0.020789807495454
"YEATS2",55689,2.48864000226215,1.39090838496672,4.45272249976947,0.00212942938046915,0.020789807495454
"NUDT18",79873,0.548763386963867,0.374150764648602,0.804866068240923,0.00213470945491336,0.0208213094054705
"CTTN",2017,1.92852037669422,1.26803420805962,2.93303667967762,0.00214047328388064,0.0208562570049847
"SLC25A42",284439,0.609700115034163,0.444532272824469,0.836236766142415,0.00214474367167522,0.0208872261752199
"C1orf107",27042,1.92221288436895,1.26621291943209,2.91807350575066,0.00215383623067621,0.0209012813719654
"CXorf42",158801,0.579799842543713,0.40931672915131,0.821290295441223,0.00215364306225478,0.0209012813719654
"PGK1",5230,1.65288553411493,1.19908989291609,2.2784201626805,0.00214999012552902,0.0209012813719654
"RAN",5901,2.18602615391983,1.32650868747462,3.60247195570136,0.00215084077153051,0.0209012813719654
"SOX12",6666,0.646676472553113,0.489503679902387,0.854315253027574,0.00215318213985055,0.0209012813719654
"LRRC58",116064,1.82845169870336,1.24347488040892,2.68862336277494,0.00215718868282594,0.0209125939870308
"SH2B1",25970,0.546186927274789,0.371133926086627,0.803807301238864,0.00215674896349241,0.0209125939870308
"MYD88",4615,1.82473596679938,1.24245399391054,2.67990715539607,0.0021621934455182,0.0209504934308139
"GPD2",2820,1.98780474099137,1.28136659317092,3.08371367676252,0.00216507868793211,0.0209678278805455
"CCM2",83605,0.530136145538961,0.353355154819054,0.795359368539067,0.00216798520150363,0.0209853506827732
"NLK",51701,0.443813727368491,0.264040434420084,0.745986594944532,0.00216949799562003,0.0209893718574731
"KIAA0913",23053,0.409205592396524,0.231119611599594,0.724513232302803,0.00217261218687398,0.0209982217872962
"SMS",6611,2.12017237086079,1.31132426451131,3.42793236105996,0.00217218562900863,0.0209982217872962
"USP3",9960,2.02369810427679,1.28944303310325,3.17606432553855,0.002173706234059,0.0209982217872962
"ADAM17",6868,1.76457507951063,1.22689912782428,2.53788199911078,0.00219275915778771,0.0211206683728493
"CAPN10",11132,0.656405508911672,0.501388984161677,0.859349139570755,0.00219300713067804,0.0211206683728493
"SLC1A4",6509,0.613256471827584,0.448491382574783,0.83855234425983,0.00219190966120246,0.0211206683728493
"TCF7L2",6934,1.53348718703386,1.16645137446235,2.01601455858453,0.00219126230938537,0.0211206683728493
"ZNF770",54989,1.98757636919378,1.28071122306638,3.08458281010379,0.00218895578232232,0.0211206683728493
"ANTXR2",118429,1.46747465778322,1.14802297012266,1.87581775563766,0.00219850656277961,0.0211312241832682
"GRIPAP1",56850,0.434913414655572,0.255246616718796,0.741046759713781,0.00219737807995646,0.0211312241832682
"SPATA2L",124044,0.651432265584549,0.495098748121988,0.857130013465635,0.00220553347129446,0.0211560876155713
"ATF7",11016,2.22493642212298,1.33323058810006,3.71304268494467,0.00220844896781083,0.021162998405825
"RNF25",64320,0.386376986234001,0.210157439522119,0.710358747378805,0.00220846681748454,0.021162998405825
"AMZ2",51321,0.431528517678472,0.25191593225836,0.739202399389328,0.00221079775889613,0.0211641284956989
"C1orf112",55732,1.76913967099332,1.2276567213427,2.54945468148392,0.00221205704251905,0.0211655903212916
"AP3D1",8943,0.364595248107675,0.191016590843451,0.695906540660862,0.00221941855570709,0.0212119000222365
"ZC3HC1",51530,0.414696588851774,0.235930818668797,0.728913932379117,0.00222242571128125,0.0212121905510099
"NGFRAP1",27018,0.599995106418371,0.432477153361659,0.832400335896929,0.00222703597063068,0.0212134048855842
"PDZD8",118987,1.55305254619065,1.1713052744219,2.05921740804905,0.00222432165405568,0.0212134048855842
"PRMT7",54496,0.437111822727394,0.257146274564142,0.743027469061798,0.00223385658974108,0.021244268835677
"TFPT",29844,0.596087131985906,0.427816714940642,0.830542277826807,0.00223471892598851,0.021244268835677
"ZNF639",51193,3.16959182846086,1.51263749114236,6.64158624777888,0.00223957486625839,0.0212798551748257
"SMPD2",6610,0.523193113926998,0.345338451969926,0.792645686859299,0.00224072076483796,0.0212801718317059
"LONP1",9361,0.48909620561345,0.309110879355722,0.773881200312551,0.00225152462461504,0.0213615632415734
"LMO4",8543,1.45690729178275,1.1443605358292,1.85481654635331,0.00225449096881354,0.0213791020131366
"PLD6",201164,0.661159044902554,0.506950838154405,0.86227549055421,0.00226169841031977,0.021436821354899
"C20orf12",55184,0.611656676156361,0.446102694997447,0.838649695870562,0.00226821114006746,0.0214560210069586
"CIC",23152,0.425105063584039,0.245460300358303,0.736226244411002,0.00226731961836424,0.0214560210069586
"ATAD1",84896,2.47356434105419,1.3827650962628,4.4248445132665,0.00227199106765961,0.0214677420255532
"CERK",64781,0.607133048994133,0.440669881230657,0.836477723758873,0.00227281735775319,0.0214677420255532
"KLHDC3",116138,0.427654695207526,0.24785738400352,0.737878111109427,0.00227157662313006,0.0214677420255532
"PTTG1IP",754,1.87061193687239,1.25111430455169,2.79685797343939,0.00227606594682702,0.0214850037364333
"KDM4B",23030,0.489725046099684,0.309554905782053,0.774759554113459,0.00228544399194334,0.0215414385668379
"TFRC",7037,1.5520895564641,1.17001631069831,2.05893026384148,0.00229592609494217,0.0216219489994874
"TNKS1BP1",85456,1.74473060765497,1.21983234817511,2.49549448155076,0.00230203953397115,0.0216688534282806
"ZNF207",7756,3.02230462106042,1.48393088538723,6.15549235643788,0.00230758394600327,0.0216996844322539
"C1orf213",148898,0.682633839871915,0.533893838577716,0.872812019295188,0.00232794723978899,0.0218374923273389
"UNC119B",84747,0.600924559474653,0.432943450507147,0.83408197018988,0.00233054996330937,0.0218511907589306
"GDF11",10220,0.670055149987916,0.517736855889247,0.867185518894897,0.00234255999983427,0.0218698894734207
"HSD11B1L",374875,0.666499933673712,0.513218301019317,0.865561810061684,0.00234430630091931,0.0218698894734207
"LACTB2",51110,1.57932186789231,1.17660164130176,2.119882783474,0.00234387303227457,0.0218698894734207
"NAPA",8775,0.468823744329044,0.287806539908663,0.763692525251365,0.00234340971027269,0.0218698894734207
"REXO1",57455,0.56020652176339,0.385729034715176,0.813605714845838,0.00233933668043262,0.0218698894734207
"RNF7",9616,2.57882237089227,1.40123906169898,4.74603156762631,0.00233491472405881,0.0218698894734207
"SSR4",6748,0.639146742729808,0.47908814044599,0.852679338632422,0.00233751398387301,0.0218698894734207
"CCDC94",55702,0.540897842528297,0.364059336001751,0.803634042914255,0.00234859095066765,0.0218702527329212
"LOC100129534",100129534,0.669998430783296,0.517642898007962,0.867196090160934,0.00234644850553094,0.0218702527329212
"ZNF441",126068,0.636193878451734,0.475391442602204,0.851388171322509,0.00234835774369687,0.0218702527329212
"NUDT21",11051,2.36821855559698,1.35887891856831,4.12726921467206,0.0023501828696667,0.0218744271280365
"NTN4",59277,1.42074722874143,1.13292982176731,1.78168378057846,0.00236151120826539,0.0219275418190181
"PHF6",84295,2.14215380851484,1.31093195204546,3.50042802158773,0.00236162158975152,0.0219275418190181
"ERLIN1",10613,1.83971939723533,1.24183178936887,2.72546369769132,0.0023653406262069,0.0219514168643665
"MBOAT1",154141,1.47520676077865,1.14810252561779,1.89550579193788,0.00236765539462238,0.0219622428384783
"GGA2",23062,0.489493637100888,0.308749909551533,0.776045638718685,0.00237922491636387,0.0220588632938884
"ZNF785",146540,0.508657584513427,0.328878163545303,0.786712427161173,0.00238040884548555,0.022059147280815
"DDX28",55794,0.425230715532179,0.244866317971108,0.73844848458637,0.00239187351992478,0.0221332195527825
"IFIH1",64135,1.50008591172277,1.15464685966196,1.94887096753368,0.00239121687692436,0.0221332195527825
"NUP107",57122,2.0723382387888,1.29476072235191,3.31689531649155,0.00239411341416561,0.0221416000208796
"ZNF629",23361,0.404010443859692,0.225068088763354,0.725222485535594,0.00239509439238772,0.0221416000208796
"C18orf18",147525,0.635786560155861,0.474596970199971,0.851721724865843,0.00239914564118715,0.0221462554318811
"PPIL2",23759,0.40404249634825,0.225081966925018,0.725292839251354,0.00239793584508939,0.0221462554318811
"ST3GAL3",6487,0.597273978572216,0.428213171453973,0.833080879479271,0.00240022938831439,0.0221462554318811
"NXF5",55998,0.484938964125378,0.303869140218571,0.773904841925843,0.00240789073318902,0.0221955306282922
"CATSPER3",347732,0.70325887638065,0.560222051918669,0.882816100355819,0.00241124556464042,0.0222021449111079
"F11R",50848,1.5569360914559,1.16970798309859,2.07235483377365,0.00241068888824353,0.0222021449111079
"QDPR",5860,0.652831602060508,0.495642919965474,0.859871257070668,0.00241209061145408,0.0222021449111079
"CENPBD1",92806,0.531869766429276,0.353722231801758,0.799738956187729,0.0024151500854426,0.0222083274393817
"ERBB3",2065,1.44500001005384,1.13916469085944,1.83294395078229,0.00241492029570648,0.0222083274393817
"TOLLIP",54472,0.499449923920981,0.318929344524808,0.782148870234392,0.00241624559007442,0.0222083274393817
"RCC2",55920,1.83992475110577,1.24070921401831,2.72853868697205,0.00242317916280019,0.0222293275044985
"ADORA2A",135,0.703311977095586,0.560210492646092,0.882967640948116,0.00242674024796524,0.0222377306185865
"LSM12",124801,2.58079729040912,1.39820771286328,4.76360886362408,0.00243065103311391,0.0222445274212295
"CKS1B",1163,1.49073528163713,1.15156418660174,1.92980270294418,0.00243413010570656,0.022261551914402
"DCLRE1B",64858,1.88723719980235,1.25160791014247,2.84567093213113,0.00243716681699994,0.022261551914402
"FBRS",64319,0.465418826084626,0.283837040964539,0.763165663430989,0.00243627801790538,0.022261551914402
"CCNE2",9134,1.48882526604558,1.15088644213484,1.92599425248593,0.0024470311014791,0.022277184139929
"ENO1",2023,1.63202192315563,1.18890196892304,2.24029871871885,0.00244153528257621,0.022277184139929
"PSMB8",5696,1.7859611648237,1.22734712554948,2.59882246502221,0.00244260001612302,0.022277184139929
"TSC22D2",9819,1.88215931676893,1.25022990542332,2.83349780575005,0.00244612422951018,0.022277184139929
"TSPAN14",81619,2.05581952612527,1.28980996093115,3.27675708206408,0.00244602761878095,0.022277184139929
"PITPNB",23760,2.69330884256745,1.41861130960859,5.11338974412479,0.00245356241311143,0.0223154009869625
"PLAC8L1",153770,0.689000825674633,0.541377292897925,0.876878554028739,0.00246238710485245,0.0223850181342742
"NXT2",55916,1.63993056695723,1.19039784579545,2.25922138043148,0.00247619665244583,0.0224785065834511
"ATG12",9140,2.7974607738145,1.43652898122662,5.44770546456259,0.00248473334056357,0.0225092175504481
"C19orf23",148046,0.665915619429956,0.511696695883171,0.866614179392763,0.00248546387131,0.0225092175504481
"RTN4IP1",84816,0.527309253861061,0.348287486950455,0.798349236264877,0.00249290798447011,0.0225552748434057
"RMND5A",64795,1.95207846367548,1.26526266030902,3.01171483825732,0.00249917218298182,0.0226012606826918
"MTBP",27085,1.48805948503214,1.14992106559531,1.92562872117469,0.00251037800057228,0.0226918714635851
"UNKL",64718,0.557593316602273,0.381751009445094,0.81443217968554,0.00251228912886713,0.0226984195407849
"GNPNAT1",64841,1.557894577426,1.1685342231379,2.07699138486159,0.00251575478747378,0.0227189999150194
"PCNT",5116,0.53332051691438,0.354693830152337,0.801905050447768,0.00252085529652025,0.0227543177237107
"SESN1",27244,0.670872584982887,0.51776382603909,0.869257376909993,0.00252744412148414,0.0228030300526543
"PPP1CB",5500,2.20451158182397,1.31946969365056,3.68320040830211,0.00253965006047202,0.0229023511111025
"RALGPS1",9649,0.686649530643115,0.537921602002964,0.876498687126181,0.00254159564361396,0.0229090951344977
"FANCI",55215,1.52244418578503,1.15862451795316,2.00050686215872,0.00255557247652797,0.0230133873627828
"PSMA1",5682,2.37579747581601,1.35400368326617,4.1686841150078,0.00255797302569377,0.0230175524517065
"PTP4A2",8073,2.06797424864349,1.28976233095381,3.31574073022432,0.00255844181065134,0.0230175524517065
"C12orf48",55010,1.53076495305636,1.16064664807732,2.01891018716795,0.00257081992011867,0.0230677300409719
"SYTL4",94121,1.67243493564531,1.19712972863832,2.33645405928433,0.00257246134665097,0.0230677300409719
"TUBG2",27175,0.614275407947383,0.447486478009367,0.843230567519016,0.00257057727869206,0.0230677300409719
"MLF1IP",79682,1.4454325309081,1.1375282983608,1.83667975945573,0.00257610362313091,0.023087422618185
"SELO",83642,0.663709476323269,0.508414763394243,0.866438783209999,0.00257707153708501,0.023087422618185
"CDKN2AIPNL",91368,0.508693527682173,0.327713109498469,0.78962085313509,0.00258832733960705,0.0231557235849692
"CCDC57",284001,0.65301328143171,0.49489503917625,0.861650071166593,0.00259003834478529,0.0231601979526453
"LOC100133985",100133985,0.674335245989787,0.521765770347891,0.87151754642876,0.00260612776850161,0.0232931802935188
"CROCC",9696,0.693843257603442,0.546882972761266,0.880295218721159,0.00261352459491423,0.0233483815632529
"DCTN3",11258,0.522010031528599,0.341813122136001,0.797203077850443,0.00262043800293332,0.0233882956986028
"MAGED1",9500,0.53255560796742,0.353291866968638,0.802779520545049,0.00262027955797469,0.0233882956986028
"ANKRD39",51239,0.473973379508097,0.291308040357113,0.771179416149753,0.00264553651219335,0.0235792995660402
"NPLOC4",55666,0.421500171499289,0.239980849589969,0.740319049947041,0.00264525242703758,0.0235792995660402
"BAIAP2-DT",440465,0.528823639441247,0.34903969727207,0.801210990662478,0.0026514344860115,0.0235988773447845
"AZIN1",51582,1.98908445243525,1.2702070862975,3.11481253852254,0.00265403416418976,0.023600051817042
"SRPK1",6732,1.61107445535791,1.18035643767416,2.19896365018455,0.00265863344959077,0.0236189883838006
"PRPF8",10594,0.497165077997424,0.31513956368822,0.784329050555908,0.0026617761055976,0.0236359292348029
"DMPK",1760,0.653483106822245,0.495069952475053,0.862585516990295,0.00266830904206302,0.0236693226127401
"SLMAP",7871,1.62476452476622,1.1836015704624,2.2303618268329,0.00267497158296193,0.0236980923887507
"SNRNP70",6625,0.632492206143347,0.469032429935609,0.852918402437542,0.00267479879649891,0.0236980923887507
"RHBDD3",25807,0.666828194370669,0.511762274680029,0.868879678725171,0.00269292153737737,0.023824010289277
"KIF13B",23303,1.5859960594975,1.17344466143035,2.14358936847991,0.00269529863385108,0.0238340161672074
"XRCC2",7516,1.41557773671664,1.12806597652915,1.77636802313046,0.00269737044331901,0.0238413144497979
"ARPC3",10094,2.40389121379386,1.35525905918404,4.263902852075,0.00270329401624663,0.0238703948355145
"NIPA2",81614,2.50838555677421,1.37535967829893,4.57480192324347,0.00270440453853505,0.0238703948355145
"SEPTIN10",151011,1.84586129994441,1.23670004053726,2.75507708170874,0.00270303324667753,0.0238703948355145
"ARCN1",372,3.01209887949883,1.4644805738205,6.1951929046142,0.00272795928651305,0.0240007715147815
"RABAC1",10567,0.618362556328,0.451559339150879,0.846781846628438,0.00272779394729239,0.0240007715147815
"SNHG11",128439,0.569428043668601,0.393987421306517,0.82299149511169,0.00272978403943085,0.024005783596411
"ACAP3",116983,0.7013999621929,0.556166640943999,0.884558459186225,0.00273348472130758,0.0240272804524127
"DCAKD",79877,0.490788959213327,0.307991248767101,0.782080021591285,0.00275435125819072,0.0240804453368065
"FAM200B",285550,0.52246365485287,0.341597104693873,0.799094216231263,0.0027494783610349,0.0240804453368065
"WDR5CP",401127,0.649265279046996,0.489378745356848,0.861388866140045,0.00274969765235613,0.0240804453368065
"TAF1D",79101,1.81412147194042,1.22837187686947,2.6791859834357,0.00275435067524904,0.0240804453368065
"TRPC7",57113,0.394211910034836,0.214368264954464,0.724934868723804,0.00274546037569981,0.0240804453368065
"UBTF",7343,0.343943267255489,0.171054136706846,0.691576207204619,0.00274663734352702,0.0240804453368065
"ZCWPW1",55063,0.685789083466421,0.53577211851281,0.87781101470376,0.00274736494774045,0.0240804453368065
"ZNF233",353355,0.636916844107757,0.474049500080304,0.855739888428245,0.0027546407903452,0.0240804453368065
"REPS2",9185,1.44873523669956,1.1365164014856,1.84672547031562,0.00275986820757828,0.0241151206972817
"FAM129B",64855,1.65139206002268,1.18902962708313,2.29354733792121,0.002762206586918,0.0241171977309917
"GLTSCR1",29998,0.561535419512412,0.384798406996338,0.819447330430299,0.00276641040528028,0.0241171977309917
"GTF2B",2959,2.50829500226321,1.37345030684001,4.58083105522324,0.00276590213255529,0.0241171977309917
"TMEM39A",55254,1.90380990368837,1.24880703986363,2.90236364280723,0.00276500367435149,0.0241171977309917
"PCYOX1L",78991,0.581360336280311,0.407528865336429,0.829339635416849,0.00276851830114395,0.0241245783808567
"FAM120A",23196,2.20966299290265,1.31423331518505,3.71517788035683,0.00278320579300597,0.02423027574684
"FAM193B",54540,0.692054939211462,0.543691447995389,0.880904124302214,0.00278956627164121,0.02423027574684
"FRK",2444,1.44988397658842,1.13655848338051,1.84958678000916,0.00278628807065391,0.02423027574684
"SH3RF1",57630,1.58112822849807,1.17092135031788,2.13504218218819,0.00279295311714803,0.02423027574684
"UGDH",7358,1.6485792609888,1.18788530406117,2.28794275884267,0.00279331615108392,0.02423027574684
"ACPL2",92370,1.77903548900293,1.21936620589851,2.595583882694,0.00279858561651805,0.024264980547208
"CBFA2T2",9139,0.518037699039601,0.336492191698216,0.797531307552379,0.00281148318112306,0.0243326872422356
"LIMA1",51474,1.47877866346227,1.14406585325941,1.91141648820402,0.00280932623613702,0.0243326872422356
"PRPF6",24148,0.422583030525507,0.240162323636362,0.743565497636134,0.00281100750064413,0.0243326872422356
"ULK3",25989,0.584852664566459,0.411361585011127,0.831513324807018,0.00281133325966811,0.0243326872422356
"BZW2",28969,1.71967718727041,1.20481077082738,2.45456772135876,0.0028237385194811,0.024336215488063
"CYTSB",92521,1.70694151105766,1.20176773170519,2.42446959200479,0.00282171209243693,0.024336215488063
"NAT15",79903,0.433530727271966,0.250485095224428,0.750339621287896,0.00282461433489308,0.024336215488063
"PIP4K2B",8396,0.45018965453843,0.266661995313587,0.76002853280647,0.00281787246177748,0.024336215488063
"SYMPK",8189,0.442052884918989,0.258723061995559,0.755289271694519,0.00281869228543569,0.024336215488063
"C16orf93",90835,0.693296250173264,0.54513250264647,0.881730016410389,0.00282609855128205,0.0243380400677045
"NSUN6",221078,0.530051005429403,0.34941487385282,0.804070145208141,0.00282998618488987,0.0243386446755344
"ZNF181",339318,0.595447211144424,0.423680189282789,0.836851451232286,0.00282946461128549,0.0243386446755344
"ZNF358",140467,0.620090019311678,0.453120402128706,0.84858600549339,0.00282888583115892,0.0243386446755344
"C5orf53",492311,0.539040011497718,0.359270882036043,0.808760599658921,0.00283266974667636,0.0243507749414286
"TRIM3",10612,0.513508314766499,0.331496957507686,0.795454628956032,0.00283755266807275,0.0243817923999225
"STAT5B",6777,0.571675275856846,0.395958280083015,0.825371352147209,0.00284329208586537,0.0243982268848573
"SNAP23",8773,1.93532556136276,1.25425282064688,2.98622810872559,0.00284829568178911,0.0244302024688701
"SUMO3",6612,2.55991446634864,1.38025522961851,4.74779007128435,0.00285891820133898,0.0245103220246574
"NAB1",4664,1.83660048816372,1.23164375220103,2.73869887059083,0.00286403992024925,0.024532239836367
"PARP9",83666,1.61965547816756,1.17968247852056,2.22372029399646,0.00286602234894596,0.0245382316330749
"GLTSCR2",29997,0.63606263878922,0.472366115534216,0.856487514998735,0.00287854539916398,0.0246234069095749
"PML",5371,1.7905537894115,1.22059801997532,2.6266492492268,0.0028864275247867,0.0246664658330034
"HELLS",3070,1.48429652670332,1.14461850775444,1.92477770039359,0.0028948632980458,0.0246967218116512
"BCDIN3D-AS1",100286844,0.696975043126478,0.549614846373257,0.883844775931062,0.00289386570879667,0.0246967218116512
"C2orf7",84279,0.561260943527555,0.383720488873733,0.82094612058388,0.00291217055048177,0.024801612583824
"CADM4",199731,0.699333502685996,0.552626896901116,0.884986508477119,0.00291010040876933,0.024801612583824
"NUP98",4928,2.66279666969406,1.39728055024126,5.07448994613823,0.00291337532737998,0.024801612583824
"CHP",11261,1.73584968143869,1.20725636296224,2.49588588554413,0.00291537795784506,0.0248053532916826
"PIK3R4",30849,2.34541293333643,1.33781763974664,4.11189213270025,0.00292030684125912,0.0248362423089209
"DGKA",1606,1.49176733573888,1.14624143755293,1.94144942860234,0.00292708668905883,0.0248497057708071
"SS18L1",26039,0.537723872960462,0.357254080297434,0.809359443315156,0.002941349766399,0.0249226144260632
"URGCP",55665,0.375871906085396,0.197158907729515,0.716577766692094,0.00295583354583334,0.0250049660465079
"GGCX",2677,2.40583465227941,1.34817730885384,4.29323378764559,0.00296812776939563,0.0250867785440699
"CCDC99",54908,1.97971301546663,1.26157454482587,3.10664450204879,0.00297144414946607,0.0251037156567303
"SNRNP35",11066,0.492420702145187,0.308535945520473,0.785899184265612,0.00297756413958242,0.0251332168127948
"GTF3C1",2975,0.321729711888754,0.152209803817869,0.68004822892932,0.00298082020089936,0.0251496021096612
"NLN",57486,1.58382841776648,1.16913148049316,2.14562048732666,0.00298965317576994,0.0251907913184809
"ARIH1",25820,2.89945678352231,1.43557705035066,5.85607692562377,0.0029967135296309,0.0252169554250991
"DGKE",8526,0.613835249269644,0.444689054564027,0.847319513216566,0.00300410296188797,0.0252569131217719
"GLRX3",10539,1.84855818013032,1.2318393451053,2.77403653236503,0.00300924294962561,0.0252779050933198
"RAP1B",5908,1.89752223854126,1.24282958494391,2.89709119365802,0.00300854226914814,0.0252779050933198
"LDHAL6B",92483,1.50121892436723,1.14779513430151,1.96346733970934,0.00301290948486756,0.0252975942568313
"CCDC64",92558,0.689544418284661,0.539326318219314,0.881602637819324,0.00302543251506978,0.0253582154757842
"SPIN4",139886,1.55957031749221,1.16260091759853,2.0920846856261,0.00302490375918472,0.0253582154757842
"BTBD9",114781,0.403216510399852,0.221180865072123,0.735070613843645,0.00303112828513406,0.0253788760845484
"NAGPA",51172,0.476421211448885,0.291806950459018,0.777833325633211,0.0030318780704341,0.0253788760845484
"C17orf65",339201,0.630326142552627,0.464501382402494,0.855349544774879,0.00304542924794616,0.0254700154024776
"RAD18",56852,1.84348652057649,1.22990581049466,2.76317301906262,0.00305537017848972,0.0255308280489178
"CAP1",10487,1.75898195187983,1.21049244188761,2.55599902979505,0.00305813285610973,0.0255338599660109
"PQLC3",130814,1.74452428774878,1.20711366839003,2.52119172389493,0.00305840294777702,0.0255338599660109
"AFAP1",60312,1.63382584230001,1.18058283605893,2.26107546326727,0.00306282380361,0.0255513077068334
"SDHAP3",728609,0.667390430493455,0.51067581261919,0.872197146815686,0.00306316456170695,0.0255513077068334
"FAM165B",54065,0.49991166163011,0.315920732001593,0.791058148828666,0.00306710787563531,0.0255730480982025
"SRR",63826,0.622674905868729,0.455057306506099,0.852033431515582,0.00306889723785302,0.025576818069026
"LHFPL2",10184,1.5368656240715,1.15618268346504,2.04289164699645,0.00308320709963761,0.0256367566395056
"TMED8",283578,0.568116715597265,0.39065060456854,0.826202746818983,0.00308547152110325,0.0256367566395056
"TSC2",7249,0.428767674342351,0.244683336243414,0.751345479358923,0.0030877495371454,0.0256445442453235
"OGFOD2",79676,0.591663280792815,0.417896432853227,0.837684675718366,0.0030931013913543,0.0256667029555027
"WDR43",23160,2.01949210155334,1.26769598730433,3.21713438322754,0.00309264606409199,0.0256667029555027
"DMWD",1762,0.492679846981832,0.308219599541401,0.787534056832219,0.00309623008107594,0.0256792772526046
"RND3",390,1.56732382364754,1.16367807606547,2.11098242606656,0.00309967490503381,0.025687817118103
"PRAF2",11230,0.650236170433283,0.488856431127596,0.86489007900437,0.00310390009436094,0.0257005615172475
"MRE11A",4361,1.96653447609236,1.25610263513817,3.07877536236078,0.00310719221892191,0.0257166878283511
"ACD",65057,0.526413932440283,0.3440142851816,0.805523608186675,0.00311303661767994,0.0257316557417304
"PIGT",51604,0.457553052605128,0.272474973495145,0.768345045648757,0.00311284496208597,0.0257316557417304
"NFE2L2",4780,2.21738727391511,1.30767773682109,3.75995261223401,0.00312073629657427,0.0257841568659076
"IDI2",91734,0.588710144153318,0.414216595132866,0.836711126259562,0.00313779451622348,0.0259040686335951
"MAP3K10",4294,0.599621494783901,0.42703700900235,0.841954981482418,0.00314383867942521,0.0259414160575349
"SPAG7",9552,0.418736061096549,0.234936120730493,0.746330059070798,0.00315482219653721,0.0259954509958561
"C9orf7",11094,0.61151673865182,0.441091523021374,0.84778940907744,0.00317143725129039,0.026063828546294
"EZH2",2146,1.52419550499203,1.15201715871189,2.01661226993835,0.00317038438849713,0.026063828546294
"OAZ1",4946,0.423310531239769,0.239145303176136,0.749300962547095,0.00317181449698749,0.026063828546294
"PLEKHA9",51054,1.70458934421601,1.1960806179356,2.4292884516679,0.00317230056233452,0.026063828546294
"DDX51",317781,0.555167023401645,0.375500589370382,0.82079877528137,0.00317943829823154,0.0261000499271565
"TRAM1",23471,1.79777896527359,1.21754665991986,2.65452595319256,0.00317868414520152,0.0261000499271565
"ABHD5",51099,2.09651573289626,1.28192004105992,3.42874600403889,0.00318279606023784,0.0261052059366077
"KLHDC4",54758,0.593031914286596,0.418994760887003,0.839358589157321,0.00319867160763251,0.0262129356637477
"PELI1",57162,1.63855571966482,1.17987370863537,2.27555273653107,0.00320739752592784,0.026261940273297
"NUMB",8650,2.48056509793304,1.35544109729147,4.5396315763033,0.00321641038506046,0.0263132084837688
"KIAA0196",9897,1.89826605627538,1.2388806298655,2.90860469809631,0.00324195815539191,0.0264801949254304
"CPA5",93979,0.700032573776492,0.552008390728465,0.887750281660475,0.00325804527215849,0.0265940541362892
"C1orf163",65260,1.94511349103516,1.24842564552545,3.03059017296508,0.00327498844692312,0.0266556187337441
"ANKRD54",129138,0.517447903522871,0.33350393260556,0.802846103697639,0.00328434313096053,0.026712809975246
"HNRNPM",4670,0.332269671290825,0.159318644470408,0.692970586253133,0.00330401825509895,0.0267892993494182
"BRP44L",51660,0.523172643477104,0.339550966252713,0.806092875845655,0.00331102148613348,0.026834706764947
"SEPT2",4735,2.72220328447161,1.39528921481469,5.31100695347394,0.00331603634747277,0.0268582647579626
"TENC1",23371,0.671469638650984,0.514715477432928,0.875962537358974,0.0033215890879153,0.026886176252457
"PDCL3P4",285359,0.596072640093056,0.42194255023476,0.842063906732855,0.00333398088592507,0.0269749697786616
"CCT2",10576,2.00353851745905,1.25951908115347,3.18706294410864,0.00334416154262054,0.0270117305007192
"KCNK6",9424,1.49357105279636,1.14247883522288,1.95255651218784,0.00334399891497227,0.0270117305007192
"ZFYVE28",57732,0.666997699868538,0.508920668217909,0.874175405742079,0.00334252489966771,0.0270117305007192
"ACBD4",79777,0.660295968935625,0.500378255369912,0.871322368455686,0.00335214001494502,0.0270204955172037
"ASPRV1",151516,0.6117967092907,0.440556695460474,0.849596016484809,0.00335848805705436,0.0270204955172037
"CEP250",11190,0.467994820333986,0.281749254541638,0.777354858367768,0.00335967930070377,0.0270204955172037
"FRMD4B",23150,1.51896334211675,1.14872164899914,2.0085367388216,0.00336078626211259,0.0270204955172037
"LCE3E",353145,1.52273119838513,1.14972267911079,2.0167561662163,0.00335521747551481,0.0270204955172037
"MRP63",78988,0.578868064178684,0.401734141374939,0.834104451713101,0.00335418808663799,0.0270204955172037
"MYL5",4636,0.659437074002778,0.499269479826909,0.870987056369048,0.00335750001061727,0.0270204955172037
"MTG1",92170,0.574746666593636,0.396924062399719,0.832234077126412,0.00336499053489637,0.0270429302356987
"G3BP1",10146,2.15244863531442,1.28939150215245,3.59319502256121,0.00336662143309001,0.0270446737298247
"SERGEF",26297,0.536309418543865,0.353614739399925,0.813393109424555,0.00336900594536604,0.0270524671356072
"SF1",7536,0.283414687866469,0.121987499010547,0.658459972947747,0.0033735986732649,0.0270779781047158
"DGCR6L",85359,0.559866348921243,0.379803065875019,0.825296994199488,0.00339190630048264,0.0272020930018161
"ANKRD23",200539,0.697802104455524,0.548498440451913,0.887746875964449,0.00339719554324626,0.0272330926888815
"CCDC58",131076,1.79679191858373,1.21393229123879,2.65950681268493,0.00340131099595297,0.027254660837701
"SMG1P2",440354,1.58497570348951,1.16455066562139,2.15718221182899,0.00340473044236994,0.0272706361688483
"GRAMD4",23151,0.549329036612636,0.367859538125879,0.820319603518086,0.0034111189285545,0.0272875247789468
"MAT2B",27430,2.08977284796112,1.27596038390838,3.42263804672253,0.00341027909558553,0.0272875247789468
"PPIL6",285755,0.684166719316617,0.530645496960394,0.882103216745847,0.00341647446422946,0.0272961182444932
"ZKSCAN2",342357,0.61431663045346,0.44332850418993,0.85125345851891,0.00341586579609804,0.0272961182444932
"ALPK1",80216,1.6760844949106,1.18605984611294,2.36856448963049,0.00342191691404946,0.0273001135679289
"CHMP6",79643,0.533524745921429,0.350325234610085,0.812526836176508,0.00341925831226296,0.0273001135679289
"SSH3",54961,1.50666299195677,1.14502002263202,1.98252722787684,0.00342268376305189,0.0273001135679289
"EPB41L1",2036,1.56567356622081,1.15938937551619,2.11433170574915,0.0034465088313044,0.0274443690326225
"WASH3P",374666,0.647702702372454,0.484149864486352,0.866506058213316,0.00344554093592659,0.0274443690326225
"PRR3",80742,0.492070507635229,0.30593888555151,0.791443637666074,0.00344902639160947,0.0274529870130314
"FER",2241,1.48276972530016,1.13861516074742,1.93094746500958,0.00346291173928165,0.0275371751121321
"MAML2",84441,1.45470033379351,1.13140724159716,1.87037256200664,0.00346968118472517,0.0275371751121321
"MMD2",221938,0.601868172348352,0.428215796258415,0.845940995290472,0.00346399054323968,0.0275371751121321
"NCAPG2",54892,1.54045935797898,1.15296292751902,2.05818849587067,0.00346921650819592,0.0275371751121321
"NCRNA00167",440072,0.675851551077154,0.519698220333242,0.878924154869147,0.00346962087169619,0.0275371751121321
"TBCC",6903,0.450199698221003,0.263563010329229,0.768999291763684,0.00348331118298057,0.0276224266156175
"GTF2IRD2P1",401375,0.605471474467764,0.432308937038561,0.847994744002872,0.00350845563970405,0.0277381335719073
"LINC00847",729678,0.555846881353496,0.374708256791465,0.824550166457516,0.00351385463714808,0.0277381335719073
"NCL",4691,2.38796883485386,1.33104052062594,4.28416345548344,0.00351283865216394,0.0277381335719073
"SSPN",8082,1.43360337657894,1.12561973612741,1.82585519369918,0.00351249425335312,0.0277381335719073
"TMSL3",7117,1.71350927250825,1.19360476906153,2.45987122628561,0.00350794871939807,0.0277381335719073
"PIK3R2",5296,0.462050391127286,0.275109253854395,0.776021020557421,0.00351735451289761,0.0277405249418959
"WDR59",79726,0.473691988336151,0.286779490790879,0.782427290023603,0.00352056558699637,0.0277453061320476
"PATZ1",23598,0.479843525112845,0.293016636841491,0.785790906191026,0.00352410175265907,0.027761735676734
"TRIM21",6737,1.83099567763537,1.21960033680744,2.74888836149012,0.00352804185608874,0.0277711833016874
"GPRASP2",114928,0.699530023730612,0.550159361409683,0.889455471314168,0.00354734744098321,0.0278547756056364
"RAP1GAP2",23108,0.701260361531054,0.552409937411985,0.890219493440986,0.00355412276175088,0.0278904283617868
"KIAA0182",23199,0.567333033047857,0.387501938398092,0.830619768556146,0.00356730090802125,0.0279753031847981
"CECR4",100130717,0.706302199481992,0.558965894848555,0.892474481163579,0.00358008699956524,0.028041082735743
"CCT6B",10693,0.703850390530594,0.555711521113331,0.891479397903355,0.00358320603142287,0.0280540244629657
"GPBP1L1",60313,2.73390841486492,1.38935047883446,5.37967585194159,0.00358989908915374,0.028083435533024
"XPO1",7514,3.17855530266393,1.45927823136581,6.92343214264003,0.00359703446111713,0.0281277506695778
"HTT",3064,0.395323208561459,0.211611535087217,0.738525143078403,0.00360802072711631,0.0281422682773417
"KATNBL1P6",729176,2.0007624718567,1.25430993026907,3.19143648008224,0.00360224270125463,0.0281422682773417
"RAB1A",5861,3.05384458097894,1.44001076246082,6.47631737754333,0.0036064230552084,0.0281422682773417
"PLIN3",10226,1.78265566841975,1.20749122670635,2.63178825805408,0.00363077698526384,0.0282529989410665
"PRH1",5554,0.645333629888051,0.480417135105041,0.866862281615812,0.0036275350905461,0.0282529989410665
"DNAJC18",202052,0.651165906884882,0.48768563578492,0.869447462004422,0.00363254536636143,0.0282552644255368
"MPPED1",758,0.638504967052436,0.471881515287041,0.8639638971716,0.00364106924294022,0.0283100534185844
"B4GALT7",11285,0.499958146332576,0.313282819490088,0.797867398190387,0.00365104487895402,0.028364555402012
"WDR76",79968,1.6596447250419,1.17939503657735,2.33545209869022,0.00365296156066252,0.0283679235772603
"GCDH",2639,0.433357433816348,0.246561293630985,0.761671317822329,0.00365953337592375,0.0283919772200155
"NENF",29937,0.593190150162422,0.417091206616567,0.84363934954207,0.00365916674406594,0.0283919772200155
"C11orf2",738,0.553928507193654,0.371849846237329,0.825163151703861,0.00367210207435761,0.0284681923409584
"RHBDD1",84236,1.849350115413,1.22136252531971,2.80022988955127,0.00367638600984926,0.0284804516850494
"HIRA",7290,0.453638524358206,0.266107472661127,0.77332631332736,0.00367837935757576,0.0284843570738266
"CLNS1A",1207,2.22888006209455,1.29769510695533,3.82825388226851,0.00368192565736727,0.0285002800681763
"CTNNB1",1499,1.98944410868521,1.25058448285748,3.16483045794624,0.00368412216726644,0.0285057462351559
"DEAF1",10522,0.478330488250732,0.290776797310049,0.786858023428256,0.00368598713822914,0.0285086437496598
"POU4F2",5458,0.256678866786858,0.102468255402242,0.642970258411796,0.00370034581397734,0.0285850219644364
"ARHGAP29",9411,1.48629403277231,1.13729557979589,1.94238858490158,0.00370629638158377,0.0286194311225485
"SR140",23350,2.47903564635168,1.34251964063436,4.57767435936983,0.00371690933356113,0.0286782270363145
"C1QTNF8",390664,0.636764952546713,0.469370838903409,0.863857681783377,0.00372704875435567,0.0287332775189685
"TUBE1",51175,0.507478662597479,0.320847510376199,0.802669756389141,0.00373610714869967,0.028764903486855
"FADD",8772,1.9358654617408,1.23857935680397,3.02570446162704,0.00374354360765319,0.0287908156749427
"KIF4B",285643,1.5846396549466,1.16055394974998,2.1636933264242,0.00376808578297385,0.0289562783330417
"KCTD13",253980,0.56639309405607,0.385467546594294,0.83223902979322,0.00378882532008204,0.0290689377846808
"SLC25A43",203427,1.88387025715232,1.22679167292598,2.89288493238515,0.00380399239134822,0.0291268864969245
"FAM84B",157638,1.62125190361774,1.16868518027199,2.24907252984283,0.00381146505037119,0.0291490971685125
"HSD17B1",3292,0.680351894863158,0.52411874617008,0.883156163038064,0.00381067746267532,0.0291490971685125
"IPO13",9670,0.50248451140163,0.315233566121112,0.800963829154945,0.00381673918738196,0.0291662311415191
"SPATA2",9825,0.398462001749592,0.213574634943687,0.743402730760397,0.00382951099405218,0.029252019482123
"HIATL1",84641,2.22411465258796,1.29368887521976,3.82370605684937,0.00383580887365917,0.0292767423489541
"ELP2P",100131454,0.647654216967058,0.482423622309502,0.869476462921023,0.00384406752697071,0.0293132105610129
"ZNF777",27153,0.444343052443305,0.256354509670939,0.770186366169539,0.00384711289271919,0.0293162264139601
"ATAD2",29028,1.53223246545893,1.14721722188378,2.04646189354731,0.00385072750980083,0.0293204080732327
"L3MBTL2",83746,0.429106475234788,0.241767302954178,0.761609882058049,0.00384921515141076,0.0293204080732327
"C1orf116",79098,1.46932155602897,1.13179114925484,1.90751256221855,0.00385675600396163,0.0293546247862213
"BCL9L",283149,1.58247031392207,1.15905894330081,2.16055646601805,0.00386369761161364,0.0293723943630104
"DOCK9",23348,1.81454209343746,1.2112165902605,2.71839325462694,0.00386301745318058,0.0293723943630104
"MIER1",57708,2.10518176875917,1.27048310805555,3.48827170657841,0.00386365663172634,0.0293723943630104
"ST3GAL2",6483,0.565551737435422,0.384148262859123,0.832618024446257,0.0038742168408173,0.0294172868258486
"TAF1C",9013,0.659662147218144,0.497410677841296,0.874838775799848,0.00387340420049163,0.0294172868258486
"ABHD6",57406,0.589466288073534,0.411783740768139,0.843817932507536,0.00387927256520531,0.0294230332738114
"TCF19",6941,1.63574197718092,1.17123215858164,2.2844760505483,0.00388499956395256,0.0294230332738114
"CORO1C",23603,1.71293237722016,1.18852648815185,2.46871849990627,0.00389986907531758,0.0294534706330655
"OSBPL10",114884,1.60448649819359,1.16390948393601,2.21183602197288,0.00389334995055143,0.0294534706330655
"SLC33A1",9197,1.70944948855266,1.18780035255181,2.46019252952315,0.00389574318027049,0.0294534706330655
"ZNF767",79970,0.706772381013881,0.558381313455813,0.894598702582766,0.00389829703772289,0.0294534706330655
"ZNF618",114991,0.635738296962185,0.467341758532303,0.864812901576916,0.00391367338384421,0.0295293218196403
"ERP29",10961,0.521093612051507,0.334610985657926,0.81150519307361,0.00392504273800637,0.0296034276221798
"CHRM5",1133,0.693454748857909,0.540701736439357,0.889361835381342,0.00393205332396534,0.0296446132942393
"CCDC109A",90550,1.47364833220427,1.13216408933989,1.91813132694803,0.00394047985164491,0.0296847412849201
"CDC73",79577,2.0119513520817,1.25070567724461,3.23653143724531,0.00394826920530948,0.0296966358985271
"CDV3",55573,2.31914726484068,1.30889722045747,4.10914161322631,0.00394776705274864,0.0296966358985271
"PGAM4",441531,1.60170297199737,1.16269309534129,2.20647428008691,0.00394813307909999,0.0296966358985271
"OCIAD2",132299,1.49552923085816,1.13733235023368,1.96653834729283,0.0039621288177812,0.0297891658402913
"ZDHHC14",79683,0.659982457712356,0.497425667521348,0.875662180157497,0.00397326977260453,0.0298377428113887
"ACOT9",23597,1.92697830751131,1.23312095477581,3.01125804669683,0.00397678991783856,0.0298524571265691
"CCDC22",28952,0.455834724834666,0.267043032842509,0.778096676604326,0.00398143231226405,0.0298755809480873
"PSMA3",5684,2.22500437646746,1.29066885737995,3.83572009736809,0.00399868225615872,0.0299543417471876
"PSMA6",5687,2.29322984920748,1.30314408307686,4.03555002826652,0.00399975891788138,0.0299543417471876
"TRIM34",53840,1.6170126126718,1.16565603665398,2.24314009220532,0.00400354787295794,0.0299671145275505
"HFE",3077,1.5516853781918,1.15017342685507,2.09336040694115,0.00403021542489884,0.0301352347271463
"ARL5B",221079,1.47436351690851,1.13152045367646,1.92108571517912,0.00404025648873106,0.0301985095193274
"ANKRD50",57182,1.53400541565294,1.14584776569053,2.05365205196736,0.00404516570284481,0.0302000372789633
"CD97",976,1.49198072358871,1.13575140976246,1.95994163901222,0.00404677657478868,0.0302000372789633
"RALGDS",5900,0.533333036920115,0.347411824171191,0.818752006927288,0.00404848340781966,0.030200991474792
"CD320",51293,0.661972603521126,0.499638907230671,0.877048847619524,0.00405403795906853,0.0302306370538416
"ERI1",90459,1.79868999693574,1.20515051179491,2.68454908612051,0.00406244056304373,0.0302696925007158
"DARS",1615,2.08531129799052,1.2630362806828,3.44291235021062,0.00406871133802692,0.030276323282902
"TUFT1",7286,1.49684073507716,1.13675451021403,1.97099036428232,0.00406715145647061,0.030276323282902
"USP39",10713,3.17529090658407,1.44354981017299,6.98449909409584,0.00406966210907832,0.030276323282902
"NCRNA00158",54072,0.602052436484042,0.425788054132475,0.851285358427642,0.00409234622509418,0.0303741972244379
"MIF4GD",57409,0.517299916960307,0.329821628131035,0.811345228035882,0.00409974220063244,0.0304172882356465
"CNTNAP4",85445,0.699349458630823,0.547749274704585,0.892907919505697,0.00412298147284895,0.0305304942435857
"SPTLC2",9517,1.70757756653975,1.18471623101746,2.46119793872129,0.00412121681052025,0.0305304942435857
"SMAD5OS",9597,0.686682844215587,0.531073920309497,0.88788643258025,0.00414485457855514,0.0306450071604268
"CFLAR",8837,1.60054436235468,1.16039395978798,2.20764873365371,0.00414892581312732,0.0306632550338818
"SYT10",341359,0.693985686646499,0.540592490705199,0.890904223700829,0.00415184273335803,0.0306729609737115
"IFI16",3428,1.43209529588714,1.12023811533916,1.83076875212477,0.00415604704676381,0.0306921667426453
"IFT27",11020,0.556007493951906,0.372154606201486,0.830687913515458,0.00416260288911374,0.0307287168892622
"FAM45B",55855,1.77140427972474,1.1979025598462,2.61947275797624,0.0041746581436405,0.030770206671835
"PEPD",5184,0.578541270159195,0.397838639392155,0.841320998354529,0.00417911624473321,0.0307728711084888
"UGP2",7360,2.40191268477935,1.31870833890453,4.37487530419087,0.00417980248017012,0.0307728711084888
"INCA1",388324,0.626928631281768,0.455392973113118,0.863077675603926,0.00419938482955481,0.0308890226152881
"C6orf150",115004,1.44418822754993,1.1227332330933,1.85768050247113,0.00422130490694226,0.0309603677019224
"PPFIA1",8500,2.1679056171147,1.27591464994397,3.68348679507979,0.00422473778961769,0.0309603677019224
"PTPN2",5771,1.99814493103076,1.24361002639252,3.21047843027261,0.0042220488540899,0.0309603677019224
"SDHAF1",644096,0.564059558001032,0.381046603596294,0.834971843258844,0.00422059016178955,0.0309603677019224
"SEMA4D",10507,0.576767586849436,0.395636193591126,0.840825118199154,0.00421736089907558,0.0309603677019224
"CASP8",841,1.6282831866935,1.16583307736057,2.2741730248993,0.00423498719647343,0.0310117152017409
"FAM47C",442444,0.570820627156555,0.388674135071217,0.838327429036922,0.00424619961060799,0.0310581491212616
"TXLNA",200081,0.423098460092993,0.234613064215696,0.763010821803527,0.00424967587593459,0.0310716936081808
"EVI5L",115704,0.564365517583115,0.381227443425373,0.835481398125542,0.00426343859649595,0.0311366132245811
"C9orf114",51490,0.429074393130666,0.240147683290717,0.766631733930061,0.00427110020477528,0.0311669128762506
"MED26",9441,0.407849437422844,0.220389830402174,0.754758798546131,0.00429148206367466,0.031269781878821
"ZSWIM3",140831,0.552047290103479,0.367135699207375,0.830091465277134,0.00430713428712175,0.0313311007433308
"CCDC48",79825,0.693442266273948,0.539305361138845,0.891632480047513,0.0043138950572239,0.0313375885907792
"AVL9",23080,1.71300881216347,1.18362761488025,2.47915742557812,0.00432010106380026,0.0313469548737889
"LSS",4047,0.584753812764867,0.404512831441023,0.845305747965879,0.00431996462284352,0.0313469548737889
"RFPL4A",342931,0.68823100311016,0.532467660668458,0.889559965101699,0.0043193930137152,0.0313469548737889
"ARFGAP2",84364,0.30443345087993,0.134506313229855,0.689036252568194,0.00432182531308757,0.0313475740475639
"SMIM4",440957,0.60693705847705,0.430704516616564,0.855279150185272,0.00432759913710113,0.0313775544713166
"CYB5D1",124637,0.570760801253375,0.388257364266519,0.839051418542499,0.00433608009659557,0.0313914473912125
"MTHFR",4524,0.517230000670354,0.328802094810448,0.813641025455392,0.0043416558880078,0.0314080378857508
"BNIP2",663,1.84557356342374,1.21111725176856,2.81239638279012,0.0043558598394595,0.0314631915216548
"RNF139",11236,2.00528234749465,1.24296855017763,3.23512392377022,0.00435446496231285,0.0314631915216548
"C16orf53",79447,0.484264946162053,0.294151477838189,0.797250925967947,0.0043613503564286,0.0314909581983427
"CCDC97",90324,0.47751931860317,0.287207045126208,0.793938392211215,0.00437827761865454,0.0315536232147722
"TWF1",5756,1.94031057385674,1.22991276038407,3.06103428168728,0.00437706327366395,0.0315536232147722
"SPATA5",166378,1.8800155136081,1.2178044180991,2.90232017463373,0.0043804981850546,0.031557735889092
"MAP3K2",10746,1.56411925076275,1.14967090660054,2.1279733326823,0.00440002890555128,0.0316388544648419
"OXR1",55074,1.60805524380097,1.15958003482572,2.22998119099596,0.00440672233666486,0.0316750763372374
"GTF2IRD2",84163,0.562150295824979,0.378138666858721,0.835706535174777,0.00441148939374854,0.0316804216897444
"HMGB2",3148,1.62514096986903,1.16337447525144,2.27019178100503,0.00440994173629919,0.0316804216897444
"KATNB1",10300,0.458527635564022,0.268067554690782,0.7843082420715,0.00441243495485331,0.0316804216897444
"B9D2",80776,0.57850006483678,0.396876823173916,0.843239779888849,0.00441572383632395,0.0316921387682432
"EHD4",30844,2.04260237458313,1.24906240036663,3.34028504855164,0.0044243302492584,0.0317182026527606
"GRK4",2868,0.623016580753164,0.449754992096933,0.863024683914367,0.00442749731011132,0.0317290150058071
"C17orf89",284184,0.662301878535634,0.498664580110289,0.879636925916845,0.00443156050711293,0.0317462388837262
"ZNF397OS",100101467,0.593963664117934,0.414788974898671,0.850535707653717,0.0044595931323364,0.0318999657536622
"USP36",57602,0.439848379544012,0.249699814843386,0.774796717846335,0.00446552346350736,0.0319232627372756
"ACTR3",10096,1.94457516899755,1.22943315330896,3.07570409802637,0.00446992085729058,0.0319253832103797
"C1orf204",284677,0.661299001127181,0.49720099955779,0.879556495825141,0.00448463659666151,0.0319707954470163
"CDK5RAP3",80279,0.6583991343982,0.493522900956288,0.878357254215228,0.00448455874177478,0.0319707954470163
"GPC4",2239,1.49601231085218,1.13309001507841,1.97517655653017,0.00449244058831678,0.0320025739786723
"ZBTB8A",653121,2.04241878099492,1.24786211614752,3.34289696191693,0.00449983010858109,0.0320313548518164
"SNTB2",6645,1.9395564051259,1.2278971111042,3.06367611312482,0.00450910795998064,0.0320616014686059
"FOXI2",399823,0.687752496763903,0.531169365938627,0.890494684250361,0.00451368845592122,0.0320703265588429
"LUC7L",55692,0.676388576001691,0.516391768261274,0.885958169484447,0.00452185374477234,0.0320925775793174
"PSD3",23362,1.47616728274105,1.12811709869407,1.9315989884008,0.00453070894428014,0.0321315795243775
"ATG4B",23192,0.571655975813849,0.388419379998983,0.841334319323974,0.00456566048117604,0.0322836924301124
"FASTK",10922,0.639095341236018,0.469029717724878,0.870825109271999,0.00456565269009334,0.0322836924301124
"TIAM2",26230,1.46513085539979,1.12524979238347,1.90767280116323,0.00456471635739127,0.0322836924301124
"POLR3H",171568,0.531892861150626,0.34380081863479,0.822889302202409,0.0045755078858348,0.0323413670851302
"CARD6",84674,1.58468611307293,1.15270136101533,2.17856086745159,0.00458157262636054,0.0323722717489465
"AGPAT1",10554,0.394461415386224,0.207343756098194,0.750443664938788,0.00458448905740265,0.0323809166177772
"DOHH",83475,0.661631733926041,0.497254481442346,0.880347121393888,0.00458964150720863,0.0323836737177773
"ELF4",2000,1.73386695385838,1.18504939208191,2.53685174117564,0.00459165175524714,0.0323836737177773
"C20orf107",388799,0.704006520117762,0.552279834358284,0.897416761457906,0.00459815697524922,0.0324015423514885
"TC2N",123036,1.44709133883683,1.12050793046466,1.86886079607504,0.00462775816479962,0.0325662731486837
"IKZF2",22807,1.44340457085111,1.11959297402542,1.8608698013378,0.00463283865843875,0.0325698851268399
"PSPH",5723,0.578313577336467,0.395847469615032,0.844887537255088,0.00463427914925753,0.0325698851268399
"CALM1",801,0.523386976173638,0.334266887768278,0.819506618370413,0.00465387931610363,0.0326899053293797
"ZFYVE27",118813,0.562746665542276,0.377900533658936,0.838008368267521,0.00465729032376012,0.0326899053293797
"C9orf25",203259,0.577532718961027,0.39484010862795,0.844757242696456,0.00466258444117505,0.0327143132447601
"LINC01011",401232,0.595432466540061,0.415764101216351,0.852742748045697,0.00466589880962542,0.0327143132447601
"SUDS3",64426,2.33024569376677,1.29684778042371,4.18711052699221,0.00466491944971334,0.0327143132447601
"RAD51L3",5892,0.548937148879906,0.36224126065348,0.831854419004616,0.00468378522380188,0.0327959279799298
"FUK",197258,0.554550168388069,0.368466155089775,0.834610954116826,0.00470260186706945,0.0328992925791651
"DNAI2",64446,0.6987666253867,0.544965957755226,0.895973023279423,0.00471325061369471,0.0329441719726216
"ETFA",2108,2.02190230039839,1.24070476998786,3.29497315658447,0.0047197318767642,0.032944654070542
"SP140L",93349,1.48467797398274,1.12868930589023,1.95294548723568,0.00472129667344166,0.032944654070542
"ZNF346",23567,0.533822667627911,0.345368600985518,0.825108708956807,0.00472458755243878,0.032944654070542
"NFAT5",10725,1.89689512008388,1.21657129227422,2.957665629173,0.0047283573706091,0.0329589254473908
"RECQL5",9400,0.588282722997798,0.407103497975381,0.850094788914421,0.00473375018103421,0.0329844953415815
"C1RL",51279,1.56191826778752,1.1461778950015,2.12845552674454,0.00474284082564562,0.0329941525062099
"RRAS",6237,1.44183669718697,1.11846718600782,1.8586983036805,0.0047424577615083,0.0329941525062099
"PSEN2",5664,0.491305616587144,0.299967459576942,0.804691312952759,0.004755311657959,0.0330264510100878
"TECPR2",9895,0.570340808203113,0.386087522220372,0.842525641934914,0.00479156360196122,0.0331938562168462
"GLT25D1",79709,1.67528782347158,1.17050607046355,2.39775714307973,0.00479384033505473,0.0331976046663982
"GOLGA3",2802,0.453359887061527,0.261630198198935,0.785594280061503,0.00479801384741905,0.0332024641315427
"TEC",7006,1.65727401295465,1.16647810261499,2.35457240719532,0.00481169810844417,0.0332491576798445
"WDR81",124997,0.570367544837114,0.386046252008553,0.842694714715971,0.00481171477271969,0.0332491576798445
"CHERP",10523,0.43290159027765,0.241866155275734,0.774824351308157,0.00481846693961676,0.0332837909548753
"CCDC138",165055,1.50722319722654,1.13305693010317,2.00494935947388,0.00483255013247641,0.0333086936240227
"NDUFB2",4708,0.546487673978467,0.358963592998181,0.831975118468096,0.00483538530901162,0.0333086936240227
"TMPRSS11A",339967,1.71893534084575,1.17932347234035,2.50545229982141,0.00483233747176406,0.0333086936240227
"GPN1",11321,2.17478765948219,1.26652786377803,3.73438397930498,0.00485469873742285,0.0333740134651329
"LIN37",55957,0.563108549905049,0.377597138284681,0.839760704799367,0.00485595647375255,0.0333740134651329
"CENPT",80152,0.659056456115833,0.49306586954372,0.880927760726797,0.00485784066919386,0.0333749707182726
"ELAC2",60528,0.442850928314364,0.251159024344584,0.780847692893674,0.00487998847638271,0.0334385275752708
"IL11RA",3590,0.69165302150784,0.53505344916139,0.894086194399297,0.00488239060035649,0.0334385275752708
"LACTB",114294,1.78547381500907,1.192600869982,2.67307933804474,0.00487119127205015,0.0334385275752708
"STK11",6794,0.544366309906076,0.356439194387795,0.83137512379841,0.00488194481286377,0.0334385275752708
"ZNF620",253639,0.62068144332058,0.445312085131386,0.865113404611183,0.00487407023486737,0.0334385275752708
"ZSWIM1",90204,0.432051871663696,0.240855355240156,0.775024576978892,0.00488089421114851,0.0334385275752708
"TSG1",643432,0.384375182148613,0.197470234139236,0.748185068477739,0.00489794127795739,0.0335180403661864
"C17orf80",55028,0.58506287856042,0.402699746133528,0.850009405657546,0.00491320806038683,0.033610490189921
"ACP2",53,0.471094997923481,0.278758948891729,0.796137659260309,0.00493031033896473,0.0336873741395938
"C15orf17",57184,0.511703713094086,0.320743860641502,0.816354487567065,0.00493325325273185,0.0336873741395938
"RNF146",81847,0.502786910080614,0.311319045041648,0.812011603448779,0.00493232670352052,0.0336873741395938
"SPG21",51324,2.85760876150549,1.37445028570565,5.94123186466547,0.00492884297207955,0.0336873741395938
"PPP3CB",5532,0.466193894596974,0.273815042925417,0.793735599905275,0.00494214146265047,0.033723988496652
"RWDD2A",112611,0.597844868814075,0.41761970699383,0.855846793581988,0.00494829009424186,0.033729844844107
"SDSL",113675,0.645404932999812,0.475565650000421,0.875899105707326,0.0049478144989008,0.033729844844107
"TMEM115",11070,0.44951546995469,0.257383733684201,0.785069650036666,0.00494599246067598,0.033729844844107
"HEATR1",55127,1.78033383590652,1.19053717836542,2.66231800641909,0.00496274708584247,0.0337802361248786
"SETDB2",83852,0.53542665295375,0.34626569717831,0.8279240566692,0.00496783632214783,0.0337908269323334
"YIPF6",286451,1.71000860161752,1.17604588056874,2.48640760188011,0.00496977198948214,0.0337919761261375
"FBXO34",55030,1.7923079460548,1.19284176222793,2.69303764775242,0.00497264392312305,0.0337994883857763
"B2M",567,1.67543708191618,1.16869198734476,2.40190695739896,0.00498175151603686,0.0338253323561367
"PSME1",5720,1.9860534157104,1.23033945631009,3.20595112984885,0.00497884602694172,0.0338253323561367
"CCNYL1",151195,1.79524415830642,1.1932014548339,2.70105402141164,0.00499319757675081,0.033845455907326
"WDHD1",11169,1.45921514212182,1.1208707952852,1.89969159688545,0.00498868645213393,0.033845455907326
"DCXR",51181,0.612724548592202,0.435212700743852,0.862638824202148,0.00500742189462973,0.0339273675446627
"FAM118A",55007,0.649868601649811,0.480897019703521,0.878211305344857,0.00502741099998182,0.0340146056585257
"ASMT",438,0.671505156545969,0.508296036457774,0.887119204017806,0.00506259274121034,0.034207200327528
"KCTD9",54793,1.65169606940402,1.16287905488147,2.34598765386032,0.00506601832499845,0.034207200327528
"WWP1",11059,1.72819593743974,1.17874402581768,2.53376571398648,0.00507342199979457,0.0342411230028478
"ACAD10",80724,0.496162632806558,0.303859854576608,0.810167432405815,0.00508771691734356,0.0343254890575063
"ZFP41",286128,0.569888311848253,0.384525742370363,0.844605840896967,0.00508962137965478,0.034326229946635
"VPS4B",9525,1.92911318850431,1.21806838409289,3.05522887110539,0.00509680524357907,0.0343625639386454
"C5orf54",63920,0.623601323718277,0.44809623683934,0.867846187877307,0.00510201801365011,0.0343855879306151
"COQ6",51004,0.50503907246909,0.313074438246759,0.814708687648917,0.00511211145168934,0.0344414778923783
"ACTR2P2",284441,1.44552961221881,1.11674748249479,1.87110863696191,0.00513212518803323,0.0345285629367135
"ZNF253",56242,0.651833793166052,0.48302610372107,0.879636298411317,0.00513225829607761,0.0345285629367135
"ZFAND2B",130617,0.531451523249369,0.341339286632465,0.827448619672634,0.00513462751449857,0.0345323560020444
"SPAG5",10615,1.46894240545232,1.12209445729574,1.92300369768902,0.00513843327958672,0.0345458043369614
"PGBD1",84547,0.695287979094886,0.538999987531027,0.896893107712776,0.00514778595015083,0.0345843701680839
"PRSS23",11098,1.45347997280621,1.11839364160271,1.8889628416711,0.00516116350849255,0.0346317698129891
"RHOC",389,1.58816525342136,1.14843770348342,2.19626094173364,0.00516208374218811,0.0346317698129891
"FAM174A",345757,0.549914343487612,0.361640327161199,0.836205927439655,0.0051660751760265,0.0346362090748607
"SRRT",51593,0.42164943516962,0.23019258819853,0.772345658781706,0.00516636715065497,0.0346362090748607
"C12orf76",400073,0.649185576478376,0.479571430377246,0.878788614192554,0.00516995256913962,0.0346466961860862
"UQCR11",10975,0.579472972958445,0.395157878113287,0.849758906471888,0.00521487702282056,0.0349215723646711
"OSBP",5007,2.75091315401489,1.35216418920706,5.5966007984355,0.00522923254851999,0.0349963369333597
"ANKIB1",54467,1.78998180891541,1.1894245628577,2.69376888312284,0.00524184998262033,0.0350466317916281
"ZNF771",51333,0.694003915436182,0.537005833926115,0.896901680042117,0.00524650713002732,0.0350547601450076
"WDR19",57728,0.610815784429939,0.432095784874037,0.863456519525006,0.00525060170151688,0.0350657328019949
"PSMA5",5686,1.90065465261814,1.21056531581549,2.9841331659874,0.00526769383311818,0.0351430693917166
"PRDX2",7001,0.583850075714068,0.400033272269541,0.852131396414542,0.00527989518233098,0.0351798582586044
"TMEM199",147007,0.411217288799344,0.220241823891991,0.767790856519655,0.00528056532966242,0.0351798582586044
"CLIC1",1192,1.54699759882184,1.13851670984441,2.10203464742084,0.00528258699391023,0.035181072922187
"ROM1",6094,0.673874711051703,0.510587162593369,0.889382184793915,0.00530361219999819,0.0352719716791952
"SSRP1",6749,2.44044999189472,1.30326255835334,4.56991273536164,0.0053112744635941,0.0352738703698487
"TXN",7295,1.53024000644953,1.13466268157396,2.06372741023828,0.00530585005586882,0.0352738703698487
"ZBTB38",253461,1.64576883391229,1.15941015351195,2.33614915866708,0.00531079291059381,0.0352738703698487
"ZNF337",26152,0.583424467084606,0.399349913338122,0.852345518113983,0.00533632783448969,0.0353359421662284
"GNAO1-AS1",26077,0.523473493744014,0.331969865390291,0.825449919469041,0.00534490569929097,0.0353608793668935
"TPBG",7162,1.44952946036348,1.11631283498845,1.88221042579286,0.00534322477382484,0.0353608793668935
"DEXI",28955,0.443620196849969,0.250362114633835,0.786056945321106,0.00535727895368233,0.0354007979292521
"EIF1AD",84285,2.54507613794967,1.31871981200772,4.91189446687627,0.00535814869060411,0.0354007979292521
"WASH2P",375260,0.683156563626587,0.522461949278618,0.893276325807995,0.00535593085704421,0.0354007979292521
"MYBBP1A",10514,0.57495742765208,0.389448964349903,0.848830203372396,0.00536011535401456,0.0354015629752198
"DOLK",22845,0.502820465651437,0.309908097004734,0.815817408843196,0.00536310894902739,0.03540910765207
"FLJ11235",54508,0.69289610970825,0.535091635387425,0.897238878535662,0.00539758661790899,0.0355507538617364
"ZNF708",7562,0.617339387900577,0.439508612719513,0.867122756697094,0.00539540222388554,0.0355507538617364
"LCMT2",9836,0.524624816607823,0.333005728357394,0.826505896935814,0.00540862969856559,0.0355868112296058
"UCK2",7371,1.6879744126023,1.16716613487077,2.44117570967355,0.00541704688565006,0.0356299366512478
"TERF2IP",54386,0.547680350094976,0.358226154307624,0.837330726060199,0.00544232904113459,0.0357431022569352
"ST7OT1",93653,0.695866817760306,0.538865266994157,0.89861168963615,0.005445633323295,0.0357442102177981
"STT3B",201595,1.56839360784295,1.14175962553154,2.15444516876962,0.00546297250601404,0.0358334276826236
"INSM2",84684,0.643289957158358,0.471231111165294,0.878172003451712,0.00546874649740882,0.0358590038587379
"KCMF1",56888,2.21543243927754,1.26357013478118,3.884343858644,0.00549398122855832,0.0359997872417386
"JRKL",8690,1.76125125349611,1.18106390977618,2.62645056907162,0.00550010954828496,0.0360183657058498
"FBXO28",23219,2.0943338031281,1.2426672139657,3.52969325144365,0.00550740234433681,0.0360392219226774
"CTU2",348180,0.569172331018379,0.382306776686114,0.84737483652526,0.00550985019958397,0.0360420330942006
"USP19",10869,0.426989434406848,0.234100899674946,0.778809382399791,0.00551658620157706,0.0360737587273725
"KDM6B",23135,0.552190018912058,0.363007189264334,0.839966331256508,0.00552332371927015,0.0361054725832127
"PSMD2",5708,1.96028268598461,1.21851761143138,3.15359267106288,0.00552568055187202,0.0361085384064421
"PLCG1",5335,0.511442395166508,0.318452480939332,0.821388870333487,0.00553785970592491,0.0361540046749432
"TOP3A",7156,0.493959901850276,0.300099287594693,0.813052195463624,0.00553830886692024,0.0361540046749432
"C18orf45",85019,1.52268848765163,1.1312527314978,2.04956873549996,0.00554740303828609,0.0361640006521125
"RNASEH1",246243,2.05186363249556,1.23468533931074,3.40989257125884,0.00554666292141266,0.0361640006521125
"SUCLG2",8801,1.63144483369949,1.15425886723223,2.30590582490994,0.00556127906597199,0.0362218751866333
"TBX20",57057,1.4462862000996,1.11421132164153,1.87733128534077,0.00556196201302568,0.0362218751866333
"CALM2",805,2.40184769339208,1.29231706382603,4.46397598834885,0.0055905062926279,0.0363706169588755
"INPP5B",3633,0.511844613246333,0.318696588929058,0.822051183508607,0.00559546860674366,0.0363905229653812
"SIN3B",23309,0.518817624412169,0.326111887242163,0.825396858964562,0.00560599873721166,0.0364466138159916
"EIF3E",3646,2.01971532093627,1.22786305436522,3.32223529580306,0.00563361803500398,0.0366003182919641
"RTF1",23168,2.74831369293278,1.34339397153955,5.6224966873312,0.00563538126051312,0.0366003182919641
"AARSD1",80755,0.514974202933994,0.321883436071928,0.823895857841662,0.00564203660140989,0.0366311045740553
"EXT2",2132,2.44798204147184,1.29842784618083,4.61528616549254,0.00565464878839704,0.0367005318546557
"GMEB2",26205,0.480075844947236,0.285478780518748,0.807320307600468,0.00565673496235018,0.0367016179188846
"RFNG",5986,0.631269960171682,0.455701615651645,0.874479591311755,0.00566421679533551,0.0367376990994854
"PPP2R5E",5529,1.95233321130085,1.21533600793771,3.13625609959188,0.00566866821423457,0.0367416526376363
"TUBD1",51174,0.581754631522067,0.396256510817669,0.854089313508094,0.00569222572253317,0.0368568725101191
"HNRNPR",10236,2.96907184377528,1.37223027208124,6.42413142520826,0.00571789534726304,0.0370105530650085
"C6orf225",619208,0.688339102913973,0.528155964964742,0.897103795148927,0.00572039286360152,0.037010710739318
"RUNX1",861,1.55277794712073,1.13646271880575,2.12160004298088,0.00572322564081104,0.037010710739318
"ZC3H12B",340554,0.678758835136904,0.515643807834655,0.893472488714802,0.0057237247015686,0.037010710739318
"MMP24",10893,0.66778295180082,0.501464991100736,0.889262617789076,0.00572644976660692,0.0370158177377123
"IARS2",55699,1.93888412850538,1.2121802808454,3.10124799353135,0.00572884945075521,0.0370161696418679
"PARN",5073,2.66458818135659,1.32949125856866,5.34041132686284,0.00573037477438024,0.0370161696418679
"CISH",1154,0.659342526491513,0.490615156042261,0.886096896694249,0.00574793806902402,0.0370920416485231
"GLCCI1",113263,0.691161536463284,0.531756651969105,0.898351281017999,0.00575743104638657,0.0371394843920771
"WDR73",84942,0.474569133464941,0.279594247895323,0.805509641678979,0.00575917345673135,0.0371394843920771
"TMEM2",23670,1.48834155965338,1.12229882951903,1.97377074619315,0.00576123198737928,0.0371402373517369
"SPINT1",6692,1.47101601525816,1.11846683362577,1.934691357929,0.00576531037120616,0.0371540065599933
"EXPH5",23086,1.42682892538557,1.10856598794886,1.83646332690019,0.00577387726575673,0.0371888271688569
"C6orf203",51250,0.566884525795738,0.378821656071716,0.848309647655997,0.00578249725261431,0.037202093828037
"CC2D1A",54862,0.604001548920695,0.422177362023772,0.864134138670507,0.00579624658530576,0.0372404462335047
"ELK4",2005,1.54755045639834,1.13465625466913,2.11069423470202,0.00581926709280638,0.037338182383129
"ITPKC",80271,1.56485698829904,1.13831791728053,2.15122450121715,0.00581856135062074,0.037338182383129
"FAM188A",80013,0.497205904017243,0.302525799935809,0.817165712947652,0.00584258271485067,0.0374752111290908
"VASP",7408,1.47303380298585,1.1183439708707,1.94021574869277,0.00585572326780804,0.0375343227021999
"KBTBD6",89890,0.597085993629622,0.413719087931108,0.861724039786241,0.00586900625152905,0.0375697369286705
"LIPJ",142910,0.577163162345006,0.390370585218809,0.853336108255621,0.00587049656960388,0.0375697369286705
"PPPDE2",27351,1.77898741272253,1.1808317845571,2.68014145284228,0.00587106936162472,0.0375697369286705
"TIMM13",26517,0.607536667924808,0.42620129561125,0.866024591370189,0.00586495385365971,0.0375697369286705
"ZFP36L2",678,1.58245328794464,1.14161972901522,2.1935136060472,0.00586966975737533,0.0375697369286705
"PCYT1A",5130,1.80137802713847,1.18503332209393,2.73828822882675,0.00587783674150672,0.0376004626604679
"ZNF121",7675,1.55828676518775,1.13648302042663,2.13664225414273,0.00588043450166224,0.0376045037490116
"BAT2L2",23215,1.78546909098617,1.18192070307176,2.69721975982124,0.00588638708089879,0.037611144755378
"RIF1",55183,1.48402262943626,1.12053281244846,1.96542496588444,0.0058893385550456,0.037611144755378
"AGBL3",340351,0.689526726975142,0.529121151514292,0.898560010032427,0.00592874717499962,0.0377619537849543
"FBXW5",54461,0.618143983467652,0.438810176262034,0.870768284254845,0.0059325550843712,0.0377736288611079
"IFNW1",3467,0.40739937038794,0.214881447297247,0.772399148833435,0.00593749418150549,0.0377924962428138
"ZNF599",148103,0.626320209160864,0.448766869882866,0.874122023547991,0.00594212731961042,0.0377968304762849
"DCST1",149095,1.42704120292215,1.10754064849729,1.8387104776701,0.00596304701407291,0.0378421544309522
"DHPS",1725,0.522154870939185,0.328591935257998,0.829739503592643,0.00596301302193048,0.0378421544309522
"HMGN5",79366,0.685390562298891,0.523601081065394,0.897171988133692,0.00596310207846971,0.0378421544309522
"LRCH4",4034,0.648094909427904,0.475753426220612,0.882867024128571,0.00596282524876157,0.0378421544309522
"SNTA1",6640,0.683438730063193,0.521077628414924,0.896389467287697,0.00595325003556083,0.0378421544309522
"YOD1",55432,1.55007014643807,1.13413929320492,2.11853823712324,0.00596647757092721,0.0378510170809701
"C19orf6",91304,0.675603694733082,0.510672371020062,0.893802716260638,0.00602932411893591,0.0381737445954608
"ELMO2",63916,0.48188438972439,0.286171301156166,0.811446025935801,0.00603635778426239,0.0382056304896051
"KLHL26",55295,0.477334595709237,0.281536468988805,0.809303025925075,0.00604311128868729,0.0382357226658028
"LINC00938",400027,0.618594196337802,0.439018598251279,0.871623164182651,0.0060456915763642,0.0382393990678301
"C12orf57",113246,0.622456233608278,0.443688948576847,0.873250875417504,0.00605844613823559,0.0382630675148614
"C19orf39",126074,0.610449283620517,0.429108897715624,0.868423679528922,0.00606208273279661,0.0382630675148614
"CDRT4",284040,0.650626206436114,0.478625343657049,0.884438039296071,0.00607096386721355,0.0382630675148614
"DDX47",51202,1.81603071501005,1.18589872040611,2.78098584736691,0.00606708641407322,0.0382630675148614
"DHRS13",147015,0.676316014886027,0.511512864011322,0.894216713152286,0.0060585524490275,0.0382630675148614
"TTC7A",57217,1.58502383493407,1.14068216456926,2.20245449200813,0.00606637964589858,0.0382630675148614
"PLOD1",5351,1.50257988070173,1.1233231324862,2.0098814246731,0.0060786514660302,0.0382959046741632
"IP6K2",51447,0.513744903666569,0.319186345990967,0.826895728336831,0.00609367741842801,0.0383670535906895
"DHX15",1665,2.40005093066701,1.28363966307776,4.48743104118824,0.00610629455225437,0.038409093195657
"SMURF2",64750,1.72038258750334,1.16735163264746,2.53541106604897,0.00610665825314963,0.038409093195657
"CCDC56",28958,0.582256564243273,0.395541110348784,0.857111176902533,0.00611515241390454,0.0384372396387618
"PRR13",54458,1.76653418643079,1.17586843787192,2.65390491939424,0.00614192707359547,0.0385422044411616
"WFS1",7466,0.69997253326099,0.542331433205871,0.903435643446868,0.00614405097064354,0.038542887148409
"PCIF1",63935,0.345756289751778,0.161720612512046,0.739221859514111,0.00615632919895765,0.0385945947520364
"C11orf57",55216,3.50359619079206,1.42836563557708,8.59386837822743,0.00616701393774409,0.0386021629792881
"TBC1D14",57533,0.565226228064521,0.375768399772756,0.85020637468518,0.00616210462768466,0.0386021629792881
"XRCC5",7520,2.31144999891871,1.26903035091044,4.21014445688257,0.00616762744103646,0.0386021629792881
"C10orf88",80007,0.462288566904223,0.266090807536561,0.803149575398224,0.00618472059539682,0.0386838295710121
"VPS24",51652,2.62452606503471,1.31530342204499,5.2369186840076,0.00619041185771735,0.0387067694026021
"COQ4",51117,0.591329213661402,0.405907426009192,0.861453170165686,0.00620321906750257,0.0387488475193082
"RAD17",5884,0.53725088296621,0.344312411129992,0.838304115441831,0.00620142487782103,0.0387488475193082
"CKAP5",9793,2.16005332868178,1.24397475997949,3.75074361060684,0.00623110179194286,0.0388849213619873
"DZIP3",9666,0.696019964117371,0.536844124687588,0.902391901432962,0.00623461633538876,0.0388936958131479
"RXRB",6257,0.392465391657589,0.200778973925089,0.767157440033601,0.00623657474036309,0.0388936958131479
"FNDC7",163479,0.48789807942557,0.291714958759207,0.816017584150188,0.00624263987629086,0.0388940169767837
"FAM228B",375190,0.698773929572274,0.540464134484143,0.903454963049364,0.00624635016848288,0.0388940169767837
"OR2L13",284521,0.678197076226415,0.513442889923244,0.895817788558368,0.00624211674060792,0.0388940169767837
"PPEF2",5470,0.54445283788115,0.352109421598479,0.841865836282178,0.00625603204654761,0.0389388626600443
"OPN3",23596,1.46065418940551,1.11311459559452,1.9167035177437,0.00627725860531065,0.0390328755994073
"NXF2B",728343,0.536931607458003,0.343690908779527,0.838822161782502,0.00629298807087454,0.0390411916245803
"PNP",4860,1.53055218020446,1.12785514106237,2.07703089788822,0.00628839388233778,0.0390411916245803
"PTER",9317,1.6313357039145,1.14832738619428,2.31750649759038,0.00629405668515113,0.0390411916245803
"ZDHHC1",29800,0.597478893538807,0.412928972088058,0.864509521865737,0.00628821947844004,0.0390411916245803
"ZNF10",7556,0.69282541467496,0.532433851650456,0.901533690488665,0.00630428877413751,0.0390486176758187
"EIF3M",10480,2.03456361155443,1.22209059094301,3.3871867766098,0.00631105202429069,0.0390494903334395
"IDE",3416,1.54469482670274,1.13062009838322,2.11041897367143,0.0063137672782814,0.0390494903334395
"RPL26L1-AS1",100268168,0.704526493132257,0.547948068939262,0.905847848841047,0.00631328979854684,0.0390494903334395
"GPX8",493869,1.41792464999729,1.10350658727733,1.8219286919079,0.00633393201466321,0.0391182168693779
"ARL6IP4",51329,0.554477275291591,0.362982867018935,0.846996034109643,0.00636848657556002,0.0392808909160711
"C17orf69",147081,0.70654899549409,0.55031489643539,0.907137870094558,0.0064429587152038,0.0396507308062108
"TRAF3IP1",26146,2.20057877109194,1.24751790654534,3.88174542615636,0.006455919560717,0.0397058495693538
"SNHG8",100093630,0.680871201428893,0.516305907722158,0.897889383021926,0.00646973170075063,0.0397643182005968
"FASN",2194,0.632990750978622,0.455426404456975,0.879784937595405,0.00647992836487828,0.0397981771491095
"RETSAT",54884,1.55457042476706,1.13151916719391,2.1357916645404,0.00648117393780592,0.0397981771491095
"SMEK2",57223,2.03476696115564,1.22011436544406,3.39335123286061,0.00648148281588729,0.0397981771491095
"PSMD11",5717,1.82135934341673,1.1826392565332,2.80503952454271,0.00650211444991208,0.0399120484863506
"AGFG1",3267,1.89270654263543,1.19519615733693,2.99728043346202,0.00652410702727261,0.0399700817138511
"DDX5",1655,0.513630003606917,0.317813381702797,0.830096515105047,0.00652306983800991,0.0399700817138511
"CCDC122",160857,0.62734325951705,0.448295764706204,0.877901591417892,0.00653847832340288,0.0400324823597077
"TEAD3",7005,1.4911975881554,1.11806771254004,1.98885114200169,0.00653762914764584,0.0400324823597077
"CNOT2",4848,2.19984140305804,1.24624411883028,3.88310935673705,0.006543349451388,0.0400494863861434
"C12orf61",283416,0.681612138040297,0.516970320677022,0.898688160889842,0.00658334475919408,0.0402427725180905
"NRIP1",8204,1.76779972511022,1.17202915545285,2.66641478461539,0.00658878319201554,0.0402598343031582
"TAX1BP1",8887,2.02136819697329,1.2165206900945,3.35870110636397,0.00659804014398444,0.0402939699342243
"RAPGEF4-AS1",91149,0.62010368212798,0.439243309315128,0.875434112333412,0.00660537829675682,0.0403259082930315
"MDP1",145553,0.552205313352416,0.359710295524268,0.847711927872988,0.0066187095109205,0.0403944023022899
"JMJD1C",221037,1.80894751336365,1.17913372543577,2.7751653909273,0.00663535130199678,0.0404830508303963
"RALBP1",10928,1.94528126089404,1.20293625342201,3.14573542298752,0.00665961283214497,0.0405663740893111
"INSL5",10022,0.525510293080928,0.330128927495182,0.836524900224121,0.00667744209892624,0.0406289961461411
"ZNF444",55311,0.645543642266029,0.470470192561273,0.885766198707302,0.00669846875660875,0.0406998106421131
"ARF4",378,1.74224598700302,1.16625356242701,2.60271108875443,0.00670877292310654,0.0407360951429393
"VAMP1",6843,0.675035488100946,0.508085647860895,0.896842711684778,0.00670735926519566,0.0407360951429393
"FAM114A1",92689,1.45982816004858,1.11047207003324,1.91909217204087,0.00671237420105689,0.0407450274019724
"C19orf44",84167,0.522916830341564,0.32718518921113,0.835740799006701,0.00672829317206333,0.0408157511899953
"AP1B1",162,0.474083612679878,0.27628638136845,0.8134866101557,0.00674304804437705,0.0408793280332171
"BTBD2",55643,0.564368910318599,0.373077724119803,0.853742387556545,0.00675459049213319,0.0409258137209755
"TCF25",22980,0.347313955928583,0.161579265674367,0.746549895986427,0.00675671635171934,0.0409258137209755
"FOXK2",3607,0.439866439795587,0.242777001692706,0.796955574496072,0.00676050805162172,0.0409332818940705
"SCAF1",58506,0.601683273353407,0.416571813080337,0.869052466023316,0.00676610153131871,0.0409379468358245
"HINT2",84681,0.641584740422205,0.465308664144547,0.884640693074987,0.0067727647840946,0.0409531618624179
"ZNF142",7701,0.416320648640587,0.220777418965084,0.785057109993346,0.00677449700071575,0.0409531618624179
"C1orf122",127687,0.643035093065749,0.46703555173206,0.885359003999978,0.00680532259952799,0.041100538478425
"RNF220",55182,0.421503860706791,0.225422112394567,0.788145859798144,0.00681964390980093,0.0411740306384982
"TCF12",6938,1.70253810585857,1.15762255227452,2.5039560573567,0.00685832572171514,0.0413814498672698
"ARMC6",93436,0.543998896207982,0.349843466298052,0.845906319780683,0.00687299993177794,0.0414271276007992
"FUT4",2526,1.44492201292165,1.10647671233221,1.88688980089326,0.00687063559475171,0.0414271276007992
"C2CD2L",9854,0.51495630828424,0.318232574310674,0.833289929593606,0.00687928764567592,0.041442562141368
"OR2A9P",441295,0.62799816632734,0.448109523494008,0.880101127589122,0.00689933564070465,0.0415241009439137
"SFRS17A",8227,0.592000212939147,0.404610197686926,0.866177506458136,0.00693756178534894,0.0416885781553155
"MMAB",326625,0.595113356438166,0.408196192315835,0.867621780109782,0.00697178831315522,0.0418679419358618
"LRRD1",401387,0.689444050530478,0.526234361735341,0.903272635493406,0.00697445826667712,0.0418708296505754
"ARL8B",55207,2.60895865520458,1.29953855789981,5.23775552729051,0.00700102744579674,0.0419472131958278
"CENPB",1059,0.528028196223113,0.331965258663156,0.839888418232179,0.00700061938630984,0.0419472131958278
"ENOSF1",55556,0.642872253412061,0.46632490460965,0.886259194226507,0.00699527643893223,0.0419472131958278
"KIAA1429",25962,2.03111741778522,1.2135843606952,3.3993829340939,0.00700378410983179,0.0419472131958278
"ACVR1",90,1.84049239362581,1.1812203520561,2.86772255921442,0.00701741907416119,0.0419756286566036
"CLCN5",1184,0.675610820165835,0.507983066511781,0.898553535375705,0.00703546947153596,0.0420523201818964
"RBM23",55147,0.493868533209327,0.295640603385733,0.825008896954859,0.00704480915840258,0.0420949905569404
"RRAS2",22800,1.55558048470067,1.12800644318615,2.1452276793265,0.00704918850774563,0.0421080039311839
"LONP2",83752,1.95425307557595,1.20034179275456,3.18168133980732,0.00705430626528866,0.0421254186500706
"MIR4435-2HG",541471,1.44764134508674,1.10602884365572,1.89476565283579,0.00706438838262494,0.0421724583628175
"DLG1",1739,2.1985883198894,1.23927183430096,3.90050872339944,0.00707323063760161,0.0421725942660243
"MAP2K2",5605,0.569557823402326,0.378142528970813,0.857867310195712,0.00706929142345439,0.0421725942660243
"DLG5-AS1",100128292,0.650149618762362,0.475253453927492,0.889408637188641,0.0070808979594387,0.0422051527797395
"ILKAP",80895,0.522276301720127,0.325494880465626,0.838024041878159,0.00709353592815341,0.0422541456548708
"MAPK6",5597,1.63496758182301,1.14305720652977,2.33856973941623,0.0070994015252448,0.0422759193565869
"GOLT1B",51026,1.91603956602135,1.193300936298,3.07651448757641,0.00711485763561969,0.0423415936516795
"MYPOP",339344,0.549094020181283,0.3548282491776,0.849718825086933,0.00712464149541439,0.0423471155633285
"NDUFA11",126328,0.585138509477664,0.396048748005765,0.8645074047015,0.0071221700523489,0.0423471155633285
"RNF168",165918,1.54211382184396,1.12486935795386,2.11412554062987,0.00712446946781771,0.0423471155633285
"ANAPC5",51433,0.436962988944267,0.239071131998494,0.798660432612629,0.00713234414997549,0.0423725281682748
"RSC1A1",6248,1.55085804997139,1.12650211535218,2.13506983997905,0.00713985983137619,0.042384884852493
"C20orf201",198437,0.691403074851831,0.528381343356085,0.904721973865017,0.00715027124610335,0.0424072056199128
"ECSIT",51295,0.575467661693412,0.384713061754658,0.860805266513344,0.00715593299496251,0.042427628764615
"ATP5D",513,0.70416437886321,0.545294460938525,0.909320574440442,0.00717460420105409,0.0425042884274137
"CHRNA4",1137,0.643479728006591,0.466614264851424,0.88738427336181,0.00717547749358208,0.0425042884274137
"C21orf67",84536,0.70305239067349,0.543784540892917,0.908967848221792,0.00718368343803617,0.0425394158264142
"SLMO2",51012,1.65353771910639,1.1458442534417,2.38617681268204,0.00719946542314183,0.0426196766166616
"ZNF133",7692,0.58880602251671,0.400135440590289,0.866437953210294,0.0072018559434475,0.0426206369524506
"THTPA",79178,0.548446576469343,0.353887222249964,0.849970353064856,0.00720591721575268,0.0426314811585838
"LGALS9",3965,1.4162693457006,1.0987155200659,1.82560346417141,0.00721552882430648,0.0426708000299402
"SUV420H2",84787,0.699820685315575,0.539388925817174,0.907970053062531,0.0072170250481966,0.0426708000299402
"DEK",7913,1.86084419268619,1.18239666552018,2.9285782093529,0.00727287054472501,0.0429478835779423
"UBXN11",91544,0.698614117249839,0.537635375750099,0.907793100742,0.00727749304507444,0.0429619165040552
"DSCC1",79075,1.43938801524645,1.10319064240307,1.87804154495188,0.00728457760194361,0.0429849472813341
"LINC01634",100192420,0.628096277103944,0.447185758426351,0.882194761076691,0.00729410412693448,0.0429866626331273
"GTF3C5",9328,0.455090133044437,0.256065222816123,0.808805767986399,0.00729247930218321,0.0429866626331273
"ZBTB44",29068,1.87981819178708,1.18543852136174,2.98093605910022,0.00729412164531806,0.0429866626331273
"LZTR1",8216,0.485159545749556,0.285937949032518,0.823184840026771,0.00733423181453448,0.0430895456932218
"PEBP1",5037,0.660683908805228,0.487986441801791,0.894498678574871,0.00733628327226803,0.0430895456932218
"ZNF696",79943,0.545749838930753,0.350534067302455,0.849683139173893,0.00733741048375717,0.0430895456932218
"HIRIP3",8479,0.502493178129945,0.303823383541681,0.831072944826488,0.00734511740352363,0.0431083340218461
"KNTC1",9735,1.51111433390679,1.11735459784117,2.0436364020432,0.00735359735887778,0.0431253787151056
"OGFOD1",55239,2.50573586337093,1.27999907744543,4.90524745495447,0.00735663105099765,0.0431253787151056
"LOC100133893",100133893,0.70655037064764,0.548029696950939,0.910924041233131,0.00736911187059189,0.043182905253925
"SLC35F5",80255,1.74909457645736,1.1619339578906,2.63296533905123,0.00738056706683788,0.0432237520890009
"CUL7",9820,0.481486308334671,0.282057980978804,0.821919891467887,0.0073901081900822,0.0432418638888109
"NANOS1",340719,0.603398167206171,0.416942628777981,0.873236083474786,0.00739047697247466,0.0432418638888109
"KIAA0391",9692,2.29058532730597,1.24899141091042,4.20081442981652,0.00739527437613491,0.0432527254318518
"COPE",11316,0.567494910657285,0.374865665246844,0.859109018186165,0.00741190484427333,0.0433142389112179
"BLOC1S1",2647,0.584092569022094,0.394035774059629,0.865820191075345,0.00742004041888516,0.0433220735934116
"CABC1",56997,0.652590660033303,0.477483798346855,0.891914178108588,0.00741605975427224,0.0433220735934116
"SURF2",6835,0.633184831176681,0.453154211289652,0.884738617547518,0.00741831988639025,0.0433220735934116
"C6orf162",57150,0.604737577945323,0.418444587524388,0.873968857723272,0.00742971654181929,0.0433521013713781
"WEE1",7465,1.58603551443478,1.13138225520723,2.22339411942398,0.00744651366973724,0.0433967946745343
"ZDHHC9",51114,1.67312475552855,1.14766829996402,2.43915985799226,0.00744872049545125,0.0433967946745343
"CACNG2",10369,0.680835223852916,0.513742353481326,0.902274455079942,0.0074568815508739,0.0434017646524807
"CDCA4",55038,1.56235819706062,1.12667379237752,2.16652162536911,0.00747291734313686,0.0434186483103011
"PTENP1",11191,1.95214641558473,1.19574826643658,3.18702166237463,0.00747716298422803,0.0434186483103011
"C14orf143",90141,1.79592178976352,1.16923694699174,2.75849568664904,0.00749512643969613,0.0434553753901388
"KIAA1967",57805,0.447158556201308,0.247857617920282,0.806716275504383,0.00750873227636431,0.0435078831414784
"AKAP13",11214,1.68950193751553,1.15012482046226,2.48183218558963,0.00752149448948349,0.0435593743244466
"MCL1",4170,1.68890086150624,1.15001066654962,2.48031275097172,0.00752217354491802,0.0435593743244466
"LEKR1",389170,0.676942224232954,0.508468491097577,0.901237309632071,0.00753710092813909,0.0436062097557521
"XRN2",22803,2.27344826415806,1.24470280452845,4.15245068220231,0.00753638579571039,0.0436062097557521
"KCNA4",3739,0.628539352728962,0.44709389013189,0.883621374947446,0.00754277847512224,0.0436258614737415
"PPTC7",160760,1.42075269890829,1.09801420585987,1.83835347546751,0.00755899820342257,0.0436932483036759
"FAM237A",200726,0.517934263611047,0.319589291508366,0.839377002139933,0.0075679756396375,0.0437319244892285
"UBE2J2",118424,0.571470041230662,0.378995113383427,0.861694508693512,0.00757711989977398,0.0437583249767442
"ARHGEF12",23365,1.82914282098266,1.17422543455247,2.84933655931885,0.00758146318389639,0.0437701920671254
"NOTCH4",4855,0.650325901105493,0.474131555360408,0.891996689246275,0.00761043726580625,0.0438844840467519
"C9orf131",138724,0.696808089163042,0.534387685341173,0.908594128274238,0.00763288503511108,0.0440006606590023
"C16orf73",254528,0.591408827294772,0.402021448280019,0.870014280329035,0.00765322121467218,0.0440913139075406
"WASL",8976,2.00863359293889,1.20310939188225,3.35348467720837,0.00765193681530671,0.0440913139075406
"PRPSAP1",5635,0.459763531624338,0.259701543697183,0.813943968150455,0.00766748186688743,0.04416017033061
"KCNC4",3749,0.674405980653162,0.504842270285909,0.900921839376032,0.00767297284020141,0.0441784923282759
"INTS8",55656,2.05198352680385,1.20944688722086,3.48145622496066,0.00769883192549332,0.0442873859365145
"AGPAT6",137964,0.480288483947834,0.280033424662676,0.823748193954986,0.00771298454544292,0.0443554586291902
"IL28B",282617,1.51969764974854,1.11683883713009,2.0678730626756,0.0077418392192027,0.0444679155392462
"MTA1",9112,0.615137273233326,0.430172911828066,0.879632014282132,0.00774976438687072,0.0444733703653394
"PSMA4",5685,2.06699815308078,1.21116180278193,3.52758925770766,0.00775744869455273,0.0445041155311068
"SPRYD3",84926,0.504588936857478,0.304957329332785,0.834903675724141,0.00776192727955079,0.0445164566944431
"CENPL",91687,1.7151032629363,1.15282556278339,2.55162558629648,0.00777655515176206,0.044584093242797
"MNT",4335,0.45865530343111,0.258341947075258,0.814287767616005,0.00778071329766593,0.044584093242797
"PTGES2",80142,0.602211481490644,0.414526179286754,0.874875186563989,0.00777983699135386,0.044584093242797
"KTI12",112970,0.419066337595416,0.220850074790769,0.795184676627403,0.00778580111243309,0.044586532298655
"KRR1",11103,2.07698508974607,1.21232821059309,3.55833265722411,0.00779276125194775,0.0446130333630663
"QTRTD1",79691,2.21443083613572,1.23264384973484,3.97820013386963,0.00782025605086861,0.0447418132812842
"TAB2",23118,2.04791960881987,1.20755485333002,3.47311321934849,0.0078199304381487,0.0447418132812842
"COPB1",1315,1.98914733167754,1.19820443665493,3.30219700918979,0.00783362294266519,0.0447799480048885
"PPP1R14B",26472,1.42575037816488,1.09771130144223,1.85182036311967,0.00784221392619485,0.0448156635095097
"BLVRB",645,1.49811186255623,1.11200242208716,2.01828620887283,0.00785827682972248,0.0448270983960936
"EFR3A",23167,1.68551520481776,1.14700234324237,2.4768576301605,0.00785300941507349,0.0448270983960936
"KDSR",2531,2.10375446017376,1.2157450338745,3.64038733894417,0.00785577224795114,0.0448270983960936
"TTC13",79573,0.525117654289316,0.32658260029718,0.844345505839535,0.00785625223811928,0.0448270983960936
"CPLX3",594855,0.688020312398154,0.52213774538644,0.906603582014753,0.00789485861165041,0.0449955186725379
"CNOT3",4849,0.480335180870942,0.279609823908317,0.825156579827372,0.00790508271854995,0.0450224496817413
"GNL3",26354,2.00627642866759,1.20020662349399,3.35371012743569,0.00790430191042115,0.0450224496817413
"UMPS",7372,2.15260311759719,1.22226912596758,3.79106375465469,0.00793026529625188,0.0451166520884621
"ULK1",8408,0.66027365764692,0.48596357422221,0.897106956380842,0.0079484751360268,0.0451530988793539
"CDK5RAP1",51654,0.484446274707078,0.283659798363896,0.827357963416771,0.00795532539748894,0.0451651851818851
"CAPZA2",830,2.27999572269744,1.24028656681169,4.19127372223477,0.00797326885805142,0.045253624168531
"CNTROB",116840,0.423887269375356,0.224844854555525,0.799130660533414,0.007975749054374,0.0452542723711099
"SH3KBP1",30011,1.69951004188236,1.14846201869738,2.51495855799831,0.00799650382947111,0.0453451315583439
"RSRC1",51319,1.8741679043365,1.17800199914701,2.98174819413589,0.00801506571057356,0.0454199407140198
"TJAP1",93643,0.495482553881588,0.294807735797046,0.832756170855815,0.00802951877587088,0.0454649513398704
"LRRC59",55379,1.51993826093472,1.11523342633265,2.07150562609138,0.00803981608453262,0.0455097846252902
"FLJ43663",378805,0.687170814174469,0.520655370930167,0.906941048182402,0.00805228657021346,0.0455145086993268
"GFM1",85476,2.16851980106899,1.22329172613588,3.84411831385669,0.00805015893036948,0.0455145086993268
"SLC39A1",27173,1.73018495241441,1.1534810132171,2.59522257866401,0.00804440593007373,0.0455145086993268
"WDR18",57418,0.678143154948993,0.508808506051843,0.90383343268502,0.00805463727397066,0.0455145086993268
"MED27",9442,0.517787560823799,0.318140977473818,0.842720608557642,0.00808385002806782,0.0456240187332113
"C14orf4",64207,0.644222013031664,0.46523918573592,0.892061577784089,0.00810304281466533,0.0456967874867002
"RECQL",5965,1.53927305310957,1.11848353575586,2.11836961053526,0.00811575411397102,0.0457500822098213
"ABHD15",116236,0.6688351618157,0.496533738580968,0.900926641882338,0.00813486662174724,0.045754495818568
"C12orf52",84934,0.516748402931921,0.316914036227376,0.842590991271546,0.00813171466414861,0.045754495818568
"FAM49B",51571,1.62624929169683,1.13448594819894,2.33117630319089,0.00812706189563902,0.045754495818568
"C18orf19",125228,1.83808199286134,1.17070955840966,2.88589547100875,0.00817543080694751,0.0458836458463864
"TBCB",1155,0.571681548814635,0.377736389110064,0.865206007885758,0.00817436302319714,0.0458836458463864
"ARHGEF9",23229,0.573946948210041,0.380299516331755,0.866199101531999,0.00819349338667686,0.0459445757862704
"FOXN2",3344,1.62409895975201,1.13362809389123,2.32677493199162,0.00820043993307266,0.045970051172298
"B3GALTL",145173,2.0190590234959,1.19896412877442,3.40010117277431,0.00823285054123321,0.0460937099460862
"FAS",355,1.45763077048379,1.10219781862123,1.92768251503076,0.00823454838112494,0.0460937099460862
"PAFAH1B2",5049,1.52006122159843,1.11423254130689,2.07370188156345,0.00822840075982043,0.0460937099460862
"C6orf64",55776,0.559918092462977,0.364136633720533,0.860963279261787,0.00824409150714088,0.0461336273426225
"MYCNOS",10408,0.579734875229675,0.386786529969958,0.868935445046837,0.00828219294640086,0.0462699149952044
"NCAPD3",23310,1.72973411969847,1.15174105748965,2.59778889134195,0.00827091870727538,0.0462699149952044
"RIT1",6016,1.70662591358728,1.14763651537147,2.53788718807439,0.00828761135199127,0.0462823773224926
"CSNK1G2",1455,0.586779562638256,0.394950510392438,0.871780757512691,0.00830777348639427,0.046367897132846
"FAM54B",56181,0.505138963066154,0.304053299659461,0.839212639012087,0.00837010425644561,0.0466069822745372
"KCTD5",54442,1.81196118139682,1.16471837694462,2.81888170383446,0.0083837681310551,0.0466423307279496
"APOBEC3C",27350,1.4197570596264,1.09396602555486,1.84257103170698,0.00840822380887723,0.0467511909280217
"PTGR1",22949,1.48477234131975,1.10645714336143,1.99243948920669,0.00843489242345875,0.0468450021438721
"STK24",8428,1.85632603824447,1.17129563523849,2.9419953909098,0.00846530770200507,0.0469593794710705
"HDHD2",84064,0.647324342377416,0.468278146085412,0.894828869844215,0.00847285348864199,0.04697952461814
"SFRS5",6430,0.585198402708161,0.392698946140392,0.872060324831512,0.00847385161983495,0.04697952461814
"LYRM7",90624,0.62108994620245,0.435662406098902,0.885439541887372,0.00847701814763558,0.0469834616371561
"FAM184B",27146,0.678853936532904,0.508707622418514,0.905908712268291,0.00850806473843936,0.0470997889621885
"L3MBTL3",84456,1.62709294177792,1.13221277722089,2.33828083770781,0.0085103189550543,0.0470997889621885
"CD59",966,1.62017668722494,1.13075410709232,2.321435298234,0.00854750302442659,0.047278221616023
"SLC25A6",293,0.584391241864218,0.39155984028797,0.872186287839017,0.00855572696668652,0.0473100288209925
"JMJD4",65094,0.547359117945752,0.349261775903932,0.857815039229373,0.00856326713226204,0.0473380376990682
"KLHL24",54800,1.74856992297057,1.15277251920818,2.6522984583441,0.00856916386354886,0.047356948054926
"CLINT1",9685,1.56068260808461,1.11985472548854,2.17504123324136,0.00857908230776597,0.0473843798153739
"NUFIP2",57532,2.209226552982,1.22334541693106,3.98961887203095,0.00857763060723393,0.0473843798153739
"DUS3L",56931,0.618212090374284,0.43181008654006,0.885079345291035,0.00862080679397386,0.0475873510962014
"HECTD1",25831,1.8815287145765,1.17397864351243,3.01551508056747,0.00862789595807885,0.047612742639981
"PTPN9",5780,2.28242337034179,1.2329141400444,4.22531973012715,0.00863143398290701,0.0476185283504651
"CASC2",255082,0.680507111544874,0.510589401856045,0.906971290786232,0.00863543410170856,0.047626859303166
"BANP",54971,0.499060258510873,0.296989254478591,0.838620043887457,0.00867595396344525,0.0478089805412899
"FEZF2",55079,0.155714258811901,0.0388145807444588,0.62468613423839,0.00869629165259271,0.0478934553524736
"EPHB4",2050,1.41521976281861,1.09177008188618,1.83449520215115,0.00871219564421515,0.0479404906798712
"ENAH",55740,1.59459985348632,1.12503251478048,2.26015573712972,0.00874288291105201,0.0480630505101473
"ATF7IP",55729,1.56261578024825,1.11923118972282,2.18164763375255,0.00875383561157098,0.0480719534144468
"C20orf111",51526,1.81881146975021,1.16280163364907,2.84491788346875,0.0087723569300805,0.0480908200062051
"PRKAA1",5562,1.65730202795676,1.13588571318167,2.41806898352131,0.00876727577505897,0.0480908200062051
"ZBTB4",57659,0.567122708016976,0.370978669146346,0.866972127234708,0.00881474986562114,0.0482817069529598
"GPR137",56834,0.547556132972676,0.348861607087591,0.859417352511119,0.00882745136992051,0.0483236011312162
"TNPO2",30000,0.434194200959774,0.232537386583781,0.810728145339213,0.00883058051019082,0.048326899404412
"PHLPP2",23035,0.618820840263403,0.432023793421172,0.88638458847794,0.00885011189473248,0.0484199342707518
"C1orf183",55924,0.695243121814918,0.529551000620143,0.9127789351071,0.0088703421588586,0.0485031375707421
"LLPH",84298,1.97542350305992,1.18631122090751,3.28943867989069,0.00888021115148457,0.0485429547569149
"TMOD4",29765,0.653293166270488,0.474906038538046,0.898687164327408,0.00888456144303261,0.0485528590631099
"DTNBP1",84062,0.551322085715635,0.352854058686567,0.861421414080533,0.00891974597737121,0.0486894923827566
"TRIB2",28951,1.44430937635991,1.09634160613157,1.90271860793617,0.00894999093473335,0.0488267189414275
"MRPS7",51081,0.506473253550347,0.304088316410882,0.843554792204751,0.00895964818324144,0.0488654664387964
"ZNF815",401303,0.629200706206581,0.444520612630463,0.890607808596658,0.00896273274747756,0.048868354977481
"CD47",961,1.83011209395349,1.16290389287529,2.88012646354948,0.0089939997329332,0.0489969333215077
"WBP2",23558,0.506410468108571,0.303859800902144,0.843979892860294,0.00903165945314369,0.049150793563469
"CSNK2A1",1457,2.11801749855891,1.20566148931622,3.72077748518443,0.00903992013604023,0.049171504767988
"BAT4",7918,0.449040480080231,0.246012079066219,0.819623790490426,0.00911119395241595,0.0495186217631133
"CDK10",8558,0.700025981649006,0.53543154370235,0.915217604841132,0.00911350213458155,0.0495186217631133
"TRIP12",9320,1.93362663618356,1.17796389118772,3.17404633208972,0.0091156515516245,0.0495186217631133
"TRIM37",4591,0.574518736526052,0.378754018744004,0.871467396475557,0.0091300427203774,0.0495545763656806
"LRRC8B",23507,1.69541143760864,1.13988424177171,2.52167705933588,0.00915147700729785,0.0496568228988897
"DCBLD1",285761,1.60451022564573,1.12438769910068,2.28964890514263,0.0091556810145293,0.0496655447433074
"C9orf150",286343,1.55138293574197,1.11486383080056,2.15881881429692,0.00918887872915178,0.0498124342547319
"HMBOX1",79618,1.49617422479731,1.10489805426733,2.02601253781032,0.00919057251450561,0.0498124342547319
"TOB2",10766,2.03079499849728,1.19161874166534,3.46094617491324,0.00920109830286402,0.0498412368277769
